{
  "_comment": "Automatisch von training/fit.ts erzeugt. Von Engine/Mockup gelesen. 'validityTest' (zurueckgehaltene Szenarien) treibt den Prozentbalken.",
  "params": {
    "responseRate": [
      0.8,
      0.6252119759050286,
      0.754660559217693,
      0.7458133463198826,
      0.8,
      0.5571880221210697,
      0.8,
      0.8
    ],
    "mutationRate": 0.027446998612103653,
    "selectionStrength": 0.3164032180897022,
    "varianceWeight": 1
  },
  "validityTrain": 86.02961488262237,
  "validityTest": 85.76502916903983,
  "trainMAE": 0.0349259627934441,
  "testMAE": 0.03558742707740039,
  "targetLow": 80,
  "targetHigh": 90,
  "generatedAt": "2026-07-23T07:12:38.545Z"
}