{
  "_comment": "Automatisch von training/fit.ts erzeugt. Von Engine/Mockup gelesen. 'validityTest' (zurueckgehaltene Szenarien) treibt den Prozentbalken.",
  "params": {
    "responseRate": [
      0.2314657889614094,
      0.490810409881901,
      0.32854859941623105,
      0.4036120848956354,
      0.6899445942280852,
      0.5231419964039763,
      0.2431579372870911,
      0.7253940655572482
    ],
    "mutationRate": 0.07034151269102573,
    "selectionStrength": 0.9074080341045956,
    "varianceWeight": 1
  },
  "validityTrain": 81.03702033769454,
  "validityTest": 79.95924579426243,
  "trainMAE": 0.04740744915576364,
  "testMAE": 0.05010188551434394,
  "targetLow": 80,
  "targetHigh": 90,
  "generatedAt": "2026-07-22T17:45:11.137Z"
}