{
  "_comment": "Automatisch von training/fit.ts erzeugt. Von Engine/Mockup gelesen. 'validityTest' (zurueckgehaltene Szenarien) treibt den Prozentbalken.",
  "params": {
    "responseRate": [
      0.14551431542733706,
      0.17515442994883654,
      0.10711896483336117,
      0.18169583380202192,
      0.26248934407419255
    ],
    "mutationRate": 0.07350962440309466,
    "selectionStrength": 0.7689724371539295
  },
  "validityTrain": 75.1283746271453,
  "validityTest": 73.85964497654187,
  "trainMAE": 0.062179063432136764,
  "testMAE": 0.06535088755864531,
  "targetLow": 80,
  "targetHigh": 90,
  "generatedAt": "2026-07-22T13:52:34.166Z"
}