{
  "_comment": "Automatisch von training/fit.ts erzeugt. Von Engine/Mockup gelesen. 'validityTest' (zurueckgehaltene Szenarien) treibt den Prozentbalken.",
  "params": {
    "responseRate": [
      0.6361890558624063,
      0.5186367456384435,
      0.36104431375137525,
      0.4176435965222008,
      0.660377319219553,
      0.37409923121551003,
      0.3183038468588957,
      0.6398594039212444
    ],
    "mutationRate": 0.044592079431384365,
    "selectionStrength": 0.47627155272260796,
    "varianceWeight": 1
  },
  "validityTrain": 85.16348304597973,
  "validityTest": 84.47690014769066,
  "trainMAE": 0.03709129238505064,
  "testMAE": 0.038807749630773346,
  "targetLow": 80,
  "targetHigh": 90,
  "generatedAt": "2026-07-22T18:30:46.916Z"
}