{
  "_comment": "Automatisch von training/fit.ts erzeugt. Von Engine/Mockup gelesen. 'validityTest' (zurueckgehaltene Szenarien) treibt den Prozentbalken.",
  "params": {
    "responseRate": [
      0.5773746680464564,
      0.3749606254044794,
      0.4491816562385927,
      0.3994669753286272,
      0.3964781717596898,
      0.31887849445725047,
      0.47344527689320437,
      0.46162997440422615
    ],
    "mutationRate": 0.035941784657003116,
    "selectionStrength": 0.6799893932097313,
    "varianceWeight": 1
  },
  "validityTrain": 86.38990447984271,
  "validityTest": 85.96109844407387,
  "trainMAE": 0.0340252388003932,
  "testMAE": 0.035097253889815314,
  "targetLow": 80,
  "targetHigh": 90,
  "generatedAt": "2026-07-23T09:48:33.833Z"
}