{
 "name": "Dunkle Tiefe",
 "split": "train",
 "env": {
  "temperature": 0.3,
  "predation": 0.3,
  "foodAbundance": 0.6,
  "foodHeight": 0.1,
  "light": 0.03,
  "water": 0.8
 },
 "generations": 80,
 "traits": [
  "insulation",
  "size",
  "limbLength",
  "metabolism",
  "armor",
  "photosynthesis",
  "mobility",
  "structure"
 ],
 "trajectory": [
  [
   0.5003555857558147,
   0.4998556680717013,
   0.5006348919869128,
   0.5002495530544128,
   0.49980677103561183,
   0.4997878594967075,
   0.5001344176920638,
   0.4997591527196754
  ],
  [
   0.5014100421201731,
   0.4989563722424554,
   0.5010059137628151,
   0.5002844991104992,
   0.49862627197082854,
   0.4980146510519468,
   0.49979854605618973,
   0.49938794589356367
  ],
  [
   0.5026776756549535,
   0.4960427454298828,
   0.49941993627942133,
   0.4991428631675903,
   0.5000663470586593,
   0.4942950539931225,
   0.5020242510050098,
   0.4993747963243009
  ],
  [
   0.5067330966242066,
   0.49215047936212536,
   0.49863354522358744,
   0.4951207587244672,
   0.49853526585064806,
   0.4859204355890335,
   0.5034695714888356,
   0.4980487434861169
  ],
  [
   0.5120959669360273,
   0.48217329275486187,
   0.49751831451133904,
   0.4866828303685216,
   0.4968283163002937,
   0.47143324026330946,
   0.5055753778591422,
   0.49165238376678805
  ],
  [
   0.5162503173147517,
   0.47634158586361325,
   0.4979501330107796,
   0.4791477886832589,
   0.4913972755302279,
   0.452077691410659,
   0.5114918069779747,
   0.48638648617142
  ],
  [
   0.5223567552139688,
   0.4630900718037947,
   0.496421872629302,
   0.4679887892443948,
   0.48999817903793724,
   0.4277667126819385,
   0.5162840678800341,
   0.4806031195417708
  ],
  [
   0.5284734953917917,
   0.4471973537117664,
   0.4945244960034547,
   0.4554144841162344,
   0.4832528293556077,
   0.39922225836743624,
   0.5255395464075726,
   0.473540490139207
  ],
  [
   0.5332085763751743,
   0.43007118042941483,
   0.49601929509235965,
   0.44433187054043,
   0.4757563201893842,
   0.3591864696130469,
   0.538277950439816,
   0.4636588770031285
  ],
  [
   0.5362310685236222,
   0.40608151195856657,
   0.493350722083731,
   0.4325396131567276,
   0.46638233506370264,
   0.3141898503867436,
   0.5583965781399841,
   0.4543165633854982
  ],
  [
   0.5425661431536121,
   0.3799987968990121,
   0.49394692745269125,
   0.41976756746611593,
   0.4550186472181374,
   0.2669932291009856,
   0.5774455008315832,
   0.4400274345716704
  ],
  [
   0.5453935167764972,
   0.3458616225819751,
   0.4923942391388647,
   0.4086156580977322,
   0.44242566517956305,
   0.21792547248196728,
   0.5982297052153089,
   0.4249567403227892
  ],
  [
   0.5498602622361797,
   0.3188572798011852,
   0.48715558945073284,
   0.40809516948056584,
   0.42386879234812835,
   0.17389455724507472,
   0.6203924106676563,
   0.4056211521216005
  ],
  [
   0.5518366462296787,
   0.2874514225411447,
   0.48477762078321035,
   0.40720722639717644,
   0.4083664948699843,
   0.14013391463614658,
   0.6414682089616847,
   0.3869104753408766
  ],
  [
   0.5553843825849347,
   0.2607071771952161,
   0.48436341167496355,
   0.40414854304666575,
   0.39028071165564615,
   0.11529151084850477,
   0.6655171435838881,
   0.36887566049068005
  ],
  [
   0.5553007119720129,
   0.2356053920899602,
   0.48630280503235307,
   0.40924983439199014,
   0.37557549818918035,
   0.0983145912605068,
   0.6921309122723357,
   0.34901584089655086
  ],
  [
   0.5551797581068327,
   0.21150479947938383,
   0.48731233415440656,
   0.42014576369824996,
   0.3608931222368818,
   0.08712465810184955,
   0.7129445239532117,
   0.32842580946009836
  ],
  [
   0.5584429742351597,
   0.18903802297082897,
   0.4910760165630757,
   0.4274139669968682,
   0.3409724749559225,
   0.08175583586964447,
   0.7331611118048026,
   0.30956245195650967
  ],
  [
   0.5586723695135977,
   0.17243476703125915,
   0.49431872102402524,
   0.4337013596721235,
   0.3161029518176285,
   0.07659365460314539,
   0.7504318041494645,
   0.29177813578277806
  ],
  [
   0.5606397984030997,
   0.15662411085301406,
   0.4957270720292943,
   0.44522256675334004,
   0.2945566921287932,
   0.07371797769720119,
   0.7719768016885404,
   0.27344307214342733
  ],
  [
   0.5615312671859519,
   0.1464046226169399,
   0.5003280968396276,
   0.46064345202868856,
   0.274395690591794,
   0.07122487789108918,
   0.7872513742571315,
   0.25607868915776544
  ],
  [
   0.5636364218458515,
   0.1356877246193766,
   0.5049391284806409,
   0.47730662237978333,
   0.25889815175633907,
   0.07082469751616942,
   0.8049044220552236,
   0.23537939270439334
  ],
  [
   0.5634995839335362,
   0.12656990448527047,
   0.5103736644802431,
   0.48900820816124857,
   0.24446253637635754,
   0.0681535677301703,
   0.8208593618493923,
   0.21620262126843368
  ],
  [
   0.5666859989952209,
   0.12342512927986544,
   0.5178537176475491,
   0.5044893660954485,
   0.22942117417080052,
   0.06633670957841888,
   0.8325209727529569,
   0.20366623359598054
  ],
  [
   0.5632282424831915,
   0.12070611818298277,
   0.5179036386374792,
   0.5185701786800526,
   0.21733686783229775,
   0.06626900719468305,
   0.8453544627312196,
   0.1928840572079851
  ],
  [
   0.5624825590771173,
   0.11522362934659248,
   0.5246862214724846,
   0.535434133776118,
   0.21118931174830116,
   0.06530433948898755,
   0.8558927433930302,
   0.18321585811747917
  ],
  [
   0.5624692982566458,
   0.11272516767268044,
   0.5277337400768866,
   0.5482662105923531,
   0.19891948586649655,
   0.06421966647648243,
   0.8639243005212087,
   0.17472939351989206
  ],
  [
   0.5597364593697114,
   0.10894776792020285,
   0.5283616037145978,
   0.5607952493440035,
   0.18860136533497032,
   0.06161052640911816,
   0.8696483023386419,
   0.16927375476031659
  ],
  [
   0.5606892910026001,
   0.10691679159245854,
   0.529358442698433,
   0.5738312980885302,
   0.18107739383973906,
   0.061319917035428134,
   0.8750675056655518,
   0.1655684289976258
  ],
  [
   0.5628117460642713,
   0.1072004249673396,
   0.5321976935076957,
   0.5814123846863297,
   0.17640120759951172,
   0.0612275375929186,
   0.8797604383250234,
   0.15909640479458861
  ],
  [
   0.5617988093711681,
   0.10622637801372929,
   0.5359060240649641,
   0.5911948829266392,
   0.16968631383998892,
   0.06170374241167056,
   0.8825742660243248,
   0.15724065116773103
  ],
  [
   0.558886955456492,
   0.10636099645663911,
   0.5392986801174245,
   0.6003005857919225,
   0.1674468663771321,
   0.06305112144072134,
   0.8860887933354844,
   0.1519316574022989
  ],
  [
   0.5569556659921551,
   0.10439658747393533,
   0.5435119924138905,
   0.608766407980154,
   0.16353162815537223,
   0.06240249014858445,
   0.8890359054259577,
   0.1489164051524407
  ],
  [
   0.558131567126928,
   0.10421063089636655,
   0.5460981200992346,
   0.616013170904481,
   0.15813892156764134,
   0.06224906315184573,
   0.8924305995739719,
   0.14771878575338784
  ],
  [
   0.5621968628956385,
   0.1032111634591999,
   0.5486323720499782,
   0.6252191785389457,
   0.15641524410717247,
   0.060562901453125345,
   0.8928134934510501,
   0.14627493790897547
  ],
  [
   0.5621957626275224,
   0.10299948512586128,
   0.5589970451214704,
   0.6353165793320193,
   0.15036861993876324,
   0.06052898451626926,
   0.8958291976114984,
   0.1427205886623609
  ],
  [
   0.5609407366484219,
   0.10469817081358622,
   0.5551105052586994,
   0.64326136799089,
   0.14863380161435413,
   0.06192497775978554,
   0.8947645882459364,
   0.13905796764416037
  ],
  [
   0.5603404598889085,
   0.10467944521980564,
   0.5549583550272427,
   0.6514536397189448,
   0.1448050037639768,
   0.06088338039572267,
   0.8982696511869365,
   0.13908415438110505
  ],
  [
   0.5612696894211487,
   0.104617221269513,
   0.5533612393682582,
   0.6589542577579198,
   0.1435061277619407,
   0.061341056097231283,
   0.8985455394948216,
   0.13901442430613967
  ],
  [
   0.5617723384019268,
   0.10581720425507629,
