{
 "name": "Dunkle Tiefe",
 "split": "train",
 "env": {
  "temperature": 0.3,
  "predation": 0.3,
  "foodAbundance": 0.6,
  "foodHeight": 0.1,
  "light": 0.03,
  "water": 0.8
 },
 "generations": 80,
 "traits": [
  "insulation",
  "size",
  "limbLength",
  "metabolism",
  "armor",
  "photosynthesis",
  "mobility",
  "structure"
 ],
 "trajectory": [
  [
   0.5003555857558147,
   0.4998556680717013,
   0.5006348919869128,
   0.5002495530544128,
   0.49980677103561183,
   0.4997878594967075,
   0.5001344176920638,
   0.4997591527196754
  ],
  [
   0.5009912772285353,
   0.4990017692368152,
   0.5008814386228436,
   0.50020844711973,
   0.4985431280826142,
   0.49654306222209876,
   0.4988028840623661,
   0.49921018724402644
  ],
  [
   0.5028381948978472,
   0.49564084347055193,
   0.49931381565707517,
   0.5021635414187783,
   0.495330022039932,
   0.48432834355692783,
   0.4949347938780766,
   0.4990043026189335
  ],
  [
   0.5066568248184974,
   0.48810399615601957,
   0.49914652918720087,
   0.5041206916555856,
   0.48717887996938014,
   0.4627960367722172,
   0.4869681843077523,
   0.49450538430512764
  ],
  [
   0.5104532223907897,
   0.47595345184893373,
   0.5005179647906894,
   0.5046631100221538,
   0.4717647400177465,
   0.4276535542270956,
   0.4726949297765685,
   0.48713143496085304
  ],
  [
   0.5121235507485653,
   0.46323789006968497,
   0.5004667809987137,
   0.5061515719425107,
   0.45535132176464893,
   0.38021689695720123,
   0.4606541906447225,
   0.47864072957029524
  ],
  [
   0.5142759916635978,
   0.44513376831372903,
   0.5011358164069535,
   0.512653813911767,
   0.43441242588481294,
   0.31994966200090585,
   0.44336810350587635,
   0.4709640646066951
  ],
  [
   0.5186338635438118,
   0.42451792875960587,
   0.5019180569897582,
   0.5196604640336447,
   0.41540395359514654,
   0.26279854048018564,
   0.4236302693671488,
   0.4597706609899345
  ],
  [
   0.5256887143779647,
   0.40308855682396794,
   0.5048468238595144,
   0.5322295031821088,
   0.39261895548408426,
   0.20670991418169105,
   0.40689001070395375,
   0.4500135630756581
  ],
  [
   0.5311202911891953,
   0.3803931287677149,
   0.5066800915165214,
   0.5471720356571219,
   0.36911746174788473,
   0.15928437370987755,
   0.3927236023575728,
   0.43785715116489415
  ],
  [
   0.5396214355340047,
   0.3549448009484301,
   0.5064990712199154,
   0.5642528763320914,
   0.34709299895850115,
   0.12386866861545841,
   0.3771338178070822,
   0.4231374406786235
  ],
  [
   0.5433946814900411,
   0.33042330514629975,
   0.5040533329799988,
   0.5850467354371561,
   0.3269705942229122,
   0.10226474279415308,
   0.360911789040912,
   0.41041979566429004
  ],
  [
   0.5516426241229941,
   0.3089613921737226,
   0.5041993883356909,
   0.6053791016191618,
   0.3082830930952671,
   0.08854081587853257,
   0.3492683462183344,
   0.39485462722141174
  ],
  [
   0.5578141261632877,
   0.2852248327852426,
   0.5089703562211234,
   0.6233926309960328,
   0.29311259156953995,
   0.07973006254864534,
   0.3364674239766879,
   0.3883189825166067
  ],
  [
   0.5582673655996627,
   0.2683090053269585,
   0.5086772006732786,
   0.6335794680903257,
   0.2748088189826647,
   0.07565245512674519,
   0.32766723584801544,
   0.37765669119830547
  ],
  [
   0.5661768064250101,
   0.25038824482395067,
   0.5126416697330772,
   0.6481949770025697,
   0.2622956267044789,
   0.07283837597718525,
   0.31790234188465283,
   0.365458973664927
  ],
  [
   0.57476518242209,
   0.23251601785315532,
   0.5102089247183048,
   0.6626203489770848,
   0.2543606338445223,
   0.06989004129418609,
   0.3115587998710248,
   0.35369109198099413
  ],
  [
   0.5791437540969662,
   0.22010583627193325,
   0.5097311027937405,
   0.6736775844615001,
   0.24146828284074295,
   0.07043238616016025,
   0.30617493492770076,
   0.34281401506899717
  ],
  [
   0.5830820878110283,
   0.21077107618356175,
   0.5090378507799806,
   0.685925825930224,
   0.23074548016998575,
   0.06942077021015625,
   0.2977276105287325,
   0.33277111291212635
  ],
  [
   0.585978946665597,
   0.20080894284551168,
   0.507577172634996,
   0.6983140265218979,
   0.22324419260764092,
   0.068719823626314,
   0.29479480776624406,
   0.32622782476424317
  ],
  [
   0.5880795522027844,
   0.19561825385497109,
   0.5037233230641766,
   0.7060790943155654,
   0.21503844769008562,
   0.06773086239364719,
   0.2910803314044014,
   0.314381069939417
  ],
  [
   0.5939499447803352,
   0.18979839734069429,
   0.5090845136299117,
   0.7121402734847982,
   0.20841311706047053,
   0.06783618194119631,
   0.28784775203247315,
   0.30799571863834047
  ],
  [
   0.5972970830388313,
   0.18215911949760746,
   0.5092289219266998,
   0.7188274592642084,
   0.19909459912188573,
   0.06735730517823547,
   0.28582338851321126,
   0.30173689553247285
  ],
  [
   0.5989049997419785,
   0.17582040685075986,
   0.509138983855963,
   0.7257627991397898,
   0.1933953397213917,
   0.06878502044897773,
   0.2855166704304853,
   0.2913095321027645
  ],
  [
   0.6024958204725626,
   0.1716403068908042,
   0.5078532494437658,
   0.7338567719076523,
   0.1910099512451541,
   0.06922293266496173,
   0.28281937851208055,
   0.2849510876200574
  ],
  [
   0.6043983805434866,
   0.16498826815082746,
   0.5079281546438986,
   0.7399223290889716,
   0.1852475360093404,
   0.06809521290268869,
   0.28144162300308145,
   0.2779745504335093
  ],
  [
   0.6039399469794087,
   0.15870022975967535,
   0.5073831663134339,
   0.744572249400777,
   0.1783220468070754,
   0.06788117897938635,
   0.2764650109436004,
   0.2703911025345666
  ],
  [
   0.6028986971482441,
   0.15373879843452645,
   0.507924806378853,
   0.7495486277752902,
   0.17327965638824505,
   0.06749764487120269,
   0.2756765617133479,
   0.26352597711593184
  ],
  [
   0.6026624138916058,
   0.1531359677819445,
   0.5049697642641813,
   0.7527895910650514,
   0.1734415641199859,
   0.0681993264606704,
   0.2711589818183976,
   0.26011030419109515
  ],
  [
   0.6019206847381736,
   0.1518638866769432,
   0.504653323186545,
   0.7606578308464882,
   0.17546277622080983,
   0.06868056069491651,
   0.2670003716766412,
   0.25649646544030186
  ],
  [
   0.6041617060427706,
   0.15055697986719588,
   0.5098969352873837,
   0.7659290317211093,
   0.17268173689126498,
   0.06801949941417637,
   0.26628107564632547,
   0.25408524201667454
  ],
  [
   0.6061534059071083,
   0.14771260269321676,
   0.5122222910647778,
   0.7658247692175263,
   0.17258871220699837,
   0.0692005225482193,
   0.26427781376154674,
   0.25203883595066995
  ],
  [
   0.610888074730285,
   0.14847911766863447,
   0.5130470829769217,
   0.7702655362637426,
   0.16840501211876838,
   0.06762551562131201,
   0.2611292243159823,
   0.2492156252413227
  ],
  [
   0.610139511866746,
   0.1474165787356695,
   0.5131295640631276,
   0.7720481488246514,
   0.16690945630072238,
   0.06785955837205916,
   0.261338389039905,
   0.24963114827788402
  ],
  [
   0.6119545130254138,
   0.14202451817156037,
   0.5170828677565152,
   0.7738522777394455,
   0.16760364314664566,
   0.06781533993619403,
   0.261729767072158,
   0.2480223659575929
  ],
  [
   0.614673695453673,
   0.14319271140236348,
   0.5204076661512083,
   0.7808784120341431,
   0.1669691473259898,
   0.06920001996493699,
   0.26402996659023587,
   0.24464858950871227
  ],
  [
   0.6146165236488562,
   0.14092235588635593,
   0.5194563683975463,
   0.7832780882270532,
   0.16748931720517768,
   0.06960284994484127,
   0.2672371160241966,
   0.2424050347359478
  ],
  [
   0.6184658014910295,
   0.1416160570381713,
   0.5206217355054411,
   0.790863001684191,
   0.16457954204284506,
   0.0697388427480703,
   0.2670519488783985,
   0.23878995775573364
  ],
  [
   0.6182454318151692,
   0.14082216205656198,
   0.5192404128034296,
   0.7911258682227684,
   0.1659518644299989,
   0.07043793678897038,
   0.2630138095348407,
   0.23701680594286564
  ],
  [
   0.6173431754742246,
   0.13900517815953087,
