{
 "name": "Dunkle Tiefe",
 "split": "train",
 "env": {
  "temperature": 0.3,
  "predation": 0.3,
  "foodAbundance": 0.6,
  "foodHeight": 0.1,
  "light": 0.03,
  "water": 0.8
 },
 "generations": 80,
 "traits": [
  "insulation",
  "size",
  "limbLength",
  "metabolism",
  "armor",
  "photosynthesis",
  "mobility",
  "structure",
  "wing"
 ],
 "trajectory": [
  [
   0.4991898287623622,
   0.4997065634827101,
   0.5001561244775644,
   0.5006984386424967,
   0.5003491935357325,
   0.5001629330209723,
   0.5002618699483379,
   0.5001433453474952,
   0.4998505652377894
  ],
  [
   0.500494091423659,
   0.4988995510630522,
   0.49977390306200326,
   0.4998701438494219,
   0.5001452271922185,
   0.4975813299829408,
   0.4997456489727315,
   0.500242381266288,
   0.49807327778689897
  ],
  [
   0.5008440996929308,
   0.49586693559446676,
   0.49955503594311307,
   0.5010397928190766,
   0.4955975091238541,
   0.4883254942586652,
   0.49428596989259166,
   0.49924680061343807,
   0.4973628444876752
  ],
  [
   0.5034039020828665,
   0.48959689675472634,
   0.5001398666577196,
   0.5016945352608587,
   0.48830012733615574,
   0.4697074851222017,
   0.4871828124278017,
   0.49463326998548207,
   0.4959055823950817
  ],
  [
   0.5055726247453749,
   0.4801686412190078,
   0.49971726792735555,
   0.5014529595291374,
   0.4783766823563833,
   0.4369402530930763,
   0.47657139850372515,
   0.4895278701278809,
   0.4883578459675008
  ],
  [
   0.5097183039688911,
   0.4647602107182676,
   0.495724851224294,
   0.503035918983032,
   0.4633475275457865,
   0.3922411522332303,
   0.4612946625769694,
   0.4803952852053415,
   0.47884806136956876
  ],
  [
   0.5125584840849672,
   0.4449670737320594,
   0.49836300007728873,
   0.5124499519256408,
   0.4452487039773878,
   0.3332950777340944,
   0.44017680499156797,
   0.47244445645738414,
   0.4645334189698147
  ],
  [
   0.512524746872444,
   0.42128089715140726,
   0.49943686116111574,
   0.5249233743218275,
   0.42156175313852473,
   0.265245684761611,
   0.41817305044533865,
   0.46026980906336284,
   0.4485623014099947
  ],
  [
   0.5145787541142245,
   0.39695456640332966,
   0.5009017909382526,
   0.5409166743201632,
   0.3985286013471884,
   0.20213066030911406,
   0.40402835304032525,
   0.44741048290359836,
   0.434699671606208
  ],
  [
   0.5178335248891369,
   0.3687738906496911,
   0.5026415306874766,
   0.5555798205048836,
   0.3731076615268059,
   0.1514287817795593,
   0.3874330405341719,
   0.43382711593046075,
   0.4157479066746595
  ],
  [
   0.5221481750450363,
   0.34626578825816345,
   0.5018541259375905,
   0.5703402159353769,
   0.34756317113008484,
   0.11573649908364016,
   0.37592027047412874,
   0.42302317580628507,
   0.39877130361752866
  ],
  [
   0.5301927706082354,
   0.3177207269275376,
   0.5010309229689935,
   0.5906127149794452,
   0.3253846491740159,
   0.09410791167548356,
   0.3602563659899674,
   0.40478033241707095,
   0.3790855103653122
  ],
  [
   0.5370677449573361,
   0.29120084749662417,
   0.5021648663039356,
   0.6090169204713585,
   0.30921886534341797,
   0.07997857536413965,
   0.3465899271692927,
   0.38866601528539685,
   0.3578192495943638
  ],
  [
   0.5445790620813602,
   0.2700958678649013,
   0.502754201122959,
   0.6259766141703204,
   0.29231348051748784,
   0.0725237866351604,
   0.33754003790911763,
   0.37342474838309414,
   0.3380169597230929
  ],
  [
   0.548511914031826,
   0.25228706778766147,
   0.49748187764058033,
   0.644144079762664,
   0.27559854189150784,
   0.0676590531669962,
   0.32782051815566066,
   0.36031227817885775,
   0.319134019563171
  ],
  [
   0.5550981875047166,
   0.23370807859156603,
   0.49842933663442385,
   0.6597397289256303,
   0.25709241224501744,
   0.0655746479506783,
   0.32073682594060154,
   0.3469883522716754,
   0.30274899912439707
  ],
  [
   0.5583776087728497,
   0.21863101380923325,
   0.4964729984213343,
   0.6734482298060048,
   0.24448410246051078,
   0.06526632292227794,
   0.3106054426628538,
   0.3395994090088548,
   0.28817769294485535
  ],
  [
   0.5627061400714112,
   0.20287755366373308,
   0.49305030946467193,
   0.683967478789666,
   0.2278585180634399,
   0.06603403201253213,
   0.3020247411729511,
   0.332637764087027,
   0.27479973932986634
  ],
  [
   0.5689852897300325,
   0.19395184477580177,
   0.4912876693184996,
   0.700064236791496,
   0.21451053390254401,
   0.06669567810856732,
   0.2924002053914853,
   0.32263732802878253,
   0.2593150671719135
  ],
  [
   0.5739313888709063,
   0.1816783414910208,
   0.49672451183253213,
   0.7121322706673109,
   0.20518492326188342,
   0.06774690696618166,
   0.28653865540909423,
   0.3174237096338051,
   0.24573772209491884
  ],
  [
   0.5777162555217701,
   0.16997049421693808,
   0.5032201557545842,
   0.7216427190850139,
   0.19853567968591382,
   0.06619212657299263,
   0.28107091354711417,
   0.30889293925755806,
   0.23581229992336142
  ],
  [
   0.5803101822677887,
   0.1608032406911142,
   0.5039580565838911,
   0.7263196319667905,
   0.1929026698478009,
   0.06535881571658014,
   0.27712033398737185,
   0.30200820735752926,
   0.22770139709722378
  ],
  [
   0.5827235658622146,
   0.1522829350581367,
   0.5076360895421285,
   0.7365917138899373,
   0.18527395873720653,
   0.06661557735583169,
   0.2729241022089532,
   0.29072529080610227,
   0.21426781953879429
  ],
  [
   0.5883579285664088,
   0.14639569774844505,
   0.5108921541227919,
   0.745980349572762,
   0.18190856688005144,
   0.06772567559902991,
   0.265276526467457,
   0.28194193681031626,
   0.20558200489439074
  ],
  [
   0.5877609119462559,
   0.14340806189111296,
   0.5105933535166998,
   0.7519096593824091,
   0.17945200515482865,
   0.06622225841751213,
   0.2581860106709461,
   0.27695440054348175,
   0.20263235654142564
  ],
  [
   0.5898940034666637,
   0.13957831819680921,
   0.5105249672132744,
   0.7599444645969267,
   0.17278386624995948,
   0.06650268639470991,
   0.2541362993851045,
   0.27700195047691795,
   0.19313224120323302
  ],
  [
   0.595585057130227,
   0.137711688945893,
   0.509403677259776,
   0.767181781347527,
   0.16616071220259354,
   0.06555765268480769,
   0.25421644599534077,
   0.2697338346378755,
   0.18755819160339585
  ],
  [
   0.5956730595839556,
   0.13656280456042993,
   0.5156787758145787,
   0.7722703951527131,
   0.162048127918918,
   0.06675184924583794,
   0.2515294241290659,
   0.26774133636225195,
   0.18157513728495145
  ],
  [
   0.5969678710255882,
   0.1371082377483876,
   0.5128553782441462,
   0.7731943499623543,
   0.16234735937326203,
   0.06668629502379742,
   0.25067185372078754,
   0.2607021615468453,
   0.17786554688199574
  ],
  [
   0.593437421871745,
   0.1351841878177721,
   0.5104520210151501,
   0.777451809007334,
   0.16447214060320783,
   0.06624021452362884,
   0.2479390125915232,
   0.2561426405301163,
   0.1757766593566342
  ],
  [
   0.5957318608677323,
   0.13407962162814666,
   0.5099690040683816,
   0.7804388941055346,
   0.16354895389156252,
   0.06762951192264965,
   0.24677334198434184,
   0.24902924873717305,
   0.17285011407133108
  ],
  [
   0.5947976678036214,
   0.131105024685605,
   0.5142381633060499,
   0.7833806333592764,
   0.16202886085116608,
   0.06836692555389763,
   0.24619441340344483,
   0.24524649164635204,
   0.17049082479630295
  ],
  [
   0.597635262912768,
   0.12581500656932473,
   0.5117316028257439,
   0.7859205774036218,
   0.16031814091961974,
   0.06907232830082315,
   0.24713741950640944,
   0.24304315012968483,
   0.17047312058892403
  ],
  [
   0.6005749617923271,
   0.1285396226696249,
   0.5173388511699311,
   0.7891240244081578,
   0.15884996714395636,
   0.06849650556843075,
   0.24771015611176148,
   0.2382251366703374,
   0.1670552457080543
  ],
  [
   0.6049553195532715,
   0.12948678100086228,
   0.515113467528581,
   0.7908207195031963,
   0.15795064836685294,
   0.06862147820421069,
   0.24699393113400706,
   0.23481602079968453,
   0.16381719119780982
  ],
  [
