{
 "name": "Dunkle Tiefe",
 "split": "train",
 "env": {
  "temperature": 0.3,
  "predation": 0.3,
  "foodAbundance": 0.6,
  "foodHeight": 0.1,
  "light": 0.03,
  "water": 0.8
 },
 "generations": 80,
 "traits": [
  "insulation",
  "size",
  "limbLength",
  "metabolism",
  "armor",
  "photosynthesis",
  "mobility",
  "structure",
  "wing"
 ],
 "trajectory": [
  [
   0.4991898287623622,
   0.4997065634827101,
   0.5001561244775644,
   0.5006984386424967,
   0.5003491935357325,
   0.5001629330209723,
   0.5002618699483379,
   0.5001433453474952,
   0.4998505652377894
  ],
  [
   0.500372965570171,
   0.49883732322836366,
   0.49971561496507694,
   0.4999780433538589,
   0.49998204826881415,
   0.4970640313117752,
   0.4999071948788048,
   0.5001043071477408,
   0.49826558970640256
  ],
  [
   0.5011009303867572,
   0.49547816279286044,
   0.49861196260510265,
   0.5023589983827171,
   0.49561336351467106,
   0.48518241401185785,
   0.4966121025326622,
   0.4991339008767775,
   0.49618707494942343
  ],
  [
   0.5027842012118128,
   0.48739136796386284,
   0.4985015289021771,
   0.5044446230260714,
   0.48619750325816535,
   0.4619945915271857,
   0.4913397490932707,
   0.49477378796032956,
   0.49354649590287775
  ],
  [
   0.5044887907349744,
   0.47680236027696604,
   0.49486740525604445,
   0.5078236621700083,
   0.47032623606310003,
   0.4235036114488216,
   0.48550700937030355,
   0.4898202038343711,
   0.4870286330158542
  ],
  [
   0.5094419420696122,
   0.4603300116451943,
   0.48669467478313816,
   0.5165728171028225,
   0.44603229365965663,
   0.3709929996020364,
   0.4771648190074975,
   0.48236488855434456,
   0.4761895119130842
  ],
  [
   0.5121704035980778,
   0.43826982542693127,
   0.48065104692705707,
   0.5286127836462884,
   0.4203197429309739,
   0.3037545213371118,
   0.4719944823111231,
   0.4713051508250052,
   0.4607885685459547
  ],
  [
   0.5154360770056546,
   0.4161394324295553,
   0.4681527779884949,
   0.5438373815205133,
   0.3908530212010821,
   0.23754603865740156,
   0.46913469462509677,
   0.46147985289681487,
   0.442603977240769
  ],
  [
   0.5174878021673693,
   0.394905239620635,
   0.4548518970149953,
   0.563585355284851,
   0.36400271993989547,
   0.1760187319981822,
   0.469984308365194,
   0.44849175028290905,
   0.42806775657097657
  ],
  [
   0.5210342463137042,
   0.37160436110832834,
   0.4427452166514032,
   0.5827201290829366,
   0.3367442355306421,
   0.13105039598266596,
   0.47086675979025666,
   0.4416180439134208,
   0.40994750802885616
  ],
  [
   0.5305971125386836,
   0.35039197259225263,
   0.43019076222862124,
   0.6005096874906936,
   0.30915737860009124,
   0.1021690472976805,
   0.4706905364145417,
   0.4290221230126015,
   0.39284941299407733
  ],
  [
   0.5393121238014185,
   0.33222677434018155,
   0.41625838925037617,
   0.6231799839167141,
   0.28799898746043223,
   0.08626410862097961,
   0.4746058340579056,
   0.4204664956427793,
   0.3810720291230813
  ],
  [
   0.5474613357762964,
   0.31416526454799554,
   0.40067917255661684,
   0.6431456385347796,
   0.2710964693554769,
   0.0743679138080627,
   0.48335638167389877,
   0.41174347815661744,
   0.36506730402986437
  ],
  [
   0.5501319667239969,
   0.29685548837708103,
   0.383713763698499,
   0.6654278747783895,
   0.252779061094815,
   0.07081159460687754,
   0.4924845359727654,
   0.40351575074038376,
   0.34585377938163436
  ],
  [
   0.5528602147157893,
   0.2815605562930168,
   0.36741115744513747,
   0.6880660730668994,
   0.23569146154938714,
   0.06806897155697787,
   0.5072295083766575,
   0.39645842555067506,
   0.32845216960718365
  ],
  [
   0.5567812411108967,
   0.2639720266944274,
   0.3533729983697877,
   0.7111978151111775,
   0.2194431922250861,
   0.066479746935743,
   0.5166226864496969,
   0.39034485210350583,
   0.3139601879480752
  ],
  [
   0.5639326645988055,
   0.24948144893130395,
   0.34071846180527726,
   0.7282152858239336,
   0.20718558825079791,
   0.06532018056026861,
   0.5260413324693548,
   0.3822363728338534,
   0.29915928067328185
  ],
  [
   0.5688541600565756,
   0.2409212386157511,
   0.3265061648550393,
   0.7457126677278304,
   0.19527049697299972,
   0.06550727962204272,
   0.5411679879449424,
   0.37540261080965537,
   0.28632792655871786
  ],
  [
   0.5789434920612583,
   0.23242028944649015,
   0.3092676566126902,
   0.7611585310706338,
   0.1844533305860316,
   0.0664311111833456,
   0.555960687080193,
   0.36717559888128765,
   0.2778518114352388
  ],
  [
   0.5860426001279854,
   0.2209446197813855,
   0.2972822418418091,
   0.7753620818555907,
   0.17616350306299997,
   0.06826273652213191,
   0.5702475496504709,
   0.36676809357007295,
   0.2652704860516666
  ],
  [
   0.5923759834962691,
   0.2127120005793146,
   0.2827290005539967,
   0.786855611255597,
   0.167891953048845,
   0.06784516683789368,
   0.5825227100243852,
   0.36443261020072554,
   0.2542466531910847
  ],
  [
   0.5949720197088558,
   0.2066568689076058,
   0.2740455757445333,
   0.7993768398431197,
   0.1639671297827726,
   0.06596202427040798,
   0.5964639097295251,
   0.35770733212052797,
   0.2514035899395591
  ],
  [
   0.5992668898268777,
   0.20086075627775116,
   0.2587469574445998,
   0.8059320490950735,
   0.1568286457242098,
   0.06703233024021694,
   0.61004225878662,
   0.35286637537173,
   0.24828612371868755
  ],
  [
   0.6028830237625074,
   0.1959330134906712,
   0.24529516891771808,
   0.8136530459566118,
   0.15543923690101993,
   0.06819564683908307,
   0.6252120722266237,
   0.35319679915489166,
   0.24382649006693227
  ],
  [
   0.6028499394177195,
   0.19350854695925732,
   0.23248207784469724,
   0.8200595817000315,
   0.15274525347591175,
   0.06641077834820498,
   0.634634681569354,
   0.34751278165051086,
   0.23923575878421996
  ],
  [
   0.6077092627085989,
   0.1881739823985659,
   0.2221424889429351,
   0.8280530442748532,
   0.15085898194598488,
   0.06729410529885331,
   0.6475603687904384,
   0.3411006043116194,
   0.2314492253084234
  ],
  [
   0.6114615973902848,
   0.1846259532887484,
   0.2125941444522487,
   0.8347123443507859,
   0.1498823722950464,
   0.0668940821024039,
   0.6599081679865417,
   0.3372526612248123,
   0.22276033212083424
  ],
  [
   0.6103835722957284,
   0.183734553225714,
   0.20125220480464778,
   0.8421824895381341,
   0.14514253712386047,
   0.06799914831605776,
   0.6697917124086231,
   0.33740634072427467,
   0.22013429867891565
  ],
  [
   0.6133494259319764,
   0.18202619966100608,
   0.1933839268918268,
   0.8467796396173336,
   0.14214581937764734,
   0.06811583925107419,
   0.6811884575718764,
   0.3290283805918486,
   0.22026741947028158
  ],
  [
   0.6155247067565556,
   0.18188090450064384,
   0.18566003270634243,
   0.8498212033370325,
   0.13807562850749025,
   0.06809565398055688,
   0.6945075299709687,
   0.3305529205811119,
   0.21863505148817122
  ],
  [
   0.6182919045073697,
   0.1804619198875974,
   0.1770134454530492,
   0.8517154130260801,
   0.13578268367514232,
   0.06842471015883124,
   0.704605287538239,
   0.3322580029241176,
   0.2158654813950259
  ],
  [
   0.6232307517598962,
   0.17970871270849118,
   0.17189706703581184,
   0.8554823124646628,
   0.1345327090847478,
   0.06930814118947333,
   0.7137554613970812,
   0.3340432137145954,
   0.21445269773895714
  ],
  [
   0.6254179388890981,
   0.1812453508059293,
   0.1634731350024022,
   0.8571636312121312,
   0.1346401527159465,
   0.06912726727169315,
   0.7217186202928986,
   0.329753882807621,
   0.21429607498112072
  ],
  [
   0.6271502176295368,
   0.18127625396451377,
   0.16095086439599549,
   0.8597926788476861,
   0.13413263933228617,
   0.06951740450842651,
   0.7286580672450862,
   0.33074009543836164,
   0.2104742825394134
  ],
  [
   0.6328558008602133,
   0.17652456543252382,
   0.16099840403149224,
   0.8616739136320617,
   0.13647545174104175,
   0.07029327841630509,
   0.7397987445586515,
   0.32834719715656363,
   0.20967321998254226
  ],
  [
