{
 "name": "Dunkle Tiefe",
 "split": "train",
 "env": {
  "temperature": 0.3,
  "predation": 0.3,
  "foodAbundance": 0.6,
  "foodHeight": 0.1,
  "light": 0.03,
  "water": 0.8
 },
 "generations": 80,
 "traits": [
  "insulation",
  "size",
  "limbLength",
  "metabolism",
  "armor",
  "photosynthesis",
  "mobility",
  "structure"
 ],
 "trajectory": [
  [
   0.5003555857558147,
   0.4998556680717013,
   0.5006348919869128,
   0.5002495530544128,
   0.49980677103561183,
   0.4997878594967075,
   0.5001344176920638,
   0.4997591527196754
  ],
  [
   0.5017070885441459,
   0.4972095479488933,
   0.501327723716518,
   0.501189758103868,
   0.49750216715782986,
   0.49540347663585815,
   0.501482994250568,
   0.498161221725734
  ],
  [
   0.5076444562139918,
   0.48659098909766313,
   0.5006574819625448,
   0.5024701381049117,
   0.4936379190921854,
   0.47873516714584863,
   0.514103043038568,
   0.493285135054157
  ],
  [
   0.5176973592347229,
   0.470469556664439,
   0.5005668968271483,
   0.5068310744512547,
   0.48423710755399024,
   0.44632113730726114,
   0.5369087641023848,
   0.4829636213973367
  ],
  [
   0.5292120438719106,
   0.4442675293801344,
   0.5015043895528567,
   0.5148285784824208,
   0.46926519889912477,
   0.40013226424304293,
   0.5709741405202416,
   0.46769895208677065
  ],
  [
   0.5434608050551214,
   0.4150538890727778,
   0.5007103155091521,
   0.5307510597535737,
   0.4507423308713101,
   0.3390297821513492,
   0.6217176440317385,
   0.4507810914081581
  ],
  [
   0.5594349410264304,
   0.3857134423617244,
   0.5010637755633306,
   0.5557686609099081,
   0.43447471574797875,
   0.2684407760248905,
   0.6808264027356858,
   0.4347261499437182
  ],
  [
   0.5733918753261475,
   0.35565886099604976,
   0.503461148595897,
   0.5887605586550363,
   0.4171052423547999,
   0.19913389287309288,
   0.7410734671027631,
   0.4196282551343676
  ],
  [
   0.5872448062572284,
   0.32458638183765537,
   0.50806212477509,
   0.627698070739673,
   0.39848572916664565,
   0.1461865971736257,
   0.7969477801884329,
   0.4015271213799702
  ],
  [
   0.600761990949123,
   0.30174924660889146,
   0.5110737478501998,
   0.6686272367221852,
   0.3859895912217046,
   0.11072877606674636,
   0.8431660387707148,
   0.3831708016082913
  ],
  [
   0.6173666783522704,
   0.2802162125220405,
   0.5091577369848609,
   0.7074889669486791,
   0.3723794327328611,
   0.09054782128218795,
   0.8734056894799962,
   0.366210379524526
  ],
  [
   0.6285728122420003,
   0.2601183942321284,
   0.5081290510336792,
   0.741300518232921,
   0.35906363394409957,
   0.07840563733654093,
   0.8938506919453818,
   0.35433297274158043
  ],
  [
   0.6382443399406613,
   0.23984811808618792,
   0.508113984456922,
   0.7781216532397489,
   0.34512803383451146,
   0.07056476397172808,
   0.9099163347562532,
   0.341793753828445
  ],
  [
   0.6458578310318869,
   0.22155798087908374,
   0.5103962868944129,
   0.8037578511961906,
   0.338642612651955,
   0.06645200097938442,
   0.9183045770539668,
   0.33083261058691366
  ],
  [
   0.6530876166095692,
   0.21297855081145753,
   0.509840134532363,
   0.8278769074295247,
   0.3310703038812475,
   0.06584520686753319,
   0.9239605323645509,
   0.31971398345552426
  ],
  [
   0.6585099908988559,
   0.19834899994751243,
   0.5083463714506973,
   0.8446897614506774,
   0.32065470840357846,
   0.0653008963918498,
   0.927993096144565,
   0.3154481255253275
  ],
  [
   0.6639562222686836,
   0.18628113932330984,
   0.5093564079298114,
   0.8613045194802081,
   0.31360328927108355,
   0.06498242304524722,
   0.9287850698906869,
   0.3061290793195777
  ],
  [
   0.6667486610112796,
   0.17752654482438077,
   0.5088834058737867,
   0.8702850471384841,
   0.3094531757040115,
   0.06486249048297106,
   0.9296291944961692,
   0.29581344990710967
  ],
  [
   0.6705835182100882,
   0.17207559506876968,
   0.5076279493720145,
   0.8764919249912272,
   0.30430827024418655,
   0.06397833669678725,
   0.9307889637957999,
   0.28574547942155687
  ],
  [
   0.6729219359793811,
   0.16707388679355537,
   0.5124546612976757,
   0.8854478313109374,
   0.30117759210512046,
   0.06484765607220778,
   0.9305718278685253,
   0.27665967607233904
  ],
  [
   0.6727084356054,
   0.16220654294647047,
   0.5170798375548652,
   0.8913626798992461,
   0.2969662614453166,
   0.06499046467414286,
   0.9307474624312545,
   0.268909168211582
  ],
  [
   0.6739715613970602,
   0.15804272091141172,
   0.5185433174246249,
   0.8940214709891702,
   0.2914588475426851,
   0.06513974395112117,
   0.9308236086837255,
   0.26319143431855224
  ],
  [
   0.6760295571202133,
   0.15495443515030016,
   0.5253067988940879,
   0.8948968492814556,
   0.2851280243527677,
   0.06501808483849784,
   0.9304648537754887,
   0.253613575268682
  ],
  [
   0.6754456386068722,
   0.1522828037451778,
   0.5299287116858594,
   0.896174932691201,
   0.28282384038813974,
   0.06433053308093827,
   0.9307516924035357,
   0.24666131321359708
  ],
  [
   0.677800489361267,
   0.14875580248768647,
   0.5332743000920718,
   0.8968556571881238,
   0.27417587681702643,
   0.06382286336438835,
   0.9323408620592288,
   0.2441092712356834
  ],
  [
   0.6805985324161093,
   0.14633744256874315,
   0.5361845235486028,
   0.8977256237669047,
   0.2735495560046753,
   0.06436152736410401,
   0.9315622790687842,
   0.2422404479523237
  ],
  [
   0.6831770233461064,
   0.14287451743755578,
   0.5366425862116405,
   0.8974800025429975,
   0.26779239796844584,
   0.06503679094791026,
   0.93190785229468,
   0.23711336999626623
  ],
  [
   0.6804424077299981,
   0.13972985905042,
   0.5446040090408306,
   0.8988306936040901,
   0.2605385953675948,
   0.06373764313864137,
   0.9303404147020083,
   0.228033967966725
  ],
  [
   0.6790785684540991,
   0.13857249680295056,
   0.5456862633707981,
   0.9008003164209056,
   0.26023207550042454,
   0.06556037641679235,
   0.9322817700191902,
   0.2213032986212613
  ],
  [
   0.6798208632200508,
   0.13754100683198936,
   0.5411061390524942,
   0.90298036793624,
   0.25731122818464996,
   0.066604143294056,
   0.9311426581737089,
   0.21737244660371036
  ],
  [
   0.6799000942935938,
   0.13643877037190416,
   0.5490579450475602,
   0.9030290356879145,
   0.2546230099329002,
   0.06694537443516156,
   0.9303706754102435,
   0.21526438426798145
  ],
  [
   0.6776616362685263,
   0.1364203489764771,
   0.5485929718345416,
   0.9011043775436406,
   0.2579860373986242,
   0.06702032836846157,
   0.9312507376778782,
   0.20805194430776494
  ],
  [
   0.677894570709706,
   0.1384907657502242,
   0.551456063692411,
   0.9021365621692209,
   0.2522890920202109,
   0.0650727167594327,
   0.9304639015721894,
   0.20702032001938894
  ],
  [
   0.679780691480181,
   0.13646549615953207,
   0.551990705479318,
   0.9025568935020082,
   0.2527434241224468,
   0.06597571249715266,
   0.9294814969015173,
   0.20677931486760082
  ],
  [
   0.6795759360635256,
   0.13670288481238824,
   0.5606030897083861,
   0.9017646415383617,
   0.25102068310420383,
   0.06526199456171855,
   0.9294858327920461,
   0.20441318361236094
  ],
  [
   0.6792479508630512,
   0.13421484958866223,
   0.5617386773559575,
   0.9016317223607686,
   0.2466793411953553,
   0.06603392111131208,
   0.9300787713049147,
   0.19974416239784018
  ],
  [
   0.6778581043709364,
   0.13213776916827272,
   0.561433238768346,
   0.9004242126134203,
   0.2425099668957106,
   0.06597918581178154,
   0.9311647811648883,
   0.19421097926397954
  ],
  [
   0.6828498901898646,
   0.1320739572400429,
   0.5643830751980979,
   0.9002880032313684,
   0.2434623022286003,
   0.06562084571046527,
   0.9319034250934394,
   0.19454137082811432
  ],
  [
   0.6861680647870015,
   0.13170135501388985,
   0.5663473050313105,
   0.8978690257892515,
   0.2408949416352176,
   0.0668658492614695,
   0.9312885621212259,
   0.19390336121845406
  ],
  [
   0.6830041078896167,
   0.13296764707735167,
   0.5705619851894811,
   0.8983427787971126,
