{
 "name": "Dunkle Tiefe",
 "split": "train",
 "env": {
  "temperature": 0.3,
  "predation": 0.3,
  "foodAbundance": 0.6,
  "foodHeight": 0.1,
  "light": 0.03,
  "water": 0.8
 },
 "generations": 80,
 "traits": [
  "insulation",
  "size",
  "limbLength",
  "metabolism",
  "armor",
  "photosynthesis",
  "mobility",
  "structure"
 ],
 "trajectory": [
  [
   0.5003555857558147,
   0.4998556680717013,
   0.5006348919869128,
   0.5002495530544128,
   0.49980677103561183,
   0.4997878594967075,
   0.5001344176920638,
   0.4997591527196754
  ],
  [
   0.4999663863422634,
   0.49710706064952176,
   0.5012557954318368,
   0.5009850062055423,
   0.4976579348637509,
   0.49598630851310194,
   0.5017558873962467,
   0.4984949107784824
  ],
  [
   0.4980351080280454,
   0.4881323527805119,
   0.5002501882508051,
   0.5016613718015078,
   0.4946151125679657,
   0.47973584617733284,
   0.5133283014156628,
   0.495765343543259
  ],
  [
   0.4968386434836572,
   0.4739765413449965,
   0.4981174333502157,
   0.5044075415531317,
   0.48576686543584713,
   0.450022524686473,
   0.5318933065261117,
   0.48484135610735096
  ],
  [
   0.49618739709150567,
   0.4514076359533344,
   0.49580651223748257,
   0.510743033812101,
   0.4750914863517662,
   0.4064103648957165,
   0.5609646661100122,
   0.4711663798623318
  ],
  [
   0.49528928803082084,
   0.4269964317979969,
   0.4941192155074799,
   0.521166108639196,
   0.46325977434498516,
   0.3570010251725464,
   0.6050593507717937,
   0.4567418965212535
  ],
  [
   0.49477385143153835,
   0.39843289604061954,
   0.49575709639331267,
   0.5349838677591926,
   0.45081731011498755,
   0.30046267496778917,
   0.6560944230794027,
   0.4432474470957346
  ],
  [
   0.500516200038558,
   0.3750239382176935,
   0.4937905198031,
   0.5549700584512911,
   0.43944945466807184,
   0.24786416564672906,
   0.7148246877897478,
   0.42984138627931673
  ],
  [
   0.5034498768391713,
   0.34887373211842704,
   0.49372513986373545,
   0.5795943304073575,
   0.4260878234721775,
   0.19782054039909966,
   0.7672254606464262,
   0.41328894222250306
  ],
  [
   0.5096655750110902,
   0.3243133744383973,
   0.4986922557731077,
   0.6104570347464663,
   0.4115420546424357,
   0.15455630295503076,
   0.8125842629463326,
   0.39459460870652613
  ],
  [
   0.5169902385751012,
   0.3034059249922513,
   0.4988370228948333,
   0.6386558392604261,
   0.39998567795438794,
   0.1259645211947496,
   0.845917809836493,
   0.3793843011040577
  ],
  [
   0.5221388332431595,
   0.2824751309063366,
   0.4995358694085887,
   0.6707114441730803,
   0.39007061613857696,
   0.10477265114001307,
   0.8703883968369893,
   0.3710679677967333
  ],
  [
   0.5283420674288201,
   0.2664602030117859,
   0.49544452114244336,
   0.701312731671691,
   0.3820216964633647,
   0.09108456485892162,
   0.8893389094691333,
   0.36863034186597443
  ],
  [
   0.5398279520921782,
   0.25010099943616176,
   0.4962274789158987,
   0.7320911337945915,
   0.3759171256486922,
   0.0820953817243871,
   0.901448947882579,
   0.36065129275452423
  ],
  [
   0.5470265315612247,
   0.23519380115545366,
   0.5010590488210723,
   0.757737875977205,
   0.3694453441659773,
   0.0788368308405424,
   0.9079574153936942,
   0.35840844702387825
  ],
  [
   0.5549730683215891,
   0.22610824468768018,
   0.499487684078739,
   0.7808323799304772,
   0.36277351433242383,
   0.0749143680667728,
   0.9137603598932563,
   0.35455454551529403
  ],
  [
   0.5624728372632278,
   0.22079719152119168,
   0.4995654565393978,
   0.8000121826919894,
   0.36151063394069655,
   0.07207922926669384,
   0.9158641971742106,
   0.3530331655011327
  ],
  [
   0.5703785730289694,
   0.2137864792121119,
   0.5016587205883121,
   0.8161920108439894,
   0.3588345447859093,
   0.0726247641005204,
   0.9183771239768083,
   0.35101903717511007
  ],
  [
   0.5754461979293531,
   0.20684484753981938,
   0.5031615056857882,
   0.8303917922678251,
   0.3588511335048585,
   0.07196097574233583,
   0.9204528911999827,
   0.3432860375414974
  ],
  [
   0.5780628634505317,
   0.20113547334841775,
   0.504787731052154,
   0.8368658744844998,
   0.35299374288459756,
   0.07136406854027087,
   0.9214845663737496,
   0.33708590046775383
  ],
  [
   0.5822981533033417,
   0.19535496446498504,
   0.5061719451314033,
   0.8450308086288655,
   0.35047937826056286,
   0.07181965152551796,
   0.921454127874949,
   0.3374215023970386
  ],
  [
   0.5854948972270232,
   0.19398023100030978,
   0.5062491964682687,
   0.8552979981529485,
   0.3458466075999742,
   0.0730332191483452,
   0.9219934090996992,
   0.3349099860869062
  ],
  [
   0.5914321256662632,
   0.18744688256144457,
   0.5085790686787154,
   0.8610441545540338,
   0.3442761143887248,
   0.07140558754957232,
   0.9244541650937946,
   0.3287812083601108
  ],
  [
   0.5968207367743784,
   0.18424849996288273,
   0.5081734410390001,
   0.8678557949572413,
   0.34668664332308513,
   0.07260072752667929,
   0.9238936738135114,
   0.32831037221028975
  ],
  [
   0.6003888568107462,
   0.18152090332939294,
   0.5129614378131773,
   0.8743074359969779,
   0.3457438901597946,
   0.07399252288586904,
   0.9233770748303858,
   0.32378380200919105
  ],
  [
   0.6053089824166348,
   0.17757239767690303,
   0.5164931422468599,
   0.8803289496075754,
   0.3487923613872211,
   0.0743036773846773,
   0.9225574067700489,
   0.3221941619236862
  ],
  [
   0.609783343207411,
   0.17090344370634505,
   0.5138774545324498,
   0.8800383959319548,
   0.3468867050821011,
   0.07597623301535204,
   0.922103356334156,
   0.3190796387951798
  ],
  [
   0.61169189267867,
   0.16904165910346988,
   0.5155929244284516,
   0.8821138595729271,
   0.34771099073888956,
   0.07318055805860747,
   0.923208717243527,
   0.3136480083198233
  ],
  [
   0.6189272910199491,
   0.168257625195402,
   0.5175231353473572,
   0.8814400580315475,
   0.3512800063322512,
   0.07463148937605724,
   0.9239100479053906,
   0.30949522753090597
  ],
  [
   0.6186833630773897,
   0.16737679575781902,
   0.5156091021830408,
   0.8820854183844767,
   0.3493658422546699,
   0.07594296831651565,
   0.9225070385188537,
   0.3046210624324136
  ],
  [
   0.621071944611143,
   0.16538727032091374,
   0.5181805991285046,
   0.8861598469499959,
   0.3443445740162541,
   0.07617742519737901,
   0.9209082233233533,
   0.2997696461534866
  ],
  [
   0.6205163800183928,
   0.1633980470177902,
   0.5196040745452885,
   0.8848539396909835,
   0.3490965584443942,
   0.0747477560304357,
   0.9219582032399152,
   0.29607650968477084
  ],
  [
   0.6222018029285475,
   0.161894049194697,
   0.5203635595961154,
   0.8856596439615075,
   0.3476162228793334,
   0.074697123459316,
   0.9209491421817456,
   0.2914771674985919
  ],
  [
   0.6232350570771398,
   0.16227222186602777,
   0.5217290850816135,
   0.8870732835216902,
   0.34523965913872906,
   0.07428840605613245,
   0.9201260096652158,
   0.2885621751873339
  ],
  [
   0.6265830286022936,
   0.16170545561266864,
   0.5241186475803826,
   0.8865562195497834,
   0.3437719174079647,
   0.07533663308463763,
   0.9207959207061683,
   0.28646278009700843
  ],
  [
   0.6257312960188048,
   0.1559885211934792,
   0.5265057201134208,
   0.8871217787183471,
   0.3406483491315185,
   0.0740295576086584,
   0.921629734984967,
   0.2783392007734883
  ],
  [
   0.6272606368931982,
   0.15611466952713116,
   0.5306878288719762,
   0.8877274765069184,
   0.34250874374228,
   0.07403501119706869,
   0.9228250769483703,
   0.27676606686016547
  ],
  [
   0.6300191498972151,
   0.15623341224453488,
   0.534406696390536,
   0.8875679845298311,
   0.33987587084211496,
   0.07468771933767586,
   0.923070911780823,
   0.2785351072196702
  ],
  [
   0.6312730208816121,
   0.15766485624945734,
   0.529762174506858,
   0.8895834275561628,
   0.3352726920538643,
   0.07446754003833285,
   0.9234707253952114,
   0.2738076217528827
  ],
  [
   0.6325071068114297,
   0.15946315309115394,
   0.5317319302013312,
   0.8907680505057,
