{
 "name": "Dunkle Tiefe",
 "split": "train",
 "env": {
  "temperature": 0.3,
  "predation": 0.3,
  "foodAbundance": 0.6,
  "foodHeight": 0.1,
  "light": 0.03,
  "water": 0.8
 },
 "generations": 80,
 "traits": [
  "insulation",
  "size",
  "limbLength",
  "metabolism",
  "armor",
  "photosynthesis",
  "mobility",
  "structure"
 ],
 "trajectory": [
  [
   0.5003555857558147,
   0.4998556680717013,
   0.5006348919869128,
   0.5002495530544128,
   0.49980677103561183,
   0.4997878594967075,
   0.5001344176920638,
   0.4997591527196754
  ],
  [
   0.5009805527127329,
   0.49903517513954815,
   0.5009205712651669,
   0.50002440551992,
   0.49915123631086195,
   0.49644184715267664,
   0.49857041144818065,
   0.49920779852278546
  ],
  [
   0.5046385003478092,
   0.4953548395783695,
   0.4999971160384647,
   0.5010735897769792,
   0.49865606072357993,
   0.4837146430100807,
   0.49498079778944426,
   0.49826626373059374
  ],
  [
   0.507895660536541,
   0.4882121601743861,
   0.500587065825527,
   0.5020273288497192,
   0.4968268826128383,
   0.45884383527239975,
   0.4832205406754055,
   0.49382882626690244
  ],
  [
   0.5098230070263644,
   0.4766170318027247,
   0.5028104681713091,
   0.5039728779506589,
   0.49130012697860775,
   0.42476027942740124,
   0.4704127849178062,
   0.48660222201646225
  ],
  [
   0.5129733064355333,
   0.4628197481458516,
   0.5044129794086906,
   0.5091144081794322,
   0.484684621939959,
   0.37772506313995424,
   0.45648553495860017,
   0.47603670188473846
  ],
  [
   0.5187372182275151,
   0.44650403987689696,
   0.5058351395413923,
   0.514824639728677,
   0.47488218753821004,
   0.32131283665309934,
   0.440084605234925,
   0.4702551097487723
  ],
  [
   0.5190038411347256,
   0.42551058684147325,
   0.5065231302502441,
   0.5249278979942952,
   0.4608892658840031,
   0.26120545142337864,
   0.42282262340963644,
   0.46221775986012065
  ],
  [
   0.5238919678249129,
   0.4059227933772964,
   0.5083915372795397,
   0.540855633300055,
   0.4489301903350202,
   0.1999402111179154,
   0.4042889506408123,
   0.44889775387636854
  ],
  [
   0.5247504479223933,
   0.38694293505726085,
   0.5127373439502514,
   0.5606427283882994,
   0.43784601324028305,
   0.15129648950420854,
   0.3891514753755263,
   0.43507354300906265
  ],
  [
   0.5327195486632282,
   0.362805140659054,
   0.5133436704102224,
   0.5795459409123028,
   0.42674838957301614,
   0.1198381896837651,
   0.37419092548297045,
   0.4200618035041017
  ],
  [
   0.5355696540119009,
   0.34258089812248316,
   0.5114335419900401,
   0.5972588310316623,
   0.4193441981750567,
   0.09690756247471068,
   0.36285657710527214,
   0.40857764186637374
  ],
  [
   0.5398938776331533,
   0.3218344553663454,
   0.5115215764088198,
   0.6126372293691005,
   0.4120330931018353,
   0.08425627862595851,
   0.34824230633274705,
   0.3999163438752964
  ],
  [
   0.5423386193449122,
   0.3022133936507565,
   0.5129456817482109,
   0.6303214241200109,
   0.4048539954664884,
   0.0763773698745816,
   0.33820011269951183,
   0.39231096247612296
  ],
  [
   0.5520349876711751,
   0.28379672120097005,
   0.5088746466293678,
   0.6461938435547256,
   0.3967432482123505,
   0.07172860250252058,
   0.3283609179760817,
   0.3826774746944359
  ],
  [
   0.5582163351441045,
   0.26864407267531054,
   0.5074661018587805,
   0.6626408992772534,
   0.389105923244591,
   0.07047207908627871,
   0.3202098938385184,
   0.3729891457307566
  ],
  [
   0.5614338293324602,
   0.25106876133252265,
   0.5066901682287913,
   0.6725732623767963,
   0.37678155427380006,
   0.06829157735323246,
   0.3150562085770627,
   0.3631638774625628
  ],
  [
   0.5667081129225734,
   0.2381839811830948,
   0.5072613691257412,
   0.6815500479960087,
   0.36917823226665386,
   0.06664846150411133,
   0.3089770143768275,
   0.3523781791174474
  ],
  [
   0.5750200771608741,
   0.2288523531323091,
   0.5057965839301041,
   0.6923490207555364,
   0.36098843180327683,
   0.06554671728775205,
   0.3046117824207162,
   0.3409248926818113
  ],
  [
   0.5833522875390932,
   0.21489584587437996,
   0.5059240880764112,
   0.7051275854339273,
   0.3499081749107653,
   0.06664466904653227,
   0.2980275752431148,
   0.33107505315618674
  ],
  [
   0.5862320080809879,
   0.20057060086340858,
   0.5005685412163288,
   0.7152981500308008,
   0.34848706977809013,
   0.06639793727504469,
   0.2934333100021281,
   0.32423285430374166
  ],
  [
   0.5907825198029502,
   0.19440056350482293,
   0.49980875943710745,
   0.7263374636133128,
   0.34592925677008707,
   0.06672681285114136,
   0.28689526342349125,
   0.31244329704941637
  ],
  [
   0.5935535679103653,
   0.18451919080420295,
   0.4990862815396874,
   0.7364849093710527,
   0.33795090202863526,
   0.06612290086696863,
   0.27789737814196624,
   0.3049056632707467
  ],
  [
   0.5955916792036601,
   0.18354347114197225,
   0.4984153143177857,
   0.7512688188427855,
   0.3315082112502884,
   0.06692108665946266,
   0.2719594680887524,
   0.2975332973031924
  ],
  [
   0.5928421901920082,
   0.17882642308241717,
   0.4979919391259075,
   0.754971391849797,
   0.3226997596293359,
   0.06672322115584693,
   0.2670206898767583,
   0.29163657234440094
  ],
  [
   0.5964200044913418,
   0.1705836361107842,
   0.49431864861723324,
   0.7572723646870888,
   0.31984550557214453,
   0.06683906109571366,
   0.2627977673809007,
   0.2841456080491053
  ],
  [
   0.5984236680240004,
   0.16814881933087655,
   0.4960078026624122,
   0.7639251701813428,
   0.3135566867803357,
   0.06626150472515509,
   0.2577365620930133,
   0.280058408634649
  ],
  [
   0.6001008628002727,
   0.1625660980228208,
   0.498262211528634,
   0.7698442956449343,
   0.3082770333904426,
   0.06601744751121695,
   0.25610290945601843,
   0.2718796670222681
  ],
  [
   0.6015608286364097,
   0.15742779129564127,
   0.49661812861697646,
   0.7754643565619311,
   0.305176932996517,
   0.06663286802724329,
   0.2500675427384775,
   0.2631210438091847
  ],
  [
   0.6037489136303151,
   0.15622842872259787,
   0.5012657980209083,
   0.7787720817223701,
   0.3028582968840065,
   0.06760003572173609,
   0.24410257708537786,
   0.25706020684205294
  ],
  [
   0.6054530434018263,
   0.15563423797581744,
   0.5051171815584731,
   0.7788356416174856,
   0.2951889270666413,
   0.06768714664476728,
   0.24303430293594644,
   0.25112344654691543
  ],
  [
   0.6048964728698977,
   0.1502335568704579,
   0.5028973416945056,
   0.7842683508457214,
   0.2985747384032036,
   0.06870221690872123,
   0.2403415426657183,
   0.24776195594881542
  ],
  [
   0.6095220111463011,
   0.14985907554425387,
   0.5048861584053418,
   0.7880976846576787,
   0.2971677720350975,
   0.0671404518464296,
   0.23704720673114457,
   0.24281060692040246
  ],
  [
   0.610462356512176,
   0.14858798292365938,
   0.5068392695430709,
   0.7915512905322583,
   0.2924624283036868,
   0.0666523628430732,
   0.23626427529030483,
   0.2411150251453028
  ],
  [
   0.6129267671520962,
   0.14634667649335617,
   0.5066937870801312,
   0.7895347761879811,
   0.2895822021953956,
   0.06675672105195837,
   0.2399580228827951,
   0.24070353539055575
  ],
  [
   0.6136280791858061,
   0.14383414129442576,
   0.5121556988613271,
   0.7943121191150898,
   0.2824775982645347,
   0.06579091480142114,
   0.24360732989729372,
   0.23102980042854968
  ],
  [
   0.6131898976154752,
   0.14488219387688545,
   0.5152431016742914,
   0.7942609256170398,
   0.2824540604143054,
   0.06606066212951138,
   0.24033702768233592,
   0.22343491722740003
  ],
  [
   0.6111968201915956,
   0.14636842507395878,
   0.5154468501041359,
   0.7971200896026506,
   0.2762682276033919,
   0.0676132270312711,
   0.23577349596532163,
   0.22823009726157859
  ],
  [
   0.6103822213833711,
   0.1429951986602983,
   0.512594543041896,
   0.8022252899723655,
   0.2748251902912945,
   0.06734124648898487,
   0.23981406579655776,
   0.22651541432114466
  ],
  [
   0.6070612553339755,
   0.14337429897907097,
