{
 "name": "Eiszeit",
 "split": "train",
 "env": {
  "temperature": 0.08,
  "predation": 0.15,
  "foodAbundance": 0.55,
  "foodHeight": 0.15,
  "light": 0.4,
  "water": 0.5
 },
 "generations": 80,
 "traits": [
  "insulation",
  "size",
  "limbLength",
  "metabolism",
  "armor",
  "photosynthesis",
  "mobility",
  "structure"
 ],
 "trajectory": [
  [
   0.5003555857558147,
   0.4998556680717013,
   0.5006348919869128,
   0.5002495530544128,
   0.49980677103561183,
   0.4997878594967075,
   0.5001344176920638,
   0.4997591527196754
  ],
  [
   0.5024204348694837,
   0.49919070566751483,
   0.5011114609876943,
   0.500328327192632,
   0.49835055044649756,
   0.4981044096794262,
   0.49920104976747287,
   0.4993658394203042
  ],
  [
   0.5095359117044009,
   0.4959857205497325,
   0.5009187592076322,
   0.4981251644713823,
   0.4982467687449566,
   0.4931426108979829,
   0.5000126095918824,
   0.49831282917486436
  ],
  [
   0.5217274820320713,
   0.4926019593879661,
   0.5002899103328803,
   0.49338320647817174,
   0.4949904366691786,
   0.4842704865681125,
   0.49910991186840176,
   0.49646838552098993
  ],
  [
   0.536697065830359,
   0.4837970459576065,
   0.5008390696252182,
   0.4862921213439091,
   0.48951264433512726,
   0.4728156492947782,
   0.4988513105510058,
   0.4928631686609754
  ],
  [
   0.5523396507947627,
   0.4764705971558143,
   0.5017353781571006,
   0.4736691750858721,
   0.4847995471532933,
   0.45671580032872966,
   0.5000654337601381,
   0.48481277218615393
  ],
  [
   0.5713528988489156,
   0.46337376787785917,
   0.5024394260924991,
   0.45898815513220087,
   0.48061400940975907,
   0.43862807172187357,
   0.49977211678067235,
   0.47736503764856547
  ],
  [
   0.5931804428337045,
   0.4499713358141841,
   0.5038631761175305,
   0.44838739006978784,
   0.47008181262553766,
   0.4148173430544489,
   0.5009274122390175,
   0.46857556366070746
  ],
  [
   0.6111527215336476,
   0.4325312591641233,
   0.5040452700702868,
   0.4323316477874613,
   0.4593504880096166,
   0.38274062665789504,
   0.5046787100464835,
   0.453736183553136
  ],
  [
   0.6271561318521308,
   0.4140563018744619,
   0.5035207794457802,
   0.4174461037071546,
   0.4508767548109825,
   0.3486996967482414,
   0.5097586077783232,
   0.4415212377443862
  ],
  [
   0.6464305288112064,
   0.38669018289285,
   0.5084531875699629,
   0.3984335866872888,
   0.4376883888650489,
   0.3140061076317299,
   0.5128694432093531,
   0.42473315901963393
  ],
  [
   0.6595759490263847,
   0.3596917975472482,
   0.5089630168183402,
   0.3814186380309022,
   0.4219728480288752,
   0.2798343142042282,
   0.5192713670292427,
   0.40860000458423734
  ],
  [
   0.6768063085913933,
   0.3313683163180759,
   0.5042209022438274,
   0.37042066919136335,
   0.4020032001166099,
   0.24286072212387444,
   0.5282168697689921,
   0.38810934859431595
  ],
  [
   0.6923084629499768,
   0.3004178176253292,
   0.5028580092249151,
   0.3598838861727951,
   0.38145315926078743,
   0.21075152847717774,
   0.5391500406446007,
   0.3665744270091254
  ],
  [
   0.7042300669955285,
   0.2672721542365372,
   0.502391801327238,
   0.3508875183375746,
   0.3551371832685519,
   0.1822325703877732,
   0.5493479603363786,
   0.34400730503705007
  ],
  [
   0.7140242794873896,
   0.2382264306073908,
   0.49994477799389075,
   0.3432224479754473,
   0.32897580496450274,
   0.15761981381682702,
   0.5636025693435109,
   0.3224604812864335
  ],
  [
   0.7225971893930501,
   0.21365673784128184,
   0.5029102369171364,
   0.33936707736531985,
   0.30669773717903576,
   0.13799672753535394,
   0.5762949833286444,
   0.300731047895274
  ],
  [
   0.7314871206163515,
   0.19324597494349127,
   0.5014445137051289,
   0.3333700285940799,
   0.2843607123705334,
   0.12321407850075554,
   0.5896746440435091,
   0.2807915028127063
  ],
  [
   0.7360071455947547,
   0.17699073699039283,
   0.5054329339983962,
   0.3268948510703605,
   0.2635114889382399,
   0.11119695513917678,
   0.5988863701468535,
   0.2619841757663689
  ],
  [
   0.7392442888453598,
   0.15896195343562064,
   0.5130264037840436,
   0.32410437041589213,
   0.24346011523869257,
   0.10045487133421528,
   0.6130103857796496,
   0.24085675042474752
  ],
  [
   0.7477875504833319,
   0.1448135390410529,
   0.5157413678179019,
   0.32407834613303566,
   0.22208063406210485,
   0.09405758555386846,
   0.6189399591753312,
   0.22357438722556686
  ],
  [
   0.7504547127298548,
   0.1386276155314359,
   0.5219104070982915,
   0.3255528693716694,
   0.20501414650974434,
   0.08812266060767283,
   0.6282913302805914,
   0.206303802689045
  ],
  [
   0.7510100172863177,
   0.1299415396575602,
   0.5256619459801184,
   0.3269889431851402,
   0.19310787121215375,
   0.08358914234270827,
   0.6400841107736693,
   0.1911937218236939
  ],
  [
   0.7540836506412467,
   0.12383960786321933,
   0.5277573970829509,
   0.3312482559712669,
   0.1780173088451027,
   0.0825928899301407,
   0.6476677928945963,
   0.17845083599907233
  ],
  [
   0.7570268120664619,
   0.1175832476640533,
   0.5273508427757314,
   0.3287728290382413,
   0.16520226956900888,
   0.07903436460240094,
   0.6595476009960293,
   0.1675848661423801
  ],
  [
   0.7614237486163339,
   0.11469205347996898,
   0.5289403562109708,
   0.33233202638016995,
   0.15484229470351532,
   0.07693087847994032,
   0.664314801816133,
   0.1578381333591081
  ],
  [
   0.7669896484771402,
   0.11293528428816024,
   0.5310885563884494,
   0.3331356203826324,
   0.15009053591458918,
   0.07660819212028584,
   0.6695713050632185,
   0.1494969786372581
  ],
  [
   0.7690406495954621,
   0.11072717320641583,
   0.533566997131873,
   0.3319832613455416,
   0.14267951053706554,
   0.0761185759749987,
   0.6765451968826343,
   0.1454197379781637
  ],
  [
   0.7716702958281778,
   0.10941989469252232,
   0.5347848427163785,
   0.33353949334056826,
   0.13928682758543307,
   0.07669599501885835,
   0.6836933259784667,
   0.14229895534133916
  ],
  [
   0.7683686471873076,
   0.10688911591098306,
   0.5409039260146767,
   0.33853245044076546,
   0.13498635981413656,
   0.07687096464670924,
   0.6889732646448302,
   0.13628760663721792
  ],
  [
   0.7669978289363201,
   0.10739494748796241,
   0.5402215149873005,
   0.34274457700083377,
   0.1283330653923801,
   0.07688690443177958,
   0.6957615383456187,
   0.13615332092257257
  ],
  [
   0.765875439785974,
   0.10434464216742474,
   0.5440630421459941,
   0.3459469399349741,
   0.12601539354805155,
   0.07530133960802508,
   0.7031511654668448,
   0.13142489515395553
  ],
  [
   0.7690271192152994,
   0.10175701310572975,
   0.5471497171972572,
   0.3538580333354446,
   0.12343430352435059,
   0.07372042803721245,
   0.7075418282675131,
   0.12890919467839657
  ],
  [
   0.7725225831985894,
   0.0999585590624099,
   0.5507718704409824,
   0.3568552028073835,
   0.1200716131644408,
   0.07484840957924636,
   0.7108217430322797,
   0.12654945938488302
  ],
  [
   0.7748867103292228,
   0.09949914211167264,
   0.557309844312798,
   0.3630370569508344,
   0.1207439879361903,
   0.07442792418050458,
   0.7162352505037064,
   0.12236526957938944
  ],
  [
   0.7764992309814995,
   0.09797536315756449,
   0.5725285226300292,
   0.36868407304707707,
   0.1190232819460252,
   0.07433378014414459,
   0.724368794529829,
   0.12086341773983318
  ],
  [
   0.7790779167021323,
   0.09775682562380793,
   0.577093424421251,
   0.37311951051086384,
   0.11969850757264482,
   0.07425849661012272,
   0.7281363891923552,
   0.11974810983792689
  ],
  [
   0.7788222118854898,
   0.0981158178880623,
   0.5820391637380662,
   0.38077420298079656,
   0.119752803754361,
   0.07248279388289662,
   0.7354355804257762,
   0.11894866854969226
  ],
  [
   0.7791552225907323,
   0.1004182874171955,
   0.5809953582620463,
   0.3883400688320713,
   0.12037108758841562,
   0.07333466000594602,
   0.7429369559516673,
   0.11784440271010567
  ],
  [
   0.7790029152290846,
   0.10171184172154978,
