{
 "name": "Eiszeit",
 "split": "train",
 "env": {
  "temperature": 0.08,
  "predation": 0.15,
  "foodAbundance": 0.55,
  "foodHeight": 0.15,
  "light": 0.4,
  "water": 0.5
 },
 "generations": 80,
 "traits": [
  "insulation",
  "size",
  "limbLength",
  "metabolism",
  "armor",
  "photosynthesis",
  "mobility",
  "structure"
 ],
 "trajectory": [
  [
   0.5003555857558147,
   0.4998556680717013,
   0.5006348919869128,
   0.5002495530544128,
   0.49980677103561183,
   0.4997878594967075,
   0.5001344176920638,
   0.4997591527196754
  ],
  [
   0.5014429610029959,
   0.49753313878432043,
   0.5011683453375106,
   0.5007273455902704,
   0.4974876953536409,
   0.49672600409086254,
   0.5007936729457889,
   0.49878471149998654
  ],
  [
   0.5053944756406908,
   0.48784123317657585,
   0.5007143472222373,
   0.5015123751856869,
   0.4928487097197833,
   0.4861149014835557,
   0.5085693213592637,
   0.49720719335882696
  ],
  [
   0.5136049078912582,
   0.4737706620060449,
   0.5007156440575073,
   0.5038870394643257,
   0.48408827778403496,
   0.4656743892552842,
   0.5195325581334128,
   0.4904678277937284
  ],
  [
   0.5222460485957495,
   0.4512420435769926,
   0.5014132681831786,
   0.5039773210993714,
   0.4703499233924229,
   0.43529697342792645,
   0.5391133240767947,
   0.4788381753419145
  ],
  [
   0.5338740793375893,
   0.42455663982499886,
   0.5000712747845661,
   0.5109075485523512,
   0.4508742393385712,
   0.394545582270843,
   0.5665649967430295,
   0.46117116147765924
  ],
  [
   0.5479610761514921,
   0.39282629337067815,
   0.4968523700762393,
   0.5163559384426881,
   0.43111332235881333,
   0.3472101562049093,
   0.6054264801912427,
   0.4457267565693605
  ],
  [
   0.5649754501217088,
   0.35893945357974705,
   0.4937989406766168,
   0.5315112731180877,
   0.4119484243574953,
   0.2947033463536191,
   0.651258395333074,
   0.42972421205815436
  ],
  [
   0.580015292951481,
   0.32930238083798036,
   0.4913140923648775,
   0.5490398621942697,
   0.38719902599226663,
   0.23842715478382567,
   0.7021754330649587,
   0.4102580678682822
  ],
  [
   0.5960794095223675,
   0.30109205880863266,
   0.49248921426571796,
   0.5801030713113405,
   0.36948786663109745,
   0.18967185482325874,
   0.7536976119796645,
   0.3912633312481202
  ],
  [
   0.6141623166614737,
   0.2770873205654043,
   0.4938976055538747,
   0.6128314483247934,
   0.3508715902880201,
   0.15026234313794584,
   0.7984234449091874,
   0.36924306972658133
  ],
  [
   0.6340883367379256,
   0.2540339226736459,
   0.49567337995032285,
   0.6486817243524948,
   0.33270290611109193,
   0.12245400710027121,
   0.8340853251542009,
   0.3567914478411524
  ],
  [
   0.6530676523273657,
   0.23676904204030125,
   0.49314199454332064,
   0.6831435996680861,
   0.31880707425181115,
   0.10277436583139309,
   0.8617757027896665,
   0.3411452929338748
  ],
  [
   0.6699249666194772,
   0.21824155972822037,
   0.4993310299894695,
   0.7188500221193204,
   0.3076009221056715,
   0.09143630196409451,
   0.8803697070086799,
   0.3271802853260177
  ],
  [
   0.6858664862366517,
   0.20237151818250299,
   0.5034762551374863,
   0.7468034371677955,
   0.29547689910426717,
   0.08549024030361872,
   0.8942274276827072,
   0.31654259262742973
  ],
  [
   0.6999960710896298,
   0.1908529675534998,
   0.5037592316160033,
   0.773098178841323,
   0.2853284054161508,
   0.07975421215219838,
   0.9042517214173998,
   0.30751916914456295
  ],
  [
   0.7183133436838945,
   0.18213473913213826,
   0.5044328155266311,
   0.7958777774345487,
   0.2800220213741214,
   0.07562035127156,
   0.9100386129340597,
   0.29547184551725564
  ],
  [
   0.7312924760311764,
   0.17528172236574147,
   0.5112284693915504,
   0.8148412848842924,
   0.2674056669477126,
   0.07521363419173147,
   0.9150625409885921,
   0.2829648268210406
  ],
  [
   0.7425494724130584,
   0.16961503379187584,
   0.5112739943629121,
   0.8307098923820077,
   0.2554312631947884,
   0.07472279271583748,
   0.9194797615317777,
   0.2708643272833855
  ],
  [
   0.7540438966719628,
   0.1649253437867602,
   0.5132684789181646,
   0.843321821355894,
   0.2432648627410633,
   0.07395071150646092,
   0.9220887348746523,
   0.2585412436252777
  ],
  [
   0.762096835342463,
   0.16146064447460115,
   0.5182466990694815,
   0.8515615893230408,
   0.2369280169908221,
   0.07413345640174497,
   0.9222546893072449,
   0.25051210449982547
  ],
  [
   0.7678476667687385,
   0.15853845973679015,
   0.5215906911675743,
   0.8586935143428468,
   0.23878324690355954,
   0.07519758648948299,
   0.9226592083084819,
   0.24553747563138453
  ],
  [
   0.7753540657500694,
   0.15405953211991388,
   0.5237979991429118,
   0.8634574699957406,
   0.23281218391937977,
   0.07429525321902544,
   0.9230915307735527,
   0.23989685636593416
  ],
  [
   0.7808307704969883,
   0.15004504918142159,
   0.5261307147024527,
   0.8680898988699868,
   0.22612739878229227,
   0.07185125805668226,
   0.9215041105899838,
   0.23467829188348807
  ],
  [
   0.7897723863626466,
   0.14550771672329899,
   0.5297393464437973,
   0.8735096411607534,
   0.21968397018579391,
   0.07259089135457565,
   0.9212752634219262,
   0.22399376024358433
  ],
  [
   0.7958138967967822,
   0.14378004343245812,
   0.5321832236354357,
   0.876585899999787,
   0.2129183274384,
   0.07286609305890478,
   0.9229751872576265,
   0.21736732531211192
  ],
  [
   0.799968874022889,
   0.1424428246735747,
   0.5366319715487576,
   0.878812441896217,
   0.2084611678370383,
   0.0730126374670935,
   0.9216896132896754,
   0.21574545303760786
  ],
  [
   0.8007820518869212,
   0.13962400283749846,
   0.534338450378436,
   0.8809809510925418,
   0.20326896120477214,
   0.0722227539076915,
   0.9216205156865155,
   0.21402281463868442
  ],
  [
   0.8059941905334825,
   0.14150727365167134,
   0.5381272880378111,
   0.8804291591937883,
   0.19939949295958706,
   0.07187319391933071,
   0.9223800641668028,
   0.21099922705101384
  ],
  [
   0.8080241335983468,
   0.1406150738769433,
   0.5393064127875883,
   0.8833387646610605,
   0.19724521391849723,
   0.07327725066000139,
   0.9220251667008226,
   0.2057484168080307
  ],
  [
   0.8108021496995316,
   0.1387102174116098,
   0.5436472247735321,
   0.8835817329122221,
   0.1899639637768664,
   0.07302886494276516,
   0.9207551376195954,
   0.20404656556904444
  ],
  [
   0.8096596305172903,
   0.13635896175904713,
   0.5478691081406221,
   0.8821831023914092,
   0.189335574072349,
   0.07334101608648749,
   0.9204672692827613,
   0.19836360189973137
  ],
  [
   0.8133861204745712,
   0.13609648472231375,
   0.5523687746894183,
   0.8823467951111277,
   0.18678164227553581,
   0.0712311546892571,
   0.9197443856330905,
   0.1944373315988782
  ],
  [
   0.8148351089508804,
   0.13421260134665483,
   0.5558694339008101,
   0.8850609379136362,
   0.18509756453512957,
   0.07215158924843362,
   0.9172677143570378,
   0.19282335075259008
  ],
  [
   0.8198491729004633,
   0.13272883795252405,
   0.5562933024751007,
   0.8851761896027863,
   0.1812314273934301,
   0.07183962276595234,
   0.9191168016269945,
   0.18978692293023802
  ],
  [
   0.8221923692929473,
   0.13132344599917048,
   0.5586840610473235,
   0.8881004890670994,
   0.17629807791337312,
   0.072236292049969,
   0.919634427505207,
   0.18878809605644367
  ],
  [
   0.8223731866973248,
   0.13079429382869764,
   0.5610003335454697,
   0.8895892584526807,
   0.17447800990892906,
   0.07209789496291585,
   0.9206711936012174,
   0.18570266050923942
  ],
  [
   0.8231805937725141,
   0.13241850577666855,
   0.5678834576252519,
   0.8902536734912404,
   0.17661044111426794,
   0.07338678660562564,
   0.9198696158564941,
   0.1873440647656025
  ],
  [
   0.8248695588771889,
   0.13507343516325715,
   0.5655253785259051,
   0.8907228047185121,
   0.1775814880835159,
   0.07336278632852491,
   0.9190788104222941,
   0.18687048618266847
  ],
  [
   0.823228728711193,
   0.13824210213244925,
   0.570463643245302,
