{
 "name": "Eiszeit",
 "split": "train",
 "env": {
  "temperature": 0.08,
  "predation": 0.15,
  "foodAbundance": 0.55,
  "foodHeight": 0.15
 },
 "generations": 80,
 "traits": [
  "insulation",
  "size",
  "limbLength",
  "metabolism",
  "armor"
 ],
 "trajectory": [
  [
   0.4997268109640533,
   0.500312412102027,
   0.5000506646514865,
   0.5003685836446564,
   0.5008935668577482
  ],
  [
   0.5017942442740758,
   0.4987681183768777,
   0.4999136265580872,
   0.5014340084611696,
   0.49962620086500015
  ],
  [
   0.5103945664724082,
   0.48908178399739005,
   0.5012288790328366,
   0.5060507999305807,
   0.49416553739383556
  ],
  [
   0.5312125613221258,
   0.47650212563216493,
   0.5012881455577699,
   0.5166229541576078,
   0.4865410920229753
  ],
  [
   0.5576140105756778,
   0.4592088060741177,
   0.5005539747374878,
   0.5344690685260979,
   0.4735712344240309
  ],
  [
   0.5847850342996656,
   0.43748239457778587,
   0.5016728606539369,
   0.5583791772857148,
   0.4599241624881425
  ],
  [
   0.6148558027934571,
   0.4076736082811297,
   0.4997541349973153,
   0.5821738089610147,
   0.43963061256268426
  ],
  [
   0.6473879852809031,
   0.3828778924444897,
   0.4982654996757687,
   0.6088718213854071,
   0.41719877974915964
  ],
  [
   0.6813300518572428,
   0.3523341158717573,
   0.5029412644802723,
   0.6386849590393595,
   0.3947026909418731
  ],
  [
   0.7135067834711054,
   0.32029635571511517,
   0.500836720378036,
   0.6706781695393961,
   0.3727947221897159
  ],
  [
   0.7450311053319042,
   0.2893333578679902,
   0.5025518234877526,
   0.6991219439055419,
   0.3505335792096648
  ],
  [
   0.7726243893433814,
   0.26228687699421543,
   0.5073845858948961,
   0.7255178423027369,
   0.3328134563867378
  ],
  [
   0.7940817512705314,
   0.2351631187879861,
   0.5105622749640176,
   0.7508431713640668,
   0.3131356172599838
  ],
  [
   0.8113093212234487,
   0.211732664701883,
   0.5136543909726127,
   0.7754539318673935,
   0.2960756353720891
  ],
  [
   0.8230622757243077,
   0.19095290356455322,
   0.5186251090124295,
   0.7949453577985596,
   0.28154950114188443
  ],
  [
   0.8338910126699055,
   0.17279343787659518,
   0.5200873648178698,
   0.8112118155092523,
   0.2640329830955112
  ],
  [
   0.8448094354872046,
   0.15692782836342475,
   0.5218003129844301,
   0.8258332915357202,
   0.24880889808598353
  ],
  [
   0.8536300667355756,
   0.14602697317082913,
   0.5252019866791956,
   0.8375730408490457,
   0.23486430787301601
  ],
  [
   0.8612025294495309,
   0.13932545869161853,
   0.5312862239283276,
   0.847503652531537,
   0.22051021048957833
  ],
  [
   0.8646236292020743,
   0.13545909530936961,
   0.5365749033156074,
   0.8563583772242075,
   0.2067708209640039
  ],
  [
   0.8683545758067419,
   0.13012806322845208,
   0.532078978826093,
   0.8646992711550601,
   0.19737116529952872
  ],
  [
   0.8702778230298606,
   0.1274369175390445,
   0.5347793236523214,
   0.8689195320351105,
   0.18800568398808234
  ],
  [
   0.8730412611329471,
   0.12463176294902047,
   0.5393745721971909,
   0.8744353260875114,
   0.18056609583204156
  ],
  [
   0.8740713569717617,
   0.1227573334583929,
   0.5454643021571419,
   0.87878049128155,
   0.17346732173782797
  ],
  [
   0.8752073913742032,
   0.12211965543160021,
   0.5490666576972308,
   0.8833031061704261,
   0.167335246998907
  ],
  [
   0.8768637767970763,
   0.11956400411712063,
   0.5502992575945772,
   0.8830847033899877,
   0.15925834145693127
  ],
  [
   0.8774168550926172,
   0.11680638485090072,
   0.553616117107927,
   0.8838780516247496,
   0.15485776865207593
  ],
  [
   0.8783701207551514,
   0.11439150817926691,
   0.5622391735804618,
   0.886173743359037,
   0.14646672079987083
  ],
  [
   0.8798036443915086,
   0.11046794440915021,
   0.5635952156323555,
   0.8884847531856258,
   0.1408727199095515
  ],
  [
   0.8812364646246192,
   0.10632720434904953,
   0.5629149173689135,
   0.8887985402384078,
   0.13687433601831647
  ],
  [
   0.8791640098975299,
   0.10692142231870712,
   0.5668713114093712,
   0.890198103171774,
   0.13507991174494963
  ],
  [
   0.8821966033116055,
   0.10640581633446482,
   0.5692901736613369,
   0.891731354592978,
   0.13613858066057763
  ],
  [
   0.8839594163192076,
   0.10762362819028021,
   0.5694447378410273,
   0.8901094605597493,
   0.13699182554334208
  ],
  [
   0.8857006295635386,
   0.10793851750510168,
   0.5729943251752205,
   0.8885123161872076,
   0.1349620807124269
  ],
  [
   0.8863627611360859,
   0.10818232789260902,
   0.5774491851750343,
   0.8893871968246589,
   0.13083634235234773
  ],
  [
   0.8865355665873466,
   0.10777848536962802,
   0.5818258286745804,
   0.8909321767698538,
   0.13059706947684022
  ],
  [
   0.8866106020586634,
   0.10633250225873316,
   0.5795519045192206,
   0.8915498290115925,
   0.13032682676306473
  ],
  [
   0.8882298030714159,
   0.10580262364277722,
   0.5852962797597829,
   0.8926378221894692,
   0.13060607589028686
  ],
  [
   0.8852188447804448,
   0.1071101916405481,
   0.5913390025568556,
   0.8911281893126998,
   0.1295695287058129
  ],
  [
   0.8852540133122072,
   0.10634487164385248,
   0.5922650153864528,
   0.8888575269899172,
   0.13027669387519478
  ],
  [
   0.8845198094793659,
   0.10907655987206195,
   0.5971497671106714,
   0.8896103510979927,
   0.12808649297310776
  ],
  [
   0.8862410839226519,
   0.10686089932093595,
   0.5986292892497026,
   0.8897135203700589,
   0.12799284587373924
  ],
  [
   0.8867468733396938,
   0.10600651419645392,
   0.600252221724594,
   0.8896831535881757,
   0.1304113991439067
  ],
  [
   0.8855494861867289,
   0.1070588260748212,
   0.5981675040529411,
   0.8896743906729241,
   0.13044022849269568
  ],
  [
   0.8839570365545147,
   0.10787345552832811,
   0.605991829414615,
   0.8885879077293928,
   0.13017260833581837
  ],
  [
   0.8855064968467309,
   0.10866506491097355,
   0.6131826634569487,
   0.8890923580012263,
   0.12840358621860457
  ],
  [
   0.8855031059866673,
   0.1081518445384308,
   0.6182301506952553,
   0.8896530968501432,
   0.12950702342584874
  ],
  [
   0.8843759796461561,
   0.10569822992259688,
   0.6165280567887903,
   0.8908335192910365,
   0.125638406346794
  ],
  [
   0.8824008379670537,
   0.10706311661132711,
   0.622353337462688,
   0.8910084912168807,
   0.12250761673874311
  ],
  [
   0.8845806287312072,
   0.10955986065346289,
   0.6213148185057301,
   0.8904893156757705,
   0.12329398536789142
  ],
  [
   0.8839229734574309,
   0.10865698322616991,
   0.6252505449117571,
   0.8893739344874452,
   0.12096666058183601
  ],
  [
   0.881938932798309,
   0.10858291418945588,
   0.6254356383384531,
   0.8897304024879306,
   0.12253638071940343
  ],
  [
   0.8823565045748801,
   0.11013805049866553,
   0.6295048563540299,
   0.8905321512719603,
   0.12334388721292748
  ],
  [
   0.886415846133291,
   0.10942123972531077,
   0.6267251235655044,
   0.8916633285779777,
   0.12637536265962165
  ],
  [
   0.8862132541114862,
   0.11005998830802179,
   0.6287973789356358,
   0.8912029087933958,
   0.12522994376449398
  ],
  [
   0.8868373677787491,
   0.10950668838069584,
   0.6282771272452244,
   0.8925057452193651,
   0.12686573900120598
  ],
  [
   0.8862823828529901,
   0.11024413526208554,
   0.6287638410753528,
   0.8934563624103644,
   0.1258953831016161
  ],
  [
   0.8859146041221715,
   0.11052776764344961,
   0.6320978924553864,
   0.8943730086046036,
   0.1303392542663002
  ],
  [
   0.8841267118471028,
   0.11037461923546892,
   0.6326258353570089,
   0.8939985365468006,
   0.12856041462425727
  ],
  [
   0.8840209213971123,
   0.11244186328218568,
   0.6307108306174767,
   0.8929774738376847,
   0.13091182729898612
  ],
  [
   0.8838609364158017,
   0.11092097887632783,
   0.635873508276171,
   0.8907077120546174,
   0.13079718009448277
  ],
  [
   0.8847048204452087,
   0.10942127974488496,
   0.6406456666359025,
   0.8907757726766939,
   0.13035096318971215
  ],
  [
   0.8854425324450498,
