{
 "name": "Eiszeit",
 "split": "train",
 "env": {
  "temperature": 0.08,
  "predation": 0.15,
  "foodAbundance": 0.55,
  "foodHeight": 0.15
 },
 "generations": 80,
 "traits": [
  "insulation",
  "size",
  "limbLength",
  "metabolism",
  "armor"
 ],
 "trajectory": [
  [
   0.4996433834143544,
   0.4991594094359171,
   0.5000550608007928,
   0.5000850530552066,
   0.5014633631818153
  ],
  [
   0.5031475057743833,
   0.4966529639253501,
   0.5009144949491203,
   0.4995773689150342,
   0.5004842975390382
  ],
  [
   0.5091633463923296,
   0.4829161338152028,
   0.5021290779006913,
   0.5023486572567871,
   0.49285788451467005
  ],
  [
   0.5281889008426316,
   0.46871382725768784,
   0.5005365854569418,
   0.5140690279362253,
   0.48516133476048123
  ],
  [
   0.5577619516799185,
   0.4547519978388921,
   0.4991439117994902,
   0.5401043513029063,
   0.4702050120446808
  ],
  [
   0.5817586570177916,
   0.4302991529896607,
   0.5003346662916516,
   0.5650672678441325,
   0.45373825015233554
  ],
  [
   0.6121899285485828,
   0.4008583492211118,
   0.49723554171285317,
   0.5952290608473886,
   0.43146460131877734
  ],
  [
   0.6461605267378839,
   0.3785612437035751,
   0.5007169341621843,
   0.6197561157154462,
   0.4098398080961326
  ],
  [
   0.6874302535474796,
   0.34389671335674893,
   0.5013265698737727,
   0.6539896116831252,
   0.38846411152742405
  ],
  [
   0.7160242905401312,
   0.3103868406327172,
   0.49836278280787044,
   0.6805382666540027,
   0.36610884554974965
  ],
  [
   0.7462681432481576,
   0.27789663808606296,
   0.5063200819044521,
   0.7115160841200981,
   0.35274476197727117
  ],
  [
   0.7720374097509203,
   0.2504179546067343,
   0.5132488808075065,
   0.7362649378467485,
   0.3387906257332755
  ],
  [
   0.794614027434564,
   0.2201824920708683,
   0.5193658732633707,
   0.7616079622321387,
   0.31648629309249093
  ],
  [
   0.8089845424992491,
   0.20512461564320925,
   0.525292767045224,
   0.7820259420003901,
   0.3039646170671857
  ],
  [
   0.8199241895815277,
   0.1856389047519643,
   0.52407494339589,
   0.7988163613228391,
   0.291642796446788
  ],
  [
   0.8301407972501355,
   0.16756918375100774,
   0.525122960943175,
   0.8129609221271269,
   0.2744883930835545
  ],
  [
   0.8433742513849887,
   0.15141101280270564,
   0.5220668138128616,
   0.8253823043779823,
   0.26347721543780445
  ],
  [
   0.8553464951223707,
   0.14249439037919034,
   0.5299041979151254,
   0.8353559080284326,
   0.2527962622887912
  ],
  [
   0.8622151041213663,
   0.13830836468068966,
   0.5414304608056173,
   0.8506393259728293,
   0.2308835076516427
  ],
  [
   0.8659946792051171,
   0.13526791647307512,
   0.5385095729675496,
   0.857246137001729,
   0.22066781650935197
  ],
  [
   0.8710957069520114,
   0.12952377603072077,
   0.5327035846462906,
   0.8641145315438847,
   0.21225273531187372
  ],
  [
   0.8726149518264611,
   0.12606264821334928,
   0.5269527782731539,
   0.8678716554948167,
   0.2047507092536831
  ],
  [
   0.8773577007884067,
   0.1227864617287082,
   0.5329865499783709,
   0.8726793001595238,
   0.1993222567151769
  ],
  [
   0.8766365917133166,
   0.11480891662866323,
   0.5369991350424301,
   0.8765505128125609,
   0.18412262026328066
  ],
  [
   0.8790877243180418,
   0.11499001627981768,
   0.5352549571163746,
   0.8819311243313818,
   0.1766509066545541
  ],
  [
   0.878267899782948,
   0.11257114121003077,
   0.5283038774572634,
   0.8829880005183065,
   0.16811864440643884
  ],
  [
   0.8806543381883686,
   0.11302724626357348,
   0.5314308406979399,
   0.8851975881417107,
   0.164126818504971
  ],
  [
   0.8796920146802004,
   0.11475045850583233,
   0.5392360390906434,
   0.8850497868812366,
   0.15609152662817874
  ],
  [
   0.8821431535930327,
   0.11235118656747416,
   0.5415986361599318,
   0.8866033571412625,
   0.15303469062125694
  ],
  [
   0.8872393959832374,
   0.10851116524944154,
   0.542100386632753,
   0.8899260986876114,
   0.14768978829796459
  ],
  [
   0.8802734402060537,
   0.11020490383614556,
   0.5427368883473805,
   0.8948490675646138,
   0.14674579814433117
  ],
  [
   0.8849671146056043,
   0.10845381338403932,
   0.5454994315300743,
   0.8966075265040719,
   0.1473533528296983
  ],
  [
   0.8853426052444971,
   0.10740818773485462,
   0.5516065969768087,
   0.8966539670995656,
   0.14273688624413233
  ],
  [
   0.8860872651770247,
   0.10733157188438419,
   0.5505857339192286,
   0.8920914290784184,
   0.13633828353327207
  ],
  [
   0.886429263411609,
   0.10918897998575815,
   0.5464762943510902,
   0.8913558892319337,
   0.12920998899577868
  ],
  [
   0.8861539473780006,
   0.10922502352459162,
   0.5529420305717893,
   0.8928888737852222,
   0.1320021076204664
  ],
  [
   0.8864246652933772,
   0.1044878387597123,
   0.5605066025411035,
   0.8943014133426278,
   0.12962717197779602
  ],
  [
   0.8872267240638815,
   0.10403523391536824,
   0.5686688097305138,
   0.8964497322398506,
   0.12994876404900466
  ],
  [
   0.8856166866635488,
   0.10647582427571578,
   0.5757448836823271,
   0.8952041960227756,
   0.12662105717307778
  ],
  [
   0.8864584002309613,
   0.10303842624896153,
   0.5811409064369735,
   0.8930246594310738,
   0.13121163328190347
  ],
  [
   0.885123726926203,
   0.10586705616233205,
   0.584311444771752,
   0.8932790675947476,
   0.12900991812714124
  ],
  [
   0.8836178822559422,
   0.10102508065835798,
   0.5927468867467551,
   0.8934628678748416,
   0.12985754263006974
  ],
  [
   0.8836433168481519,
   0.10274860706917217,
   0.5980951007756171,
   0.8939421932915029,
   0.13106406534422124
  ],
  [
   0.8802122150014792,
   0.10566346884331662,
   0.589247231770989,
   0.8923054841753685,
   0.13180546783482763
  ],
  [
   0.876080255513723,
   0.1112348433070982,
   0.5971162899757937,
   0.8878850102811376,
   0.13328735726298993
  ],
  [
   0.8800046716330002,
   0.11361670341261183,
   0.6081514912155424,
   0.8878665243431408,
   0.12790119166025773
  ],
  [
   0.882709768230259,
   0.11643446807227315,
   0.6027842137896545,
   0.887715477328308,
   0.13288631227009243
  ],
  [
   0.8824102562925936,
   0.11887056960385738,
   0.6028846422357796,
   0.8904668974329909,
   0.13101194945100753
  ],
  [
   0.8823777383149768,
   0.11668429444866464,
   0.6096220803830187,
   0.8929814945389366,
   0.12597885432619546
  ],
  [
   0.8873602519534688,
   0.11978649486334314,
   0.6107840423643792,
   0.8910998646260831,
   0.12353663458153026
  ],
  [
   0.885529048929686,
   0.1143921780549092,
   0.6286690193727561,
   0.890844585603764,
   0.12535147445831823
  ],
  [
   0.8807967772676948,
   0.1103324543191825,
   0.6255946363551234,
   0.8893245952412506,
   0.12696026073904568
  ],
  [
   0.8824467212086186,
   0.11328246249775113,
   0.6298245671246843,
   0.8926478290447796,
   0.12933271397011173
  ],
  [
   0.885639801193129,
   0.11115137326076928,
   0.6174642502890457,
   0.8967136069356233,
   0.13224939876419997
  ],
  [
   0.8868383978774097,
   0.10954547484502465,
   0.62177811352263,
   0.8942163584216686,
   0.13630182223002082
  ],
  [
   0.883280244043681,
   0.10952519935077638,
   0.6164913371669686,
   0.8929694025684811,
   0.13663554005224285
  ],
  [
   0.8812163744630919,
   0.10622406203536078,
   0.6183459033769289,
   0.8957808792208318,
   0.13506717103745705
  ],
  [
   0.8818201204248911,
   0.10687448881096229,
   0.6155973270103351,
   0.8911172281409625,
   0.1397071728426878
  ],
  [
   0.8839066523859187,
   0.10793550826634267,
   0.6112014544366895,
   0.893343695401775,
   0.13811173534338736
  ],
  [
   0.8885783089823649,
   0.11430389656449617,
   0.6097091676925187,
   0.891260260312187,
   0.13762900309590667
  ],
  [
   0.891724070149599,
   0.11233551570353197,
   0.6173440753815438,
   0.889012876350972,
   0.13702269421634133
  ],
  [
   0.8915430181404566,
   0.1099141084990159,
   0.6173651435141628,
   0.8926699672037975,
   0.13496059750855452
  ],
  [
   0.8878917558817726,
