{
 "name": "Eiszeit",
 "split": "train",
 "env": {
  "temperature": 0.08,
  "predation": 0.15,
  "foodAbundance": 0.55,
  "foodHeight": 0.15,
  "light": 0.4,
  "water": 0.5
 },
 "generations": 80,
 "traits": [
  "insulation",
  "size",
  "limbLength",
  "metabolism",
  "armor",
  "photosynthesis",
  "mobility",
  "structure"
 ],
 "trajectory": [
  [
   0.5003555857558147,
   0.4998556680717013,
   0.5006348919869128,
   0.5002495530544128,
   0.49980677103561183,
   0.4997878594967075,
   0.5001344176920638,
   0.4997591527196754
  ],
  [
   0.5028191133582384,
   0.4969289627936359,
   0.5014925039489474,
   0.500768435808853,
   0.4973195862305544,
   0.4963021922194674,
   0.5007496535109721,
   0.49855499809941933
  ],
  [
   0.5123215219334163,
   0.4877934069504939,
   0.5018774570979021,
   0.5016584950165647,
   0.4925001166695157,
   0.48374383318184394,
   0.5093868409457981,
   0.4952205931284647
  ],
  [
   0.5307761379488928,
   0.47188294925183505,
   0.5020739065714889,
   0.5024607735061761,
   0.4820811406720695,
   0.4610978324513381,
   0.520267385761667,
   0.48689242556056
  ],
  [
   0.5540874781977166,
   0.44663419654423514,
   0.5027765169521604,
   0.5023898874657461,
   0.46538026349098277,
   0.42577882566236785,
   0.5403718376343241,
   0.47436959564806386
  ],
  [
   0.577993692802156,
   0.4134876179199882,
   0.5044861015377579,
   0.5075257527683864,
   0.4469024807244915,
   0.38109935108213505,
   0.5710704378731084,
   0.4552756842956365
  ],
  [
   0.6087168618022445,
   0.3738845033801023,
   0.5053765492800885,
   0.5208782366061362,
   0.4263637370960646,
   0.32696795473246926,
   0.6106432051691785,
   0.43264610412268967
  ],
  [
   0.6396755819258028,
   0.3348080389550494,
   0.5029968877835422,
   0.5415302350811029,
   0.3976937326730355,
   0.2689995354015072,
   0.668053750212537,
   0.40559608455388935
  ],
  [
   0.6749024258548277,
   0.3029093544026557,
   0.5030922274183591,
   0.5737562926954367,
   0.36924252016553866,
   0.20454113951205055,
   0.7275051632044586,
   0.3759436579604763
  ],
  [
   0.7044218736664907,
   0.2738361244534825,
   0.5025316753181199,
   0.6109304208885191,
   0.3474915314737808,
   0.15406557888231526,
   0.7868627251307868,
   0.34820974813830236
  ],
  [
   0.7338355703827534,
   0.24707603233052822,
   0.5014289536554629,
   0.6522115506250409,
   0.3270908576326334,
   0.12138492476591717,
   0.8329045911507986,
   0.32142359179366126
  ],
  [
   0.7591743031959136,
   0.2257035050328621,
   0.505289500475307,
   0.69114779036925,
   0.3102353899640489,
   0.0947835946409913,
   0.8671842067122332,
   0.30279274768078634
  ],
  [
   0.7855564826902742,
   0.20425888929519243,
   0.5095336351968087,
   0.7238476939856038,
   0.2912239331235887,
   0.07757454607300304,
   0.8912095962788132,
   0.2843593876534507
  ],
  [
   0.8051256699433543,
   0.18357189006750274,
   0.5121192183538038,
   0.7596769202192614,
   0.27477180279635277,
   0.0707896792844831,
   0.9071245886713902,
   0.26841003010009207
  ],
  [
   0.8219177161216179,
   0.17345618088020076,
   0.513812267058575,
   0.7905719106559111,
   0.2612523878895398,
   0.0673027499330902,
   0.917563390960268,
   0.2522964637991853
  ],
  [
   0.8353919789189422,
   0.1627701625594659,
   0.5162078434032099,
   0.8146610053313106,
   0.24425038647934635,
   0.06551921838432952,
   0.9255041357765504,
   0.2410872677320531
  ],
  [
   0.8478983045622287,
   0.1522980846564262,
   0.5158875045598791,
   0.8353632954946216,
   0.23237263252203932,
   0.0640579211902684,
   0.9265860369147526,
   0.2322481522770717
  ],
  [
   0.8572173516354469,
   0.14299529702826674,
   0.5156865730419004,
   0.852498242296909,
   0.22193646796250102,
   0.06511566253862977,
   0.9290321720359128,
   0.22419544583617004
  ],
  [
   0.8653069837013944,
   0.13791875789476332,
   0.521169630853859,
   0.8631094560152772,
   0.21396746344373185,
   0.06445005891639267,
   0.9292014415307427,
   0.21123106925927307
  ],
  [
   0.8701757789848875,
   0.1322408991226455,
   0.5237545489398315,
   0.8732615420219988,
   0.2061785400719559,
   0.06425750162091635,
   0.9311158930129322,
   0.20383836069516795
  ],
  [
   0.8728855437469298,
   0.12912769198860125,
   0.5273830428641926,
   0.8824048578447382,
   0.19415213718971439,
   0.06398604946901272,
   0.930149757983564,
   0.1945602100338363
  ],
  [
   0.8769925953742984,
   0.12622011203033323,
   0.5316974432837895,
   0.8895219667051396,
   0.19095833837710896,
   0.06486483764919569,
   0.9313777591814089,
   0.18802438281057288
  ],
  [
   0.8806979549626348,
   0.12381116857523859,
   0.5365137978119904,
   0.8911290178780571,
   0.18615241600836877,
   0.0639300169670767,
   0.9324935273981062,
   0.17860341773276667
  ],
  [
   0.8825491814305829,
   0.1229848678330799,
   0.5389086009114706,
   0.8965240942882912,
   0.18181511933746683,
   0.06323308756482866,
   0.9323150691896708,
   0.17107357057950276
  ],
  [
   0.8854792412376548,
   0.12051067134076211,
   0.5396998965942127,
   0.8993521581090073,
   0.17480651318473842,
   0.06474271997730573,
   0.9320198847761971,
   0.16885327823751173
  ],
  [
   0.8878329382929658,
   0.12007895343400322,
   0.5453625813659625,
   0.9010003653504829,
   0.1695588416314081,
   0.0641373777632775,
   0.9324121180227299,
   0.16207398649012314
  ],
  [
   0.8901743165999035,
   0.1167085280407938,
   0.5498163353914445,
   0.9032390573488912,
   0.16525328831121114,
   0.06382915691714584,
   0.9310544343545292,
   0.1575405840394371
  ],
  [
   0.8881135405299317,
   0.11717112899098085,
   0.5576068107216049,
   0.9053265259366531,
   0.16129032173327293,
   0.06413677683957676,
   0.9323928639243367,
   0.15833064844256192
  ],
  [
   0.8881852342425418,
   0.1172374480729742,
   0.5599089035354948,
   0.9056604364459514,
   0.15958222208007333,
   0.06400387507871093,
   0.9318307321816365,
   0.15647542027133682
  ],
  [
   0.8861700261472202,
   0.11442034622051185,
   0.5621905873663227,
   0.9075612918622346,
   0.15536062359835767,
   0.06594813634054221,
   0.9302740453201106,
   0.15432334321401942
  ],
  [
   0.8832106091417132,
   0.11318247544728043,
   0.5683137315140395,
   0.9071644313622231,
   0.15070859054933203,
   0.06572356426795813,
   0.9290471377466342,
   0.15422173781416582
  ],
  [
   0.8831710724256453,
   0.11139457363801492,
   0.5714305833136711,
   0.9062364752213101,
   0.14985906259257073,
   0.06562781198778939,
   0.9295017088800707,
   0.15071887154042873
  ],
  [
   0.8839703366935555,
   0.11163330935301884,
   0.5718517871692214,
   0.905505577377408,
   0.14655775918749256,
   0.06484802269038739,
   0.9284177551226627,
   0.14920126811145704
  ],
  [
   0.8840711602559685,
   0.11000221134280036,
   0.5689511637748799,
   0.9053723563577809,
   0.1460784296280047,
   0.06460326196698693,
   0.9292625049869199,
   0.15057071764670335
  ],
  [
   0.8869517428169688,
   0.10934049315060011,
   0.5657958547176342,
   0.9049952990735707,
   0.1428234216504917,
   0.06512068986969007,
   0.9303423168717893,
   0.14989456823079997
  ],
  [
   0.8881855811010236,
   0.10956663061969031,
   0.5639159302794401,
   0.9054974884107146,
   0.13936991422519893,
   0.06467006318838868,
   0.9310976100549238,
   0.14788625848440792
  ],
  [
   0.887853544690325,
   0.11106452659303107,
   0.5696625862059436,
   0.9066839456247923,
   0.13892847685390172,
   0.06446831497155767,
   0.9301305014173811,
   0.1442648418688125
  ],
  [
   0.8882155030595595,
   0.1121407148646979,
   0.5757971396500251,
   0.9073246011777053,
   0.13723061976166737,
   0.0643920123935028,
   0.9302490078384703,
   0.1442464925307899
  ],
  [
   0.8865306940123822,
   0.11218849040324898,
   0.5813548140250437,
   0.9071168130141883,
   0.1388510729342846,
   0.06390166566132878,
   0.9300620781346781,
   0.14381238202231383
  ],
  [
   0.8857390760835652,
   0.11183857980651196,
   0.5853942590846467,
