{
 "name": "Eiszeit",
 "split": "train",
 "env": {
  "temperature": 0.08,
  "predation": 0.15,
  "foodAbundance": 0.55,
  "foodHeight": 0.15,
  "light": 0.4,
  "water": 0.5
 },
 "generations": 80,
 "traits": [
  "insulation",
  "size",
  "limbLength",
  "metabolism",
  "armor",
  "photosynthesis",
  "mobility",
  "structure"
 ],
 "trajectory": [
  [
   0.5003555857558147,
   0.4998556680717013,
   0.5006348919869128,
   0.5002495530544128,
   0.49980677103561183,
   0.4997878594967075,
   0.5001344176920638,
   0.4997591527196754
  ],
  [
   0.5023235789576846,
   0.49868311011612043,
   0.5011714293835431,
   0.5005342809865835,
   0.4985366543969631,
   0.4973615900673031,
   0.49841200170752104,
   0.4992191902014009
  ],
  [
   0.5105973102639416,
   0.4951825924184705,
   0.5010945776634005,
   0.500605681095459,
   0.49825063028965455,
   0.4892171319038762,
   0.4950597383719522,
   0.49762491705544076
  ],
  [
   0.5213842595123249,
   0.48816237375531846,
   0.5001810894012808,
   0.4988410462134083,
   0.4936599067847583,
   0.47290169758717937,
   0.48552387086458954,
   0.4925270245067935
  ],
  [
   0.5343753528153414,
   0.47769066219762174,
   0.5005523095406914,
   0.4945025350988353,
   0.48697500049875275,
   0.4452004207376213,
   0.47347590131233086,
   0.4856440703902047
  ],
  [
   0.5501478463274014,
   0.466030134405252,
   0.5002967755839381,
   0.49119268491921847,
   0.47852114749725955,
   0.4112371916281891,
   0.4607914651392215,
   0.4755548000632133
  ],
  [
   0.5698116667867926,
   0.44526296574302965,
   0.5010357246427669,
   0.4872498808837659,
   0.4672914335947367,
   0.37182334338179923,
   0.4438677159324858,
   0.4635960355595936
  ],
  [
   0.5891639337745994,
   0.42408606735394433,
   0.5009762205716036,
   0.4865795565858717,
   0.4524932402893382,
   0.3207970703425594,
   0.4245764300868837,
   0.44851992394399604
  ],
  [
   0.603692312908566,
   0.39939461145639577,
   0.4986836488958187,
   0.48952265540387735,
   0.4353019071089541,
   0.26352918482132476,
   0.4083954239463237,
   0.43168334871779995
  ],
  [
   0.6163027369973632,
   0.36762304798570833,
   0.4970432068218856,
   0.49243375935470124,
   0.41749666077662045,
   0.20725221755752377,
   0.3900902915906464,
   0.4143396197128497
  ],
  [
   0.6341766455124227,
   0.3376634102373943,
   0.49774312994398234,
   0.4991922939616287,
   0.3992472572364469,
   0.16781538378889596,
   0.3768539918516031,
   0.39730498577259615
  ],
  [
   0.6490383157110097,
   0.30291858571516267,
   0.49783830050312344,
   0.504983964885053,
   0.37884020364013504,
   0.13464608633534275,
   0.361260919263873,
   0.3801728527421611
  ],
  [
   0.6613866292369351,
   0.2767372513031999,
   0.5004561236280054,
   0.5110304569339698,
   0.3567468836844608,
   0.11125202428995286,
   0.35006381335594683,
   0.3622106086379273
  ],
  [
   0.675566008093582,
   0.24937917904192564,
   0.5020081076226085,
   0.5199856801799324,
   0.33496166560777185,
   0.09649851117869102,
   0.3369468022731074,
   0.3421327995127343
  ],
  [
   0.6866638669063408,
   0.22560954394768584,
   0.5004379699430022,
   0.526011235769649,
   0.3151627831202235,
   0.08641491821109643,
   0.33055714589386215,
   0.3175553366818517
  ],
  [
   0.699937603779793,
   0.2082366851655931,
   0.5009155171831882,
   0.5310324033039121,
   0.296097039026476,
   0.08086117520277322,
   0.32116367918992555,
   0.2965780816209494
  ],
  [
   0.7102210192414254,
   0.18996630971511108,
   0.4967968776299947,
   0.5383387339896942,
   0.2762369693979358,
   0.07831454748425187,
   0.31078756753645714,
   0.2810584463693155
  ],
  [
   0.7194999143634634,
   0.17522905543525372,
   0.4971755252483088,
   0.5404082228304031,
   0.254740153565351,
   0.07530463086127348,
   0.30531778198470644,
   0.26240090102103947
  ],
  [
   0.7304425173296908,
   0.1607073332969979,
   0.49492902619861323,
   0.5441275311243485,
   0.2439002424466934,
   0.0742078025002449,
   0.300424877819142,
   0.24861948940560827
  ],
  [
   0.7391368683646121,
   0.14742486558721793,
   0.49567003556252637,
   0.5455790567891886,
   0.2278663168688976,
   0.07218999323185613,
   0.2925994040301982,
   0.22985092376430072
  ],
  [
   0.7441518205648089,
   0.13985920468797966,
   0.4994056104805276,
   0.5521662350740298,
   0.2155520889881237,
   0.07280425159824867,
   0.2896237431649433,
   0.21561557987880353
  ],
  [
   0.750229042525708,
   0.13100663507222468,
   0.4983152122139149,
   0.5528615725613814,
   0.20489430625775404,
   0.07436361665417913,
   0.2842571732552797,
   0.20011610457317977
  ],
  [
   0.7567262999543273,
   0.12596332729615278,
   0.5022522294154426,
   0.5573324637416597,
   0.19551870039805505,
   0.072704011932588,
   0.27883789315835317,
   0.1935877004894172
  ],
  [
   0.7648138474528109,
   0.12206094934977986,
   0.49971815007416814,
   0.5588429764735493,
   0.18639652335708187,
   0.07130326531017071,
   0.2777826337330157,
   0.18080535674837664
  ],
  [
   0.7699114977983369,
   0.1202848948749971,
   0.5029370630471897,
   0.5593632650323498,
   0.17568034721473044,
   0.07144021194304183,
   0.275477413079126,
   0.17021804186891595
  ],
  [
   0.7733101141647759,
   0.11574144589097429,
   0.5012275011822024,
   0.5616033337386006,
   0.17059573152600505,
   0.06980066957123453,
   0.27060215422018535,
   0.1656536454753563
  ],
  [
   0.777149745152662,
   0.1112978016011813,
   0.5049167352725094,
   0.5633437789941338,
   0.16247704135214122,
   0.07067869340253947,
   0.26419921636721994,
   0.158078719848445
  ],
  [
   0.7812098739726521,
   0.10917435807274523,
   0.5126954912939389,
   0.5714169633776888,
   0.15400197706205251,
   0.07070347984196126,
   0.261001672845934,
   0.15162406620731086
  ],
  [
   0.7854680764754196,
   0.11100297325281912,
   0.5146998683625564,
   0.5710936519213475,
   0.14856250350736908,
   0.07186419748719554,
   0.26257316341645276,
   0.14972989204612278
  ],
  [
   0.7890350086265139,
   0.10952476649091603,
   0.5158691958914058,
   0.5705207453273864,
   0.1452123798734242,
   0.07314598881218469,
   0.2613691471776624,
   0.14577461231931887
  ],
  [
   0.790278225760086,
   0.11069604579806175,
   0.5129653640767736,
   0.5685062055076017,
   0.14300184727788476,
   0.07098536077016616,
   0.25819596487958296,
   0.14395051414534527
  ],
  [
   0.7889881001586768,
   0.10927022244905694,
   0.5115222038443417,
   0.5681958369369432,
   0.14096090250856066,
   0.0719809735339781,
   0.25596139530750905,
   0.13933884174620872
  ],
  [
   0.7910140692817231,
   0.10802176380775462,
   0.5077750895874765,
   0.5728830066346402,
   0.13776122703967045,
   0.06937855118748514,
   0.255763688272409,
   0.13879490859751173
  ],
  [
   0.7918755501698742,
   0.1056273911684429,
   0.5163500958919847,
   0.5752519431442871,
   0.1348268091131737,
   0.06963801309807621,
   0.2521907720504814,
   0.13662399976771877
  ],
  [
   0.7945059114665445,
   0.10372678383137846,
   0.5154481888600624,
   0.5780579680223203,
   0.13304127078260786,
   0.0701099346933616,
   0.24827568227520438,
   0.13787320117860738
  ],
  [
   0.7991126955964271,
   0.10016750702038625,
   0.517955334300001,
   0.5809281673372687,
   0.12909007652758983,
   0.07066151286462956,
   0.2488571170873242,
   0.1312843129272678
  ],
  [
   0.7989671245951211,
   0.09954876253826138,
   0.5251733994559374,
   0.5828500696259491,
   0.12918880925542162,
   0.07165323473176752,
   0.24943901634919444,
   0.13143956833324594
  ],
  [
   0.7978740839499533,
   0.10123830660477656,
   0.525681653462031,
   0.5874127503121446,
   0.12993658125847166,
   0.0697629780161275,
   0.24875015288899693,
   0.1294857271393317
  ],
  [
   0.7995149736884201,
   0.10300309243910943,
   0.5279217393300845,
   0.588660317853806,
   0.12997672683550107,
   0.07111473844881856,
   0.24683222596413645,
   0.1296025555361114
  ],
  [
   0.7956352170141373,
   0.10390724407745013,
