{
 "name": "Eiszeit",
 "split": "train",
 "env": {
  "temperature": 0.08,
  "predation": 0.15,
  "foodAbundance": 0.55,
  "foodHeight": 0.15,
  "light": 0.4,
  "water": 0.5
 },
 "generations": 80,
 "traits": [
  "insulation",
  "size",
  "limbLength",
  "metabolism",
  "armor",
  "photosynthesis",
  "mobility",
  "structure",
  "wing"
 ],
 "trajectory": [
  [
   0.4991898287623622,
   0.4997065634827101,
   0.5001561244775644,
   0.5006984386424967,
   0.5003491935357325,
   0.5001629330209723,
   0.5002618699483379,
   0.5001433453474952,
   0.4998505652377894
  ],
  [
   0.5010554394519767,
   0.49896818077144317,
   0.49965215315954054,
   0.49971288990415,
   0.5000375321490639,
   0.4981968646766534,
   0.5002353177343022,
   0.5004878686315715,
   0.49817025559955086
  ],
  [
   0.5071888710802576,
   0.49770831310215424,
   0.4999652825883624,
   0.49892362034527915,
   0.4971909545706284,
   0.4929761946372953,
   0.49538502083589303,
   0.49912853141979224,
   0.4973295154638862
  ],
  [
   0.5172626925643796,
   0.4918449232882642,
   0.50061028253757,
   0.49707841972889183,
   0.4908062397397904,
   0.4789648011167955,
   0.4873002507826915,
   0.4935789429971184,
   0.49432634053881414
  ],
  [
   0.5354558130759169,
   0.48021629203152294,
   0.5006825254895068,
   0.4923112913238053,
   0.48207664491831603,
   0.4602273286402481,
   0.47762426527332513,
   0.48931767403209364,
   0.48802452525629664
  ],
  [
   0.5553886361795805,
   0.4687332870780032,
   0.4993271483662822,
   0.49261076335354265,
   0.4668539179513244,
   0.4345829512280201,
   0.46261016880626,
   0.48148627886065265,
   0.48338682370768044
  ],
  [
   0.575769254308577,
   0.4482713928534616,
   0.49813161136282463,
   0.4918921037958601,
   0.4508243567580119,
   0.4011352567429336,
   0.44871050590176903,
   0.47496521609160286,
   0.47531111228363315
  ],
  [
   0.59344463864578,
   0.42857126485826763,
   0.5002959595755515,
   0.49133394946971826,
   0.42622685634444396,
   0.36072225158207155,
   0.43074905139380354,
   0.45986238218079684,
   0.4628746321230475
  ],
  [
   0.6130857353777409,
   0.40203013058956466,
   0.5014365012705927,
   0.48934088910025997,
   0.3961365997581236,
   0.31177811791290794,
   0.41800493037806313,
   0.4472912563910239,
   0.44705459438062306
  ],
  [
   0.6310156962544318,
   0.36709576048872666,
   0.5022604225500374,
   0.48955654478070904,
   0.3642189189821072,
   0.253831099059769,
   0.3991804561182262,
   0.43359491154087926,
   0.4234984805569231
  ],
  [
   0.6453813152005327,
   0.33720862190115447,
   0.5049447127194844,
   0.4888595552883718,
   0.3300927478215259,
   0.20618771190066176,
   0.38280039770332697,
   0.4170076097990541,
   0.3991851142004969
  ],
  [
   0.6617527622178683,
   0.3057302153159269,
   0.5043921108987399,
   0.49560179189849674,
   0.30212102767963805,
   0.16618481036743007,
   0.3649714164058373,
   0.39611906502722943,
   0.376169759367573
  ],
  [
   0.6757313058320373,
   0.27023144781117364,
   0.505544107335902,
   0.4974665691518871,
   0.2729668966154623,
   0.1314421930591265,
   0.35381270807826254,
   0.37521280054132955,
   0.3506133538636798
  ],
  [
   0.685573063776315,
   0.24559412044400108,
   0.5047690956684938,
   0.5049211027132664,
   0.248449772971833,
   0.10904019057055941,
   0.34316524297863754,
   0.3506309519509932,
   0.3231241128135777
  ],
  [
   0.6954532334196014,
   0.21772241115201588,
   0.5037217597607576,
   0.516088063607319,
   0.22694029498726812,
   0.09332981416958304,
   0.3380942691220121,
   0.328892174776576,
   0.29579193013168714
  ],
  [
   0.7075494923817581,
   0.19353171769443775,
   0.5104788481147994,
   0.5188508895098828,
   0.20398029596097922,
   0.08488278643679374,
   0.33375592876816434,
   0.3073020495956031,
   0.2754169343427946
  ],
  [
   0.7151302415851752,
   0.17856007544015115,
   0.514127622436207,
   0.5259215073029729,
   0.18395537406975904,
   0.08015736480137882,
   0.3259537733812853,
   0.287297904472046,
   0.2548051754938551
  ],
  [
   0.7252070772962327,
   0.16255480459339247,
   0.5196485809330235,
   0.5310739738558087,
   0.1694280464752759,
   0.07606967127261734,
   0.31961219428379234,
   0.2678663552012812,
   0.23597181400337255
  ],
  [
   0.731573788181592,
   0.14936399312740595,
   0.5190408956207703,
   0.5324409056001768,
   0.1589596616842863,
   0.07380493207743315,
   0.3131473508887027,
   0.24967274422484595,
   0.21781721693768588
  ],
  [
   0.7391996331189388,
   0.13791896497780778,
   0.5181701354540569,
   0.5404210449330542,
   0.15147119661771816,
   0.07317300254731937,
   0.3058046161761236,
   0.2353838396548723,
   0.20023667243848006
  ],
  [
   0.7416560382277289,
   0.12708803143820369,
   0.5134243577246328,
   0.5456027998104352,
   0.1437093392808423,
   0.07204129458942501,
   0.29940692179279765,
   0.22064943053757324,
   0.18801997448735908
  ],
  [
   0.7459368391050538,
   0.12184703669745824,
   0.5128756945503362,
   0.5465292733520403,
   0.13755017921571344,
   0.07051910358261058,
   0.2953125040977377,
   0.21174497775030063,
   0.17852845120539362
  ],
  [
   0.7526767919511935,
   0.1211677914027114,
   0.5112957034870289,
   0.5568115410458299,
   0.12907172122343533,
   0.07108930519087035,
   0.28921535387470604,
   0.20153514229777805,
   0.1696154573522294
  ],
  [
   0.755775181165788,
   0.11542578737863522,
   0.5116544121355179,
   0.5648640916494992,
   0.12616388089085193,
   0.07022368893616963,
   0.2830837116717185,
   0.1860013123916092,
   0.16230304391492248
  ],
  [
   0.7582857332029093,
   0.11254674052942638,
   0.5138563940008197,
   0.5636784906015667,
   0.12216747818794538,
   0.07093560511428326,
   0.27546494663632176,
   0.1735506605124321,
   0.1548226941213002
  ],
  [
   0.7607758853094402,
   0.11113417009449629,
   0.5183952916620368,
   0.5655608762693005,
   0.11824812842917286,
   0.07046062800033,
   0.2729996810876806,
   0.16660389682520318,
   0.14754583752112918
  ],
  [
   0.7621298724731366,
   0.10977153953727357,
   0.5160593542353097,
   0.5713763161558282,
   0.11702189923165827,
   0.0708946399480268,
   0.2703811083052538,
   0.16066939134579775,
   0.14274481613346007
  ],
  [
   0.7666539067669654,
   0.1086695897391472,
   0.5138777369024886,
   0.5765417232767841,
   0.11455744488303223,
   0.07106849446898003,
   0.2665046424957755,
   0.15539769085910896,
   0.13694445895120164
  ],
  [
   0.7675409005477402,
   0.10767460124620602,
   0.5142843763899408,
   0.5754029925892193,
   0.11741368639157618,
   0.07111140716359192,
   0.26430444350299265,
   0.15153255808481594,
   0.13359116315513997
  ],
  [
   0.7686047930124825,
   0.1050179516404114,
   0.5158258630161607,
   0.5811192092644594,
   0.11864218836294149,
   0.07130470064812466,
   0.2594623236077797,
   0.14672450176135057,
   0.13089140060792112
  ],
  [
   0.770728259793254,
   0.10544093835426817,
   0.5159950879109443,
   0.5814685068319285,
   0.1152476943280437,
   0.0707477880379185,
   0.25568877384794514,
   0.14323464457491356,
   0.1263678103267362
  ],
  [
   0.770438368750697,
   0.10337065384346235,
   0.5147908156296558,
   0.582417881904169,
   0.11241880660335872,
   0.07116967575433066,
   0.2516730867507156,
   0.1374046006214605,
   0.12578430008130204
  ],
  [
   0.7748920321610013,
   0.10184634698073897,
   0.5193698989977091,
   0.5862870476059846,
   0.11114106228456282,
   0.07114104228167267,
   0.25196154985183633,
   0.13622377195240176,
   0.1227547658435671
  ],
  [
   0.7816168383837403,
   0.10172883810947697,
   0.5203749559998022,
   0.5890433679656458,
   0.11005269188839656,
   0.07230287657912983,
   0.25086493366324053,
   0.13476750742092,
   0.11942871185312594
  ],
  [
   0.7841701836000204,
   0.10301482224044368,
   0.5180509011880321,
   0.5925141064875692,
   0.1106459825426962,
   0.07315603666610089,
   0.2488601623923029,
   0.13143217688617265,
   0.12044078160243639
  ],
  [
