{
 "name": "Eiszeit",
 "split": "train",
 "env": {
  "temperature": 0.08,
  "predation": 0.15,
  "foodAbundance": 0.55,
  "foodHeight": 0.15,
  "light": 0.4,
  "water": 0.5
 },
 "generations": 80,
 "traits": [
  "insulation",
  "size",
  "limbLength",
  "metabolism",
  "armor",
  "photosynthesis",
  "mobility",
  "structure"
 ],
 "trajectory": [
  [
   0.5003555857558147,
   0.4998556680717013,
   0.5006348919869128,
   0.5002495530544128,
   0.49980677103561183,
   0.4997878594967075,
   0.5001344176920638,
   0.4997591527196754
  ],
  [
   0.5022302008016059,
   0.49888386026965903,
   0.5009951143384347,
   0.500515539883123,
   0.498035197385982,
   0.4975146704879377,
   0.49844444270413474,
   0.4991474211269869
  ],
  [
   0.5103064824560163,
   0.4965279684259452,
   0.49987744041787757,
   0.5001149126477511,
   0.4947557939139961,
   0.48954779004664034,
   0.4955493083476432,
   0.497806088714228
  ],
  [
   0.5233894349153002,
   0.49034082063612766,
   0.4969384407878299,
   0.49832979738843525,
   0.48502360622214796,
   0.4731282052912215,
   0.4875679779543509,
   0.4951186839405608
  ],
  [
   0.5394535489026938,
   0.48242236108776443,
   0.49678845058257753,
   0.49566532136128777,
   0.4711698527522133,
   0.44653793286123583,
   0.4752551731831484,
   0.4912190884823733
  ],
  [
   0.5528534248061553,
   0.47041192181906505,
   0.4941612883791722,
   0.49216256938853736,
   0.4570430464316144,
   0.4127932417230306,
   0.4622938415168207,
   0.4812026132209342
  ],
  [
   0.5673445048606877,
   0.4527270568539761,
   0.4960586677640923,
   0.49018555748450526,
   0.43895654730510336,
   0.3706444821607624,
   0.44602199559046446,
   0.4727599395965358
  ],
  [
   0.5838170942466253,
   0.43341537656231227,
   0.4963817545361877,
   0.4868773546558625,
   0.41437435745714574,
   0.32086010283550304,
   0.42964437143096496,
   0.46160932614503186
  ],
  [
   0.5987845268479034,
   0.40961917935754716,
   0.4948055593192852,
   0.48692478239998066,
   0.3883307825275722,
   0.2630462336443657,
   0.41360298366081855,
   0.44593009379166565
  ],
  [
   0.6123986780931757,
   0.37685413863075046,
   0.4999605843973493,
   0.48685966199728486,
   0.3601435109097051,
   0.21194144893446068,
   0.39693304166456467,
   0.4291134450642527
  ],
  [
   0.6321533910460359,
   0.3437503699080286,
   0.5023961640523941,
   0.48635031581716165,
   0.32974463862353887,
   0.1703760404061735,
   0.38015315720433135,
   0.41048728216517527
  ],
  [
   0.649038069984362,
   0.3119475860717071,
   0.5038379275319538,
   0.4903932394098178,
   0.300874848534926,
   0.13618495121636479,
   0.3662691989362737,
   0.3929644924999262
  ],
  [
   0.6639531494243721,
   0.28187139328532157,
   0.5031361027154927,
   0.49775795827978214,
   0.2754801741645754,
   0.11329857875274157,
   0.3547400773959834,
   0.3728195579870557
  ],
  [
   0.6736886543010558,
   0.25256313968991057,
   0.5022041519829474,
   0.4999535001278445,
   0.25413645181596767,
   0.09959274725758326,
   0.34487101972071915,
   0.3555597163439194
  ],
  [
   0.6858856620877982,
   0.2299591299663675,
   0.5062721371863729,
   0.5047292214818896,
   0.23530848993831674,
   0.09082916698973452,
   0.33587701342008053,
   0.33697478704801015
  ],
  [
   0.6994591548840633,
   0.2070390662671718,
   0.5050420002182919,
   0.512071197798262,
   0.21177021932552384,
   0.08297055828808277,
   0.32617304570275474,
   0.3171111652669047
  ],
  [
   0.709666092084706,
   0.19132796185669435,
   0.5094612652316307,
   0.5124163306634755,
   0.19713923287854,
   0.07858626524477742,
   0.31902732998267175,
   0.2976227904928769
  ],
  [
   0.7207255524943813,
   0.17324963226690973,
   0.5090740005689157,
   0.5228751089994094,
   0.18088575875756072,
   0.0772887837099157,
   0.3133767067432678,
   0.27733316251199075
  ],
  [
   0.729377973962735,
   0.1599681155985915,
   0.5110825208447195,
   0.5258078008402726,
   0.16803144059881117,
   0.07595004987604852,
   0.30792272909637647,
   0.2588304770101811
  ],
  [
   0.7374954060058813,
   0.1468086541154613,
   0.5119920437373482,
   0.5342300229596166,
   0.15555629969240795,
   0.07591771205151772,
   0.3025652739448524,
   0.24041441132487473
  ],
  [
   0.7447973334164937,
   0.13919790041492272,
   0.5160814636477795,
   0.5391336410792693,
   0.14764607265766871,
   0.07496180629708107,
   0.29735218535927904,
   0.2283368757194603
  ],
  [
   0.7506006453845995,
   0.13267613741255108,
   0.5195717589863128,
   0.5431801378552462,
   0.1416389964360452,
   0.07356754341578844,
   0.2867314429428774,
   0.21703542871813983
  ],
  [
   0.7560038973786494,
   0.12771700178139472,
   0.5222805827137468,
   0.5479467309417817,
   0.13712805972832612,
   0.07262060815674364,
   0.2792701515596476,
   0.2016726009305928
  ],
  [
   0.7603952224338902,
   0.1238717824010281,
   0.5259816333846629,
   0.5530109874675947,
   0.1313655698379623,
   0.07382799557059062,
   0.2770527130623241,
   0.18819496076311096
  ],
  [
   0.7654725155103498,
   0.12114898294105995,
   0.5233472590139884,
   0.5531998147373308,
   0.12671839974055585,
   0.07399835672030611,
   0.2711639323411235,
   0.17811560258141737
  ],
  [
   0.7698493972870936,
   0.11494367482743806,
   0.5194692671545094,
   0.5573446093877645,
   0.12409283135398769,
   0.07339062754253987,
   0.26956565813935457,
   0.17342446277502674
  ],
  [
   0.7729765425902495,
   0.1115373849850409,
   0.5246012225169333,
   0.5582571723952441,
   0.1202209053021302,
   0.07150132697354064,
   0.2678547960123561,
   0.16623282567637943
  ],
  [
   0.774521629877253,
   0.11076661377295444,
   0.5242795287028167,
   0.5615658171582427,
   0.11822099251154822,
   0.07172140269091389,
   0.26218147561433225,
   0.1612722460436443
  ],
  [
   0.7760492791576789,
   0.11089934486131701,
   0.5317849934494977,
   0.5645797366618165,
   0.11568986739670768,
   0.072123780250743,
   0.2623527841761696,
   0.15660570018662026
  ],
  [
   0.7774139682261231,
   0.11031054571963898,
   0.5308946335318567,
   0.5695472498230553,
   0.11551473300939884,
   0.07265852634235317,
   0.25939393791562043,
   0.1514355936154789
  ],
  [
   0.7796507009753406,
   0.10942258977719103,
   0.529221408686844,
   0.5690901642604181,
   0.11355436289004099,
   0.07345900449196316,
   0.25523070933684877,
   0.14790452335420523
  ],
  [
   0.7807014473383406,
   0.10677754430132817,
   0.530276549150685,
   0.5715446092816299,
   0.11429371387433411,
   0.07327408792660224,
   0.25342568733580795,
   0.14373684732836467
  ],
  [
   0.7858624547873019,
   0.10753491376291265,
   0.5303448758885273,
   0.5731781295786854,
   0.11277634738513818,
   0.07156678625650485,
   0.2520730420277827,
   0.14082569539388326
  ],
  [
   0.788891346018482,
   0.10523098419705368,
   0.5368630042790398,
   0.5720235699946047,
   0.11227686711997271,
   0.07157071687055222,
   0.24984936566319624,
   0.13820825542207807
  ],
  [
   0.7913718196183653,
   0.10559537707065973,
   0.5333003086270448,
   0.5789944710998827,
   0.1107399785841884,
   0.07130631081143475,
   0.25063476811406216,
   0.1352778635535143
  ],
  [
   0.7932134355117081,
   0.10594236045000922,
   0.533968537624408,
   0.5856129666287594,
   0.11088742927021726,
   0.07197704959653399,
   0.24757677415968368,
   0.13351546688982818
  ],
  [
   0.7946608769053364,
   0.10628974412471819,
   0.5400506252233982,
   0.5866088851577558,
   0.10974509422132661,
   0.07226495368712087,
   0.24995036787716637,
   0.13384484464343446
  ],
  [
   0.7939731083684894,
   0.1054574126097772,
   0.5431019104161549,
   0.5819658924304633,
   0.10998574313825811,
   0.07114389093562022,
   0.2502835426348476,
   0.13288537794972158
  ],
  [
   0.7967910104506144,
   0.10791305328366084,
   0.5450902835418182,
   0.5899669309879283,
   0.10985017691714911,
   0.07165653334424553,
   0.24369177514565699,
   0.13194226342124007
  ],
  [
   0.7960607937943932,
