{
 "name": "Heisse Jagd",
 "split": "test",
 "env": {
  "temperature": 0.9,
  "predation": 0.85,
  "foodAbundance": 0.8,
  "foodHeight": 0.15,
  "light": 0.8,
  "water": 0.5
 },
 "generations": 80,
 "traits": [
  "insulation",
  "size",
  "limbLength",
  "metabolism",
  "armor",
  "photosynthesis",
  "mobility",
  "structure"
 ],
 "trajectory": [
  [
   0.5003555857558147,
   0.4998556680717013,
   0.5006348919869128,
   0.5002495530544128,
   0.49980677103561183,
   0.4997878594967075,
   0.5001344176920638,
   0.4997591527196754
  ],
  [
   0.4985577253353744,
   0.4991589680168678,
   0.5011275068259773,
   0.5000868449195702,
   0.49900185934107943,
   0.49812951886211626,
   0.5007560389454293,
   0.5004013135284976
  ],
  [
   0.48880521049976244,
   0.49698067491336,
   0.5006814374642282,
   0.4992478985388819,
   0.5018791875934716,
   0.491746223386652,
   0.5063359513188056,
   0.5032947011385762
  ],
  [
   0.4699943434405542,
   0.49483632360229785,
   0.5005100401280838,
   0.4958096184577598,
   0.5060796299412235,
   0.4815211033234017,
   0.5158823636626645,
   0.5068777912408405
  ],
  [
   0.44620393048777296,
   0.4918841749665743,
   0.5008938810307068,
   0.49065926738410637,
   0.5102703022864487,
   0.4625144321330337,
   0.5276917077952593,
   0.5091936673352315
  ],
  [
   0.4156701776319573,
   0.49006844614137424,
   0.49938566050231176,
   0.4837143507506269,
   0.5139293681280015,
   0.43748790246649993,
   0.5517262962272699,
   0.5102205098697756
  ],
  [
   0.3828443528648584,
   0.4828179173445222,
   0.49981716470436255,
   0.47937960679403363,
   0.5200397286023136,
   0.40596660589061084,
   0.5741610197571252,
   0.5111741028518956
  ],
  [
   0.34961367295114437,
   0.4756801385380853,
   0.4969527965368235,
   0.47129222305091845,
   0.5279352923402915,
   0.3631412429518701,
   0.6011896820302728,
   0.5131019553571561
  ],
  [
   0.3179379873407184,
   0.4627180067437968,
   0.4955876006891315,
   0.4718807667952922,
   0.5342622777310465,
   0.3077366955387127,
   0.6391810241390746,
   0.5128711747139632
  ],
  [
   0.29012377416492935,
   0.4474493616150963,
   0.49793063409856747,
   0.4816632575864523,
   0.5366603039753631,
   0.2481098212654966,
   0.6843337256997618,
   0.5129657861545522
  ],
  [
   0.25947974981951966,
   0.428189065570626,
   0.5028779591162521,
   0.4932379645910711,
   0.5387092546582749,
   0.19043539581356228,
   0.731486713568843,
   0.5116334000249284
  ],
  [
   0.23617493723763414,
   0.40856362700742116,
   0.5058612946251954,
   0.5166638267336962,
   0.544894593895431,
   0.1461335061373155,
   0.7773923301592524,
   0.5101532969287057
  ],
  [
   0.21575319855782973,
   0.39000279714567415,
   0.5085008798931896,
   0.5446949433811104,
   0.5545500155747275,
   0.11198231195655146,
   0.8202683939773648,
   0.5109812877861523
  ],
  [
   0.20003405229132146,
   0.37109821511122226,
   0.5140525352864754,
   0.5771822295759504,
   0.5619585099904104,
   0.08654398683744158,
   0.8549810972203328,
   0.5064061721210987
  ],
  [
   0.18351766563916364,
   0.35080819789993517,
   0.5169245253922549,
   0.6080873907661212,
   0.5638921896760197,
   0.07301100261733111,
   0.8784324259363996,
   0.5036933451950497
  ],
  [
   0.16913225472214663,
   0.3351568427613267,
   0.5183534293476778,
   0.6342352707573509,
   0.5731703653401053,
   0.06622811806254013,
   0.8962121883308449,
   0.5010519420283148
  ],
  [
   0.15888444855226663,
   0.3209126229398924,
   0.5220554858807365,
   0.6603279926044575,
   0.583295504136561,
   0.06338657150765177,
   0.9079541469829217,
   0.49718861384734114
  ],
  [
   0.15196574221520717,
   0.3056381435844047,
   0.5235253026307432,
   0.6850227698271764,
   0.58760356807771,
   0.06110644473770446,
   0.9158145976576285,
   0.4941935490187826
  ],
  [
   0.14722051121585977,
   0.297629122812245,
   0.5303605436371115,
   0.7081656651028,
   0.5974721705380953,
   0.05892693001340768,
   0.9225575777263361,
   0.4931790685155793
  ],
  [
   0.13973164646791422,
   0.2816717109310681,
   0.5304680735671533,
   0.7310948371815115,
   0.6047462617079432,
   0.05942764493300817,
   0.9277682919943828,
   0.4915866449898519
  ],
  [
   0.13385106996958007,
   0.2663192769050637,
   0.5347112017341952,
   0.750114097493003,
   0.6123079168361986,
   0.059092262416839576,
   0.9281520721589883,
   0.49634390195689065
  ],
  [
   0.1289663717364309,
   0.2550330756533711,
   0.53643418761095,
   0.7676980562797918,
   0.6153687051381644,
   0.058671631323820056,
   0.9291206649090475,
   0.5008397010474009
  ],
  [
   0.12692567929114837,
   0.2444638906651042,
   0.5363305163684177,
   0.7783273211091157,
   0.6228825619720825,
   0.057093029328777335,
   0.931343920127166,
   0.49732051042911535
  ],
  [
   0.12390268348940202,
   0.23643490576385284,
   0.5388719840684314,
   0.7917843129640246,
   0.6334279785282056,
   0.05770671813382395,
   0.9323579111378474,
   0.49659439887715057
  ],
  [
   0.1195745087355277,
   0.22937623329437018,
   0.5412252392297724,
   0.7997347794955587,
   0.639505287826004,
   0.05759439920910134,
   0.9335250284103779,
   0.49684638125301755
  ],
  [
   0.11874866400336619,
   0.22046361812403936,
   0.5440558216646961,
   0.810775393142204,
   0.6511713040013366,
   0.05754090536791607,
   0.9350287859573752,
   0.500011015545263
  ],
  [
   0.11946115123089564,
   0.21344290673022837,
   0.547768015667624,
   0.8182171180882384,
   0.6601135998442376,
   0.05727355827509939,
   0.934615732537746,
   0.5015752711812679
  ],
  [
   0.11798333531292195,
   0.20726298245314104,
   0.5445438297176757,
   0.8271022840837645,
   0.6697952807446144,
   0.057783409378553696,
   0.9333262972143013,
   0.5065142649151809
  ],
  [
   0.1178348502179064,
   0.19743947824095107,
   0.5534940410570371,
   0.8344053873274895,
   0.6759775732805489,
   0.0585907662745779,
   0.934429549115889,
   0.5084205538537027
  ],
  [
   0.11579776272896082,
   0.19252226990468424,
   0.558990022741429,
   0.8440939751272297,
   0.6856195385452669,
   0.058439183033518284,
   0.93430137206298,
   0.5135493553297316
  ],
  [
   0.1149454796535252,
   0.18777763366930042,
   0.5628821332747768,
   0.8499043396496826,
   0.6916618477725239,
   0.05785026114837343,
   0.9342977920052689,
   0.5177944552258048
  ],
  [
   0.11571650552065488,
   0.17815992249288717,
   0.5688673678195864,
   0.8540788749805067,
   0.7004036498101457,
   0.05752157239883276,
   0.9353095408092642,
   0.517466565104724
  ],
  [
   0.11375293628379546,
   0.1743098398902153,
   0.5754110484310102,
   0.8569206250389,
   0.7059835825668741,
   0.05701482960614751,
   0.9347726552995107,
   0.5167874120297103
  ],
  [
   0.11251425406138026,
   0.16738391435327715,
   0.5820924073437496,
   0.8603725570352202,
   0.7096393264899952,
   0.057068602852259974,
   0.933293179695002,
   0.5209978671064456
  ],
  [
   0.1147391362134722,
   0.16093187048347934,
   0.5862627905452573,
   0.8625287376513504,
   0.7186657423193842,
   0.0566584712365463,
   0.9327071799241663,
   0.5183380513772772
  ],
  [
   0.11284032969469149,
   0.1534947623400007,
   0.5913312692084509,
   0.8667494118278211,
   0.7244601781616189,
   0.05676806565461723,
   0.9338505204507639,
   0.5187434432939207
  ],
  [
   0.11336898702099085,
   0.15458944240449582,
   0.5916263243543423,
   0.8690537189868487,
   0.7378268109332732,
   0.05746603924367871,
   0.9346950515347268,
   0.5149540362354929
  ],
  [
   0.11536926048855738,
   0.14979719269373246,
   0.5989875648916748,
   0.8699950387469967,
   0.7407664890306022,
   0.05614281409897868,
   0.9350886271232727,
   0.5216908207294344
  ],
  [
   0.11471337735843358,
   0.14950611429524496,
   0.5998101908381457,
   0.8711970577876529,
   0.7488671928328524,
   0.056839239274772836,
   0.9354909370458393,
   0.5231093421264469
  ],
  [
   0.1130588092233421,
   0.14487901761357877,
   0.6059593610018236,
   0.8729110926895046,
