{
 "name": "Heisse Jagd",
 "split": "test",
 "env": {
  "temperature": 0.9,
  "predation": 0.85,
  "foodAbundance": 0.8,
  "foodHeight": 0.15
 },
 "generations": 80,
 "traits": [
  "insulation",
  "size",
  "limbLength",
  "metabolism",
  "armor"
 ],
 "trajectory": [
  [
   0.4996433834143544,
   0.4991594094359171,
   0.5000550608007928,
   0.5000850530552066,
   0.5014633631818153
  ],
  [
   0.49698807621069063,
   0.4996131502603987,
   0.49993532186568257,
   0.49931354566798314,
   0.5019728861854319
  ],
  [
   0.48006986005208185,
   0.49666733845778027,
   0.4974277850072745,
   0.5000938162541245,
   0.5071433458041682
  ],
  [
   0.44836184116097594,
   0.498718425904686,
   0.49721065952343757,
   0.5097913414446108,
   0.5194098497051237
  ],
  [
   0.4111383270065276,
   0.5047414090240879,
   0.49756466746499656,
   0.532189146710115,
   0.5298077526386503
  ],
  [
   0.3587315041817503,
   0.5112785797075621,
   0.4935988387102728,
   0.5440689406975908,
   0.5535108387304354
  ],
  [
   0.30804715397489213,
   0.5185654162079243,
   0.49345984905678736,
   0.5600498232232339,
   0.5789551696377152
  ],
  [
   0.2637927059172224,
   0.5271110410198293,
   0.49484224278154093,
   0.5891775638448633,
   0.6074206547911528
  ],
  [
   0.2276711716035389,
   0.548077175161147,
   0.49677665481612365,
   0.6122598916129426,
   0.6394242288294513
  ],
  [
   0.1933755260071832,
   0.5609206389749953,
   0.5021088100828225,
   0.6378307058253231,
   0.6650452740947336
  ],
  [
   0.17035100343618204,
   0.5651377577524691,
   0.5066798620007568,
   0.6712924031984722,
   0.6981046530791669
  ],
  [
   0.14726080539158784,
   0.5762887277754886,
   0.509709166699862,
   0.7005254922304739,
   0.7277378033542297
  ],
  [
   0.139183121226897,
   0.5816582149438924,
   0.5053789530211675,
   0.7227931241299967,
   0.7490499381953991
  ],
  [
   0.1292215321693172,
   0.5895646962329157,
   0.4932807922447608,
   0.7493558971749912,
   0.781043992967846
  ],
  [
   0.12431377066731546,
   0.6078038987274842,
   0.493862654698694,
   0.7748221615875193,
   0.7980989177793387
  ],
  [
   0.11557477457882048,
   0.6159938408540105,
   0.4958337060300571,
   0.7924212029518937,
   0.8150108824710847
  ],
  [
   0.11067051554611523,
   0.6234652688115468,
   0.4904858426450751,
   0.8084297017457943,
   0.8298501512148736
  ],
  [
   0.10768921765724787,
   0.646395692794426,
   0.4797447148131139,
   0.8270750356517214,
   0.8409171632251103
  ],
  [
   0.10898865490370906,
   0.6633137418750759,
   0.4776528342725392,
   0.8376512318583043,
   0.8505550294754268
  ],
  [
   0.10560170457297206,
   0.6704685391434454,
   0.4743978412688079,
   0.8507125087087207,
   0.8596205103072765
  ],
  [
   0.10648140618034768,
   0.6831563380772797,
   0.4633861536712023,
   0.8620522172585616,
   0.8629825466135324
  ],
  [
   0.10523570906667999,
   0.6978711404915879,
   0.47169968401833495,
   0.86697590021081,
   0.867526900017847
  ],
  [
   0.10763848099975724,
   0.7042168963520079,
   0.48207586375790196,
   0.8761787080287995,
   0.8736641732010281
  ],
  [
   0.10853111285617896,
   0.705386437629806,
   0.4861462600470345,
   0.8801491801027762,
   0.878778588962014
  ],
  [
   0.10849588553229685,
   0.71605408342624,
   0.49264651558227723,
   0.8882111005602206,
   0.8814308841616388
  ],
  [
   0.10579638482281513,
   0.7292242762963995,
   0.5010702998600319,
   0.891165613542947,
   0.8823005568422874
  ],
  [
   0.1076185545072507,
   0.7375101122129694,
   0.5001873353398852,
   0.8940079471203619,
   0.8840607941929536
  ],
  [
   0.10482726344228203,
   0.7498464438079213,
   0.5021591398003923,
   0.8933246161835467,
   0.8858950496865305
  ],
  [
   0.10447832372039544,
   0.763957722890016,
   0.49974564560318707,
   0.8933618070895699,
   0.8867478778412278
  ],
  [
   0.10911014696676014,
   0.7681123154181085,
   0.47870225408248507,
   0.8963544240692194,
   0.8879580571678248
  ],
  [
   0.10405704411056473,
   0.7755794381441378,
   0.47726272322201074,
   0.9007100157676873,
   0.8916990952305817
  ],
  [
   0.10543194381412697,
   0.779255844451109,
   0.48556938571720565,
   0.9024175099560066,
   0.8946972350109986
  ],
  [
   0.10402015618563898,
   0.7870059780183524,
   0.4857395180510153,
   0.9026440724440251,
   0.8921351161889411
  ],
  [
   0.10513899695799762,
   0.7889210226978128,
   0.4767878698485189,
   0.9022773023983715,
   0.8889663528867224
  ],
  [
   0.1038932569081656,
   0.7877378893472907,
   0.4715931070543065,
   0.9027396155437036,
   0.8872908232319668
  ],
  [
   0.10135371570109054,
   0.7854839958705327,
   0.468409952542958,
   0.9041621370353639,
   0.8862777901475241
  ],
  [
   0.09871446983902882,
   0.7877191205838961,
   0.4673296540052662,
   0.9043048913495849,
   0.8851444049111281
  ],
  [
   0.10185980517369538,
   0.7873097351998508,
   0.4852887843577242,
   0.9086532627201902,
   0.8847626499211474
  ],
  [
   0.10539149359599691,
   0.7904326559678759,
   0.47847419803288993,
   0.903287243044906,
   0.8831722424987484
  ],
  [
   0.10563554195769005,
   0.792739293440552,
   0.48854186504294034,
   0.9039658757418354,
   0.8834360791274823
  ],
  [
   0.10405045514956017,
   0.7972604186321904,
   0.48926020237089407,
   0.9011665195958499,
   0.8828474822219885
  ],
  [
   0.1013607975105671,
   0.8001281032620894,
   0.4902649822705854,
   0.9002510884794502,
   0.8847732013892325
  ],
  [
   0.10573568351021656,
   0.8031160832868801,
   0.49098490857166066,
   0.8991874506955472,
   0.8831734515757055
  ],
  [
   0.10626203562285573,
   0.8027230531733355,
   0.4987259838405373,
   0.898641150065613,
   0.8827698005474542
  ],
  [
   0.10657786643541205,
   0.8101543261229788,
   0.4992465202528314,
   0.9003316025684632,
   0.8824186257363524
  ],
  [
   0.10732858898628074,
   0.8148742722217704,
   0.5058302061792883,
   0.9020638408199212,
   0.8809690209519881
  ],
  [
   0.10745741425953347,
   0.8122776320451067,
   0.49625283389022784,
   0.9037577502605957,
   0.8860858919948916
  ],
  [
   0.10311226614759389,
   0.8171682646817396,
   0.48477258590742517,
   0.9042515190802968,
   0.8848192291028919
  ],
  [
   0.10079484731700945,
   0.8113515423396453,
   0.5017785338434397,
   0.9028002381825581,
   0.88857219928772
  ],
  [
   0.09862511200160111,
   0.8161394398025738,
   0.4956216813607466,
   0.9037160719857021,
   0.8947124597002011
  ],
  [
   0.09772359788156565,
   0.8154442987442034,
   0.4909837400633655,
   0.9047731695824496,
   0.8960156032093977
  ],
  [
   0.09655403627100617,
   0.8097198873981345,
   0.4857920530496768,
   0.9015077622878441,
   0.8942847453163959
  ],
  [
   0.09676349382030232,
   0.8134675801857401,
   0.4884928526246651,
   0.9050239173350473,
   0.8908345118077684
  ],
  [
   0.09545417109674141,
   0.8220147682427655,
   0.486485571114216,
   0.9042719143305816,
   0.8897834283692235
  ],
  [
   0.09805784771566158,
   0.8229310480755324,
   0.4866920085007755,
   0.9028798165075588,
   0.8894642252398716
  ],
  [
   0.09468942194390308,
   0.8229874178402482,
   0.5014157980425556,
   0.904288391085677,
   0.8887505604060895
  ],
  [
   0.09932804456466869,
   0.8182632543430652,
   0.4897852265565388,
   0.9076896545829808,
   0.8903437253237687
  ],
  [
   0.10043814100549305,
   0.8250318387969467,
   0.4787089888926719,
   0.9067650019211446,
   0.8878460507343138
  ],
  [
   0.10176235646508154,
   0.8264278709121147,
   0.47653165890954075,
   0.9092073756264103,
   0.8883505222374465
  ],
  [
   0.1046619970606927,
   0.8365264035982548,
   0.4632281691210016,
   0.9048363999126985,
   0.8867163313531249
  ],
  [
   0.10350285714559777,
   0.8366561026002678,
   0.46457659358605485,
   0.9059190546058541,
   0.8860075028939849
  ],
  [
   0.10617120692473205,
   0.837075325036567,
   0.4577446880653615,
   0.9074102623853103,
   0.8888927321003274
  ],
  [
   0.10798564586336869,
   0.8306586521574104,
