{
 "name": "Heisse Jagd",
 "split": "test",
 "env": {
  "temperature": 0.9,
  "predation": 0.85,
  "foodAbundance": 0.8,
  "foodHeight": 0.15,
  "light": 0.8,
  "water": 0.5
 },
 "generations": 80,
 "traits": [
  "insulation",
  "size",
  "limbLength",
  "metabolism",
  "armor",
  "photosynthesis",
  "mobility",
  "structure"
 ],
 "trajectory": [
  [
   0.5003555857558147,
   0.4998556680717013,
   0.5006348919869128,
   0.5002495530544128,
   0.49980677103561183,
   0.4997878594967075,
   0.5001344176920638,
   0.4997591527196754
  ],
  [
   0.4986111669863725,
   0.4992365830781127,
   0.5011303198025079,
   0.5005009491582809,
   0.49843985920862965,
   0.496302417290027,
   0.4993964084144484,
   0.4998059253801015
  ],
  [
   0.4893985571121797,
   0.49693941177229045,
   0.5013539661636297,
   0.5033560671213433,
   0.4973735433379988,
   0.48166459410179113,
   0.4985730197610934,
   0.5023049537723303
  ],
  [
   0.47040174104143156,
   0.493791721289832,
   0.500781456308767,
   0.50662569299342,
   0.4945370252608487,
   0.4570339366555381,
   0.49548414254906664,
   0.5055175002116034
  ],
  [
   0.4453169172525306,
   0.4865304864677291,
   0.502455030734892,
   0.5131672940534034,
   0.48975833877043146,
   0.4210138875213268,
   0.491967513519803,
   0.5064543431229118
  ],
  [
   0.4139897244248232,
   0.481167819902828,
   0.499977798600441,
   0.5211793928767238,
   0.4825309328501543,
   0.37666362379869645,
   0.490797761308939,
   0.5057971551426389
  ],
  [
   0.3830290950866762,
   0.46996579922834125,
   0.49977222182826936,
   0.5318796562330795,
   0.475509125665343,
   0.3275031117188288,
   0.49046748477040647,
   0.5063750917477818
  ],
  [
   0.3498697928113244,
   0.45802406257692246,
   0.4998569385205995,
   0.5464457274397502,
   0.47088490506897646,
   0.27151324842589014,
   0.4944301384971792,
   0.5089408007076861
  ],
  [
   0.31428163046191016,
   0.45021033283887935,
   0.5019611251689694,
   0.5670286430410253,
   0.46128462757695204,
   0.2113030205394787,
   0.503416078109829,
   0.514930587133572
  ],
  [
   0.2807242890879,
   0.44360303655141187,
   0.5022194755585707,
   0.5918726248123587,
   0.46070852821619074,
   0.15976116016117375,
   0.515603788079227,
   0.5217043286576828
  ],
  [
   0.25888271255864204,
   0.43617334418978443,
   0.5028322620236629,
   0.6131948449598658,
   0.4606609258595171,
   0.1256364673131201,
   0.5293011507966816,
   0.528390431023098
  ],
  [
   0.23800198164474562,
   0.43087584899346215,
   0.49977932174491363,
   0.6344226110637741,
   0.45884397813827227,
   0.10103794259504784,
   0.5420873128784379,
   0.5385340162397051
  ],
  [
   0.21880702826457255,
   0.4260714245158173,
   0.5006519528708674,
   0.6621870330325502,
   0.4623850259247491,
   0.0859971750627088,
   0.5583425240459107,
   0.548261466714603
  ],
  [
   0.20440228415767994,
   0.42270475124079115,
   0.5011595179658298,
   0.6851741739678023,
   0.46454282384220574,
   0.07648981141910234,
   0.5746675954292705,
   0.5608121360500441
  ],
  [
   0.19114485840098513,
   0.4188490732343552,
   0.5019203033212555,
   0.7077164852907362,
   0.46633714310508206,
   0.07180337007638218,
   0.5898133175055339,
   0.571682571217769
  ],
  [
   0.1769435952452498,
   0.4126424016305572,
   0.5011342564941267,
   0.729405776739561,
   0.46584718793297997,
   0.06751708564689829,
   0.6085103531699627,
   0.5881343284784261
  ],
  [
   0.16369523424610652,
   0.40444984705060505,
   0.5036677163383663,
   0.7512798675866885,
   0.468620022118202,
   0.0647040397107932,
   0.6268348197594268,
   0.6057156950839411
  ],
  [
   0.1570880539344345,
   0.40026265843915887,
   0.5051169403020715,
   0.771491575903369,
   0.4638040205887353,
   0.06458030111703178,
   0.6475340123195379,
   0.6159404354858125
  ],
  [
   0.1520253527787951,
   0.3951819276163617,
   0.5062474552715706,
   0.7868366948856135,
   0.4645878518872533,
   0.06353202629739928,
   0.660085998371123,
   0.627755445671868
  ],
  [
   0.14569992473753782,
   0.38650461477501435,
   0.5064880976558318,
   0.8052394850579097,
   0.4615309068812747,
   0.06280991645558653,
   0.6794703521911765,
   0.6432849319336947
  ],
  [
   0.14010034932881532,
   0.3829593188504244,
   0.5097569293385921,
   0.8157996630337762,
   0.4611204881227026,
   0.061306167952513736,
   0.6939573673143321,
   0.651493969722509
  ],
  [
   0.13502449544024542,
   0.37735267701859126,
   0.5160727222521478,
   0.825537345618144,
   0.4612335951955262,
   0.06180717772453157,
   0.7100591428463936,
   0.6628582662542744
  ],
  [
   0.13058889775527244,
   0.3697137425675121,
   0.5194240214919967,
   0.8366149097396206,
   0.45892067572471995,
   0.06064870854641438,
   0.724223625314229,
   0.6747964419297068
  ],
  [
   0.13038109457812666,
   0.3619442440464545,
   0.520331105722978,
   0.845852334644817,
   0.4516879972101337,
   0.06030999312683063,
   0.7344720040155365,
   0.6816679790002178
  ],
  [
   0.1270869702700092,
   0.3494372112872213,
   0.5214128535654357,
   0.8532749732827325,
   0.4511779032964085,
   0.059316782202635705,
   0.7455748501967493,
   0.6922414781889826
  ],
  [
   0.12526318103888393,
   0.33941938003164435,
   0.5248963402993927,
   0.8610432480152501,
   0.4507832977209205,
   0.05864122908028784,
   0.7594636226792258,
   0.7013650881902306
  ],
  [
   0.12593936942604386,
   0.3333778547872787,
   0.5286586162872337,
   0.867931466218725,
   0.45195461626446237,
   0.05939563127425629,
   0.7674601435246798,
   0.7112999990690505
  ],
  [
   0.12382936373312287,
   0.3250478961378176,
   0.5349182576667522,
   0.8704211921529845,
   0.4487522877225494,
   0.05894958949106106,
   0.7785836244412748,
   0.7199436363435844
  ],
  [
   0.12219140081020347,
   0.3211780694650726,
   0.5433846313148089,
   0.8731216447980094,
   0.4484203291013655,
   0.05906075645706188,
   0.7865306150607673,
   0.7279492588966067
  ],
  [
   0.12000771309202868,
   0.316712273913295,
   0.5506218763979331,
   0.8771782370042828,
   0.4490743092922799,
   0.060994803961137316,
   0.7925162999283023,
   0.7344459178919506
  ],
  [
   0.1190916890929643,
   0.3089003376585632,
   0.5550388831634349,
   0.8796854393508656,
   0.4513068828769599,
   0.0597406644139457,
   0.7980672913562376,
   0.7463972455421023
  ],
  [
   0.11566002008566058,
   0.30710635035786643,
   0.5559192656381112,
   0.8789810292920762,
   0.4599603449606393,
   0.05959969458096099,
   0.8006801214299988,
   0.756086595832887
  ],
  [
   0.11644048612580421,
   0.2997698360163523,
   0.5565645939605514,
   0.8804636430978628,
   0.4612115192453403,
   0.05840717811844822,
   0.8007974051910492,
   0.7630096988179114
  ],
  [
   0.1185334915545103,
   0.2957513010499788,
   0.56153076323728,
   0.8828956424961003,
   0.45634165393172915,
   0.058635687156752415,
   0.8050566096372865,
   0.7643637619456857
  ],
  [
   0.11950762416589365,
   0.28857037668698,
   0.5650287993045219,
   0.8835733310731143,
   0.4534857229994924,
   0.059467230486091045,
   0.8130078972137692,
   0.7732012149508537
  ],
  [
   0.11943387404893975,
   0.28063086931208764,
   0.5693563339183899,
   0.8864167899319294,
   0.4498966966405001,
   0.05990279845069093,
   0.8163852732269642,
   0.7770791354630013
  ],
  [
   0.11989616302503105,
   0.27874901043911565,
   0.5731535943670527,
   0.8868391117768678,
   0.44540231713295997,
   0.05945846940079875,
   0.820768701249791,
   0.7832673023584874
  ],
  [
   0.1199207410116574,
   0.2762527348654312,
   0.5764721531874415,
   0.8883970375926827,
   0.4447410589677144,
   0.06018252084856649,
   0.8251370837964659,
   0.788571778132298
  ],
  [
   0.12106109438989254,
   0.27214612850804715,
   0.5761750443943409,
   0.8888942995364641,
   0.44206993101153924,
   0.06047290230844835,
   0.8287178417817609,
   0.7955440023044028
  ],
  [
   0.11997389791125786,
   0.2629926632467635,
   0.574470167294165,
   0.8896250187980406,
