{
 "name": "Heisse Jagd",
 "split": "test",
 "env": {
  "temperature": 0.9,
  "predation": 0.85,
  "foodAbundance": 0.8,
  "foodHeight": 0.15,
  "light": 0.8,
  "water": 0.5
 },
 "generations": 80,
 "traits": [
  "insulation",
  "size",
  "limbLength",
  "metabolism",
  "armor",
  "photosynthesis",
  "mobility",
  "structure"
 ],
 "trajectory": [
  [
   0.5003555857558147,
   0.4998556680717013,
   0.5006348919869128,
   0.5002495530544128,
   0.49980677103561183,
   0.4997878594967075,
   0.5001344176920638,
   0.4997591527196754
  ],
  [
   0.497283480570464,
   0.49813294910538214,
   0.5009995784091642,
   0.5012872647227601,
   0.49772078442470674,
   0.4969961923168256,
   0.5025913772928245,
   0.5000156286388568
  ],
  [
   0.4781837435403828,
   0.4905530069369142,
   0.5002301406467632,
   0.5060191767343061,
   0.49636753255184285,
   0.4846296982272234,
   0.5173476906425667,
   0.5039227945118699
  ],
  [
   0.44460945495482346,
   0.47829297467112525,
   0.4991708220401831,
   0.5150857130342538,
   0.4940629091681062,
   0.4634258292037506,
   0.5434441982300576,
   0.5034662430675155
  ],
  [
   0.40335397283325597,
   0.46165442969737924,
   0.4990677923950342,
   0.5280151761463429,
   0.4893774049515733,
   0.4299992925804392,
   0.5811603290301649,
   0.5013550147005815
  ],
  [
   0.35374991389914207,
   0.44435844022508114,
   0.501186495530662,
   0.5448442254383372,
   0.48660355970521435,
   0.3859357696235868,
   0.6336678668772311,
   0.4939686449282954
  ],
  [
   0.3058222603436805,
   0.42678679060880437,
   0.4994529456781069,
   0.5735963292178103,
   0.48575662303604217,
   0.33395716390443414,
   0.6946508858874262,
   0.4925980660216636
  ],
  [
   0.259640795860617,
   0.4084423099529802,
   0.5012482332084472,
   0.6093175525926179,
   0.488438735540937,
   0.27361326268715086,
   0.7587881529117192,
   0.496155778940393
  ],
  [
   0.22531482104035508,
   0.39738268162036944,
   0.5026569372425126,
   0.6465282178360144,
   0.4940161916645043,
   0.21882527738231253,
   0.815163381145159,
   0.503054843806804
  ],
  [
   0.19431313743989187,
   0.3869347407367199,
   0.5044436691864093,
   0.6790546933040784,
   0.5031419393480461,
   0.17391475861847058,
   0.8583954401287098,
   0.5080492003995762
  ],
  [
   0.1725021602378541,
   0.38568496979874173,
   0.5047344581147437,
   0.7101239486150167,
   0.5177776231006033,
   0.1396058514054743,
   0.887202893117844,
   0.5104712535688845
  ],
  [
   0.15447212487911258,
   0.38509381834068884,
   0.5013922572400992,
   0.7378835249858567,
   0.5340670147928025,
   0.11702991212985525,
   0.9038938761064063,
   0.5171813721240531
  ],
  [
   0.1414224098507598,
   0.37986985285941727,
   0.5037198489368276,
   0.7626325347457596,
   0.5509882386426664,
   0.10295956198304222,
   0.9147245623780278,
   0.5248335924673407
  ],
  [
   0.13260723414407907,
   0.3783487249953985,
   0.5043233762963868,
   0.7844080554685112,
   0.5698852313663658,
   0.09331817541626632,
   0.9208932555880026,
   0.5337910912521434
  ],
  [
   0.1250945718978365,
   0.37985650462598985,
   0.5044840786373873,
   0.8043001155494265,
   0.586886705995206,
   0.08634472678630534,
   0.9262904494458639,
   0.545887727648263
  ],
  [
   0.1188017968228891,
   0.3821715655680978,
   0.512572759436516,
   0.8186119903835017,
   0.6016156843237814,
   0.0807377760012671,
   0.9293660033998434,
   0.5613976409712146
  ],
  [
   0.11521934695730034,
   0.3816013062738151,
   0.5128188119753709,
   0.8362845090448473,
   0.6193866157753868,
   0.07702011713325864,
   0.9300191613317544,
   0.5733186049801237
  ],
  [
   0.11295079610401366,
   0.37700620254981426,
   0.5126705556563833,
   0.8483490905863619,
   0.6326306652693002,
   0.07611260463375834,
   0.9314471708563046,
   0.5834861488262014
  ],
  [
   0.1107712443921055,
   0.3801255996519522,
   0.508260308557785,
   0.857307262223361,
   0.6439099026376655,
   0.07526811352025567,
   0.9319689601107961,
   0.5892961819642532
  ],
  [
   0.10847998508543792,
   0.37862088669910804,
   0.509444106013829,
   0.8676164688851736,
   0.6570421493988189,
   0.07421555630776429,
   0.9311108303343847,
   0.6004190578354806
  ],
  [
   0.10823814282948731,
   0.3761428502971947,
   0.511231727209238,
   0.8737994013021657,
   0.6627417603603778,
   0.07234209363818456,
   0.9297136458427463,
   0.610850337230404
  ],
  [
   0.10909552439876376,
   0.37335290158690543,
   0.5137427264752852,
   0.8773370630865212,
   0.6763784766175879,
   0.07446734460109479,
   0.9314154073865076,
   0.6190792907416648
  ],
  [
   0.10955752739788832,
   0.36663275980910326,
   0.5180434245759051,
   0.8819270825607731,
   0.6880309988559444,
   0.07221158234540806,
   0.9309630850570093,
   0.6248101111676246
  ],
  [
   0.10767417902239028,
   0.3569549762823471,
   0.5177492829544722,
   0.8861228363487058,
   0.6948072428418172,
   0.0720036808920771,
   0.9307769430396378,
   0.6287283484816298
  ],
  [
   0.10585947496173527,
   0.35546230529472983,
   0.5161607077532316,
   0.8893966832743235,
   0.703866017843301,
   0.07294562875164741,
   0.930520657276593,
   0.6365401331473808
  ],
  [
   0.10715362780598185,
   0.3481064951111783,
   0.5172109700992021,
   0.8901410374348595,
   0.7101316558357934,
   0.07269644800080462,
   0.9310237597637724,
   0.6422124127279467
  ],
  [
   0.10951946469616088,
   0.3438749465493524,
   0.5195822240613025,
   0.8922189093616111,
   0.7139746109447548,
   0.07308383070553483,
   0.9290807103657688,
   0.646707541469829
  ],
  [
   0.10868071979649985,
   0.34297223615314326,
   0.5248301179206615,
   0.8949443109495027,
   0.7180205992965717,
   0.07241431281318288,
   0.9310022518510132,
   0.6492634722878898
  ],
  [
   0.10829174655131701,
   0.34044828883720263,
   0.5306409325409579,
   0.8969358071638691,
   0.7250496758547134,
   0.07232530539644227,
   0.9311289887892095,
   0.6527321196503472
  ],
  [
   0.10667110793198213,
   0.33873974284146713,
   0.532308564707743,
   0.9004841102513055,
   0.7288875409449309,
   0.07397398903394238,
   0.9292283872183082,
   0.6565775978391376
  ],
  [
   0.10660682536210943,
   0.3335456545701379,
   0.5295070138171228,
   0.9013975935042985,
   0.7387019939386904,
   0.07530130156300663,
   0.9290555757813944,
   0.6594600511797414
  ],
  [
   0.10543025917323716,
   0.3308436475062399,
   0.5250826132474632,
   0.9005726232701349,
   0.7420208637392444,
   0.07473961989405509,
   0.9293256419163513,
   0.6615237149938177
  ],
  [
   0.10597157598754718,
   0.32864381532331643,
   0.5226775225881418,
   0.9015363357329885,
   0.7474480581459346,
   0.07286324342502788,
   0.9291181684349259,
   0.6674675418182808
  ],
  [
   0.10630961987203376,
   0.31836092087608314,
   0.5264147710411483,
   0.9003643916528409,
   0.75258255062329,
   0.0720080515975044,
   0.9297715034650557,
   0.6719539040075544
  ],
  [
   0.10769823974384152,
   0.3113801496178949,
   0.5319648286618953,
   0.9005488419229585,
   0.7545506838565931,
   0.07406330631785814,
   0.9307462244149032,
   0.676163946537292
  ],
  [
   0.10652649869666513,
   0.30350642585673854,
   0.5349013773251206,
   0.9026516974212395,
   0.7595627278928547,
   0.07428351641069868,
   0.9292958262100499,
   0.6781124123244348
  ],
  [
   0.10654684471169969,
   0.2963828764238425,
   0.535932619991027,
   0.9018866658955168,
   0.7671456686865755,
   0.07477264972131441,
   0.9275731488912765,
   0.6854798265034754
  ],
  [
   0.10759943019562435,
   0.2888889356498836,
   0.5379972752287043,
   0.9016719276498475,
   0.7684996425748248,
   0.07506529882220114,
   0.9274230901546012,
   0.6924598545544568
  ],
  [
   0.1075222893388292,
   0.28607601352910195,
   0.5321315267742478,
   0.9034756146243149,
   0.7716773114486178,
   0.0754549366264113,
   0.9282953568010738,
   0.6989341365516616
  ],
  [
   0.10545620771653215,
   0.2814377508055184,
   0.534347729934098,
   0.9013652399819035,
