{
 "name": "Heisse Jagd",
 "split": "test",
 "env": {
  "temperature": 0.9,
  "predation": 0.85,
  "foodAbundance": 0.8,
  "foodHeight": 0.15,
  "light": 0.8,
  "water": 0.5
 },
 "generations": 80,
 "traits": [
  "insulation",
  "size",
  "limbLength",
  "metabolism",
  "armor",
  "photosynthesis",
  "mobility",
  "structure",
  "wing"
 ],
 "trajectory": [
  [
   0.4991898287623622,
   0.4997065634827101,
   0.5001561244775644,
   0.5006984386424967,
   0.5003491935357325,
   0.5001629330209723,
   0.5002618699483379,
   0.5001433453474952,
   0.4998505652377894
  ],
  [
   0.4982732056961134,
   0.4990943918941864,
   0.49968365922947955,
   0.4999049143547032,
   0.5005754106732951,
   0.497141267560012,
   0.5005164999529013,
   0.5009202323868412,
   0.49799335815131757
  ],
  [
   0.4876036503283984,
   0.4958158218143396,
   0.4991364133339695,
   0.5030105766433977,
   0.49955971946875993,
   0.4858118413671002,
   0.498812269594727,
   0.5014298235640818,
   0.4952009849465973
  ],
  [
   0.468011687772711,
   0.4901208137097386,
   0.497802675907234,
   0.5074901022497696,
   0.4961721324338168,
   0.4653101516352975,
   0.494316287365334,
   0.5011720411187716,
   0.49126102426323937
  ],
  [
   0.44564663147514966,
   0.4824809239655148,
   0.4962505696561339,
   0.5091084738867949,
   0.4919140092554602,
   0.4289715082766052,
   0.48992370614941705,
   0.5031838964791385,
   0.48424866342950884
  ],
  [
   0.4170301445240361,
   0.470006941279458,
   0.4960383177046795,
   0.5186055148322496,
   0.4829559695209728,
   0.3828941880303141,
   0.48790962621346573,
   0.5056318235587787,
   0.4757491182535141
  ],
  [
   0.38612895439663625,
   0.45514291789176303,
   0.49903126761156447,
   0.5337557415625703,
   0.4746043865621155,
   0.32555374693717837,
   0.4898459358250813,
   0.5104562415652346,
   0.46546732352778425
  ],
  [
   0.3561634618029174,
   0.4423148410803142,
   0.4987447204209514,
   0.5540813037828333,
   0.4608521453932602,
   0.26434846506594717,
   0.49328013720042296,
   0.5147193350484306,
   0.4508229766972451
  ],
  [
   0.326881900770374,
   0.42602850286897237,
   0.5013771297941064,
   0.5818123638182845,
   0.4565753379651885,
   0.2037572979369522,
   0.5035536296428564,
   0.5166124757523184,
   0.439840139648299
  ],
  [
   0.2939011449672596,
   0.4018386092491048,
   0.5032787091652148,
   0.6104145371066242,
   0.45298189385448745,
   0.1522488035945251,
   0.5163858785289469,
   0.5226077969055879,
   0.42295703897036324
  ],
  [
   0.26803277584700863,
   0.38726068303354694,
   0.5054117419631482,
   0.6317363079489238,
   0.45064196454607935,
   0.11788585618330721,
   0.5283730002151578,
   0.5263815870728208,
   0.40860791473092317
  ],
  [
   0.24652295429454804,
   0.36876217173556675,
   0.5020631951179918,
   0.6619209588400913,
   0.4515959328188033,
   0.09551168750054385,
   0.5422478222403707,
   0.5338078094189853,
   0.396187751518128
  ],
  [
   0.22374687343441024,
   0.3543895017653979,
   0.5001066644593885,
   0.6883883757430738,
   0.44828457763395074,
   0.08053362256279752,
   0.559787537368069,
   0.5433250018657424,
   0.38621841328281886
  ],
  [
   0.20582605126154963,
   0.34263221654213977,
   0.500091642134932,
   0.7086942063544539,
   0.44929395059069105,
   0.07302662147742627,
   0.5790561475356727,
   0.5546351432605625,
   0.3711569115425785
  ],
  [
   0.1887657903562018,
   0.3268727084982062,
   0.49894893709825944,
   0.7322817693175887,
   0.44833420799660134,
   0.06746935151056412,
   0.5970162635391286,
   0.558613286216576,
   0.35929568546325347
  ],
  [
   0.17398262652351093,
   0.3122835135703683,
   0.4961422438823009,
   0.7549134724667906,
   0.44379060131582565,
   0.06548617997676802,
   0.6128360449061412,
   0.572563043696541,
   0.35088349813156566
  ],
  [
   0.1683837338568982,
   0.30026127337195135,
   0.49484043932082494,
   0.773120737623093,
   0.4443070411245879,
   0.06385370322418488,
   0.6303180856699737,
   0.5838695642703406,
   0.3432964328671075
  ],
  [
   0.16123238865857684,
   0.2855256538019031,
   0.4918695502871213,
   0.7868722470666102,
   0.44216117066080846,
   0.06208908141758034,
   0.6516191586552355,
   0.5963629963963228,
   0.33389207904475504
  ],
  [
   0.15391717758253973,
   0.2751606188451959,
   0.4933642166748595,
   0.8033073057019209,
   0.44175706278866306,
   0.06150715415987331,
   0.6643865822117986,
   0.6087153808349058,
   0.32240854318617773
  ],
  [
   0.14523378626175495,
   0.2641831663857746,
   0.48971693658349497,
   0.816223674966936,
   0.4382082850209367,
   0.062278852110826545,
   0.6826915044186971,
   0.6199208137074561,
   0.3088956460486509
  ],
  [
   0.13827893632371166,
   0.2577623370496221,
   0.4941637757427913,
   0.8285920826694814,
   0.4387732376255106,
   0.0626621838068699,
   0.6976251392532404,
   0.6312323691597784,
   0.3046766278468287
  ],
  [
   0.13366410340077287,
   0.2477693382783895,
   0.4914870499932249,
   0.8390921394264713,
   0.441067302168815,
   0.061577939230217815,
   0.7101674317687467,
   0.6433024021435145,
   0.29598992695132975
  ],
  [
   0.1346063835384817,
   0.23895278634548292,
   0.48705565585048155,
   0.8486403833913349,
   0.43989237729019076,
   0.061890886491272355,
   0.720482455443364,
   0.6530611631641631,
   0.28697582763095536
  ],
  [
   0.13292956777758302,
   0.23187717554090206,
   0.48877676571403655,
   0.8541872870951078,
   0.4409720353937183,
   0.06163085791493247,
   0.7348808503870661,
   0.6561659659898024,
   0.2832882164453482
  ],
  [
   0.12846778401284017,
   0.224756360938226,
   0.4933381648956742,
   0.8601913653511608,
   0.44286316467144315,
   0.061903717221481414,
   0.7451059845072746,
   0.6628939541832749,
   0.2763779472566225
  ],
  [
   0.12692003564776808,
   0.21748755761439412,
   0.49305475905675783,
   0.8658110766580034,
   0.4440630605406192,
   0.05971259420802425,
   0.7574020317792388,
   0.6708862681110316,
   0.27177530935234934
  ],
  [
   0.1246943052303201,
   0.2120441344300873,
   0.49490894530814517,
   0.8723852196963359,
   0.4460322128085916,
   0.0589861057276637,
   0.7661332041674055,
   0.6841185645464721,
   0.26941024797554103
  ],
  [
   0.12317720209832277,
   0.20677738463881476,
   0.5003026047805205,
   0.8755331056946235,
   0.44467179803604434,
   0.059390030447669544,
   0.7722748318237115,
   0.6933761312361849,
   0.2635570477999232
  ],
  [
   0.12000311973729395,
   0.20149652214303382,
   0.4970414556989296,
   0.8798255887491262,
   0.4438591254682423,
   0.058820066490446465,
   0.7813076001563338,
   0.7002799944159069,
   0.25668540411459767
  ],
  [
   0.11777889834188542,
   0.19700369522513275,
   0.4966553936833009,
   0.8816906913006027,
   0.4417445889500072,
   0.05886585930221044,
   0.7895805938621873,
   0.7087445471524041,
   0.24748805891904638
  ],
  [
   0.11995758517007458,
   0.1910824637876771,
   0.4943093587596828,
   0.8823763973880756,
   0.4412003892929314,
   0.058979099628577884,
   0.7956446173031692,
   0.7165992083916825,
   0.24184752116071606
  ],
  [
   0.11880593613375844,
   0.18849891817459827,
   0.49255363203617364,
   0.8814452785166523,
   0.4384028417799682,
   0.05839342641990672,
   0.8018729762710116,
   0.7217780468411593,
   0.2365210816624439
  ],
  [
   0.11963760829171792,
   0.18314572375735394,
   0.491165019157563,
   0.8830061849611758,
   0.4353572991422294,
   0.059566298187062904,
   0.809549027779355,
   0.7329908262467605,
   0.23511015942280278
  ],
  [
   0.11970175085640178,
   0.1795776879411107,
   0.4975352018552531,
   0.8872071133997798,
   0.436322275132531,
   0.0605635255875225,
   0.8108353013893853,
   0.7380025115441736,
   0.23057896255026764
  ],
  [
   0.12222781660994304,
   0.179730750068707,
   0.5044363666968605,
   0.8874452778178131,
   0.43941660365192287,
   0.06039409307681004,
   0.815725224779691,
   0.7466382538482127,
   0.22898118164925355
  ],
  [
