{
 "name": "Heisse Jagd",
 "split": "test",
 "env": {
  "temperature": 0.9,
  "predation": 0.85,
  "foodAbundance": 0.8,
  "foodHeight": 0.15,
  "light": 0.8,
  "water": 0.5
 },
 "generations": 80,
 "traits": [
  "insulation",
  "size",
  "limbLength",
  "metabolism",
  "armor",
  "photosynthesis",
  "mobility",
  "structure"
 ],
 "trajectory": [
  [
   0.5003555857558147,
   0.4998556680717013,
   0.5006348919869128,
   0.5002495530544128,
   0.49980677103561183,
   0.4997878594967075,
   0.5001344176920638,
   0.4997591527196754
  ],
  [
   0.4984350818891942,
   0.49862540509682124,
   0.5008684340145101,
   0.5012004051608626,
   0.49799864859312337,
   0.49734984076732885,
   0.5022144723412033,
   0.4999731170830875
  ],
  [
   0.487326010700116,
   0.49348516658366987,
   0.49883756496152015,
   0.5034539826336734,
   0.4979256202204209,
   0.48668748815903135,
   0.5138375542302615,
   0.5028770481276533
  ],
  [
   0.46592735646427047,
   0.48382074685925675,
   0.4984737539142368,
   0.5099957258884086,
   0.4975887817866134,
   0.4685056195044828,
   0.5348558697879298,
   0.5047581565240414
  ],
  [
   0.4376981500466895,
   0.4716976840941143,
   0.4970747026656391,
   0.5168021803555962,
   0.49735481715083285,
   0.43976528117031344,
   0.5696013067138843,
   0.5030567601295374
  ],
  [
   0.4037602725925171,
   0.45664634937878484,
   0.4963216082649929,
   0.5287978801979788,
   0.49895338907634335,
   0.40332063785896116,
   0.6159708139136898,
   0.5044773480718333
  ],
  [
   0.3717745340702881,
   0.43979048703980067,
   0.4929772523714933,
   0.5480254060763802,
   0.4978165526346438,
   0.35962023469369914,
   0.6688792276369386,
   0.5037562013076439
  ],
  [
   0.3404941220214878,
   0.42533528406315546,
   0.49320065813358993,
   0.5731147389169143,
   0.49612471452605217,
   0.31067545073414854,
   0.7242500030866847,
   0.5066140290862904
  ],
  [
   0.31138734196364376,
   0.4180382410919989,
   0.49363684212751585,
   0.5986529752847274,
   0.5036356047022565,
   0.2598696907937988,
   0.7772496282008596,
   0.5075754134253319
  ],
  [
   0.28534854315517094,
   0.41192755605322245,
   0.4931949376638369,
   0.6295151146829051,
   0.5133318070221426,
   0.2160489338026571,
   0.8243356736311074,
   0.5123677126558098
  ],
  [
   0.2639586352143447,
   0.404694327655374,
   0.49026637062455386,
   0.6613948900241581,
   0.5282096970486766,
   0.1818301645696744,
   0.859312886700892,
   0.5189541935198091
  ],
  [
   0.2449704221625937,
   0.4016011156678627,
   0.49134015365778594,
   0.688179861533848,
   0.5424892558616153,
   0.15734211507783324,
   0.8817136012939009,
   0.5312526599006955
  ],
  [
   0.22532996029962946,
   0.4039259155118145,
   0.4891111522590679,
   0.7146172990792777,
   0.5572957758830565,
   0.13455663159432282,
   0.894944869939255,
   0.5459656538476271
  ],
  [
   0.21028234628556475,
   0.40258975700651983,
   0.4890793987830507,
   0.7369377633370963,
   0.5710473142814356,
   0.1199974141066182,
   0.9033009313621271,
   0.5531392747684876
  ],
  [
   0.19902700759750244,
   0.40111875452991747,
   0.49221571900783184,
   0.7582891426270959,
   0.5843555681742189,
   0.11104225009671882,
   0.9098600699067524,
   0.5673499073213824
  ],
  [
   0.18704313943485462,
   0.39945282773209084,
   0.48920788365135537,
   0.7766575716695018,
   0.5999237433426191,
   0.10353638974022066,
   0.9156427950496376,
   0.5841762513052352
  ],
  [
   0.17793723473857606,
   0.399473321524436,
   0.49036120237619824,
   0.7936581819677987,
   0.6128086757579224,
   0.09695251524141157,
   0.9191251073358019,
   0.5989697307426055
  ],
  [
   0.1725806778455756,
   0.3987099223372344,
   0.4953525227673688,
   0.8098820353994699,
   0.6296032061593803,
   0.09499898124835542,
   0.9216964674716097,
   0.6090837691808197
  ],
  [
   0.1669825167661427,
   0.4002748174152752,
   0.49997105707698003,
   0.8223613149053234,
   0.6436508312365453,
   0.09164114134441943,
   0.9231912632464877,
   0.619704965793959
  ],
  [
   0.16083569852889348,
   0.39695386263987226,
   0.4988611897068644,
   0.8338460737465451,
   0.6544320797734092,
   0.09006417530909482,
   0.9246019506901498,
   0.6308036152463071
  ],
  [
   0.158546423029319,
   0.39123884842536655,
   0.4993637439339694,
   0.8423148663257428,
   0.6668021536993071,
   0.0885172090796954,
   0.9229490851537635,
   0.6398682586306313
  ],
  [
   0.15063125873441607,
   0.39435031859375735,
   0.4971423902624726,
   0.8514111209203703,
   0.6787836860068882,
   0.08892211605856332,
   0.9227069058316993,
   0.6479613072310069
  ],
  [
   0.14551550989153797,
   0.3967532522123997,
   0.5001624126262486,
   0.8559463727112161,
   0.6909825592805477,
   0.08777606002589246,
   0.9236663575178009,
   0.6551170341292346
  ],
  [
   0.14485337321941325,
   0.39612669465899364,
   0.5020877970991082,
   0.8620488887078018,
   0.6984259950834706,
   0.0870451992425832,
   0.9235428911681515,
   0.6591576026772663
  ],
  [
   0.14082369843108175,
   0.3974466161211308,
   0.5013761068383248,
   0.8685066862134062,
   0.7030763813879252,
   0.08761361300009135,
   0.9232494247214927,
   0.6690490227172026
  ],
  [
   0.13961394316737374,
   0.3953249346065411,
   0.5017825032362873,
   0.8718840506943684,
   0.7114360677350614,
   0.08653901839111021,
   0.9244128867462352,
   0.6731069477773585
  ],
  [
   0.14033426281309092,
   0.3901419099931409,
   0.503687864889859,
   0.8724389223068426,
   0.7192208307758663,
   0.08592150096956182,
   0.9224845450024733,
   0.6781697866169489
  ],
  [
   0.1383170851115462,
   0.38542283548224404,
   0.5089670628685607,
   0.8761551615090833,
   0.7278109246000811,
   0.08505256938951827,
   0.9225786368194341,
   0.6831533824694022
  ],
  [
   0.1388687894619033,
   0.3858327267359976,
   0.5160333091531839,
   0.8782189074732946,
   0.7350702221783164,
   0.0851177344217116,
   0.9218138533993091,
   0.6866047811724032
  ],
  [
   0.1337533259792872,
   0.3835243830781819,
   0.5184104208931838,
   0.88282640005017,
   0.7444216288040902,
   0.08440505473551772,
   0.92049253729571,
   0.6896776907371839
  ],
  [
   0.13373454610144322,
   0.3805634277835002,
   0.5246616758521903,
   0.8835210910062236,
   0.7480071273771003,
   0.0837280622012242,
   0.9207206487717593,
   0.695988252700455
  ],
  [
   0.13293367176457496,
   0.3739772677018019,
   0.5240155694831492,
   0.8832210063393634,
   0.7588582314920833,
   0.08331530248772066,
   0.9200297010181817,
   0.6967353830036399
  ],
  [
   0.13287257733250146,
   0.3735865924672462,
   0.5219485913963364,
   0.88355042316792,
   0.7661210273795339,
   0.0834247334519403,
   0.9197811739152245,
   0.7019894753913823
  ],
  [
   0.13430054081922582,
   0.37113175951803606,
   0.5289793825022114,
   0.8854223117530657,
   0.767133400396868,
   0.08312991164582254,
   0.9209544649412008,
   0.7033689309036978
  ],
  [
   0.1332399296635732,
   0.36747409334698605,
   0.5224891338548764,
   0.8862960350799237,
   0.7689231960993687,
   0.08406258684912206,
   0.9209487467274776,
   0.7062280098644145
  ],
  [
   0.1332608529224352,
   0.3627141814212907,
   0.5249388609829809,
   0.8878510512405114,
   0.7712958062861025,
   0.08555641599325063,
   0.9208755755834964,
   0.7090876986601624
  ],
  [
   0.13196149266550103,
   0.35762533862044915,
   0.5262581236604514,
   0.8879803961697798,
   0.7756192744688484,
   0.08419546660118972,
   0.9199431731932317,
   0.7063614366011297
  ],
  [
   0.13300600619474884,
   0.356308943982052,
   0.530304789179809,
   0.886120844172077,
   0.7772311145444791,
   0.08370073445024623,
   0.919179289581245,
   0.7109772030595273
  ],
  [
   0.1342870731954869,
   0.3531218094016431,
   0.5296586368918038,
   0.8862486187073348,
   0.7838107267731544,
   0.08498405816706912,
   0.9196675116000311,
   0.7124233597259312
  ],
  [
   0.1326820748813829,
   0.349029628094889,
   0.5356036139240542,
   0.8870421599014121,
