{
 "name": "Heisse Jagd",
 "split": "test",
 "env": {
  "temperature": 0.9,
  "predation": 0.85,
  "foodAbundance": 0.8,
  "foodHeight": 0.15,
  "light": 0.8,
  "water": 0.5
 },
 "generations": 80,
 "traits": [
  "insulation",
  "size",
  "limbLength",
  "metabolism",
  "armor",
  "photosynthesis",
  "mobility",
  "structure"
 ],
 "trajectory": [
  [
   0.5003555857558147,
   0.4998556680717013,
   0.5006348919869128,
   0.5002495530544128,
   0.49980677103561183,
   0.4997878594967075,
   0.5001344176920638,
   0.4997591527196754
  ],
  [
   0.49874896916138994,
   0.4991901785739275,
   0.5011427894977277,
   0.5004877895308258,
   0.4990470575055024,
   0.49649753950777337,
   0.49939021523117383,
   0.49961705187827826
  ],
  [
   0.4898248281331401,
   0.4968853714133576,
   0.5021868986036588,
   0.5031265134341125,
   0.5020876231616339,
   0.48082012670456575,
   0.49846974164254787,
   0.502287890915004
  ],
  [
   0.4717478596875071,
   0.49359706826433086,
   0.5012754577691696,
   0.5064098808354527,
   0.5037907442525811,
   0.4574609134841541,
   0.49558203621243563,
   0.5069695648366748
  ],
  [
   0.4474839789467528,
   0.4859033256824064,
   0.5008543807974905,
   0.5119974384814988,
   0.5077129641529936,
   0.4218208442385752,
   0.49330829318883146,
   0.5073053670608456
  ],
  [
   0.4181410938388274,
   0.47881989816780646,
   0.5016951376100818,
   0.5178479195625121,
   0.5112629620079662,
   0.378066252151314,
   0.4935616247803061,
   0.510703107226051
  ],
  [
   0.39044529799519845,
   0.4687957700269116,
   0.5004656764108394,
   0.5300525357375535,
   0.5198196498123299,
   0.32817457954214774,
   0.4934267658874454,
   0.516566270070082
  ],
  [
   0.357901857230762,
   0.4594278566220101,
   0.5006402703623535,
   0.5429322880095725,
   0.5268918970622125,
   0.2753188259500918,
   0.4958253969473152,
   0.5206174465571126
  ],
  [
   0.3242409236306158,
   0.4522922559045209,
   0.5020302556183333,
   0.5647961693152931,
   0.5300332884464821,
   0.22303170284411813,
   0.5021199123252226,
   0.5239166168972341
  ],
  [
   0.2948328002859656,
   0.4427260366959933,
   0.5017709457476008,
   0.5859074798862163,
   0.5365131672122525,
   0.171444896300148,
   0.5152005570027108,
   0.5253970188913033
  ],
  [
   0.2670511345807493,
   0.4367794763333488,
   0.5028250092310924,
   0.6111245746269912,
   0.5530404601540516,
   0.13363496155928026,
   0.528698177928824,
   0.532189632898474
  ],
  [
   0.2441548788794566,
   0.43080472346767973,
   0.4989216193617146,
   0.6388792308942127,
   0.56454392279976,
   0.10691594837774833,
   0.5454228010834243,
   0.5455778676716873
  ],
  [
   0.22518255303033233,
   0.4238080470004124,
   0.49764504221484573,
   0.6640012075818648,
   0.5773172782333165,
   0.09021149217189324,
   0.5597468965191433,
   0.5565415249776497
  ],
  [
   0.20868625298359436,
   0.4150256611600578,
   0.49602654749206376,
   0.6883413341033612,
   0.5984315639999139,
   0.07845282656216417,
   0.5738588845576383,
   0.5673495577843101
  ],
  [
   0.19330762050235084,
   0.4113896275754061,
   0.4949838540184634,
   0.7164141976431613,
   0.6148896615136678,
   0.07399522264783662,
   0.592163600380308,
   0.5788562466943575
  ],
  [
   0.1819223620483669,
   0.40462768444007197,
   0.4957209173077279,
   0.7366229032598975,
   0.6322289528213121,
   0.0707404047027503,
   0.6070894021358382,
   0.5957094181546246
  ],
  [
   0.16984284271893238,
   0.39356467296855246,
   0.4990255618816594,
   0.757488876776224,
   0.648350376555573,
   0.06663286467057718,
   0.6218326725918161,
   0.6089603612175419
  ],
  [
   0.16042508454086066,
   0.3852774075261203,
   0.5011906071930589,
   0.7791389666923482,
   0.6612185816660847,
   0.0646312414118295,
   0.6356134889371549,
   0.6206362174740826
  ],
  [
   0.15090151744339017,
   0.38130411541860304,
   0.502212951777011,
   0.7895553382826895,
   0.6749465473348116,
   0.06332816848142137,
   0.6520925244921042,
   0.6295471635159103
  ],
  [
   0.1434356117165107,
   0.36898050388594356,
   0.49847162787477145,
   0.8040337156765146,
   0.6845136802073707,
   0.06369403848335202,
   0.668013009828504,
   0.6383038800007562
  ],
  [
   0.13700620449591014,
   0.35940627695875915,
   0.5033709120697075,
   0.8142475613214452,
   0.6990910488924652,
   0.06210657604257497,
   0.6772675683061439,
   0.6493779909898617
  ],
  [
   0.1326085778294332,
   0.35155403694021764,
   0.5063958525771141,
   0.8242882076745803,
   0.7111975933095271,
   0.06142715934873183,
   0.6836383490138175,
   0.6565092332562626
  ],
  [
   0.13135753213590465,
   0.3375859776118409,
   0.5078831242422226,
   0.8313226566136743,
   0.7202065174029396,
   0.06076753656787832,
   0.6917064758644059,
   0.6616350828076248
  ],
  [
   0.13003089004505242,
   0.3223739280329581,
   0.5134100722224467,
   0.8389880907067767,
   0.7264015924417625,
   0.06076454485646093,
   0.7028397441751234,
   0.6669598840238935
  ],
  [
   0.12600168424619793,
   0.3130388941946869,
   0.5098388983120521,
   0.8483596015465036,
   0.734020004949949,
   0.061237112569417586,
   0.7129154079548045,
   0.668752636829053
  ],
  [
   0.12559196280151505,
   0.2957018245753676,
   0.5161274200856896,
   0.8526307072314542,
   0.740839393971755,
   0.061731151950278534,
   0.7192665534968589,
   0.6750045874122407
  ],
  [
   0.12482797016399227,
   0.2842047626521129,
   0.5146945904688144,
   0.8577335438853962,
   0.7475426556365261,
   0.06195682339616735,
   0.7284736812780811,
   0.6752679059666656
  ],
  [
   0.12385631450025392,
   0.27706937639331475,
   0.5157895250904628,
   0.8621723591879257,
   0.7541739442402738,
   0.06051345665884598,
   0.7384294978500067,
   0.6746411026159991
  ],
  [
   0.12182508157036677,
   0.27276595815788895,
   0.5208154622472007,
   0.8659088062940561,
   0.7641416072502834,
   0.061746775962712545,
   0.7464835493386119,
   0.6808706581714551
  ],
  [
   0.12116879995033573,
   0.26212175492792533,
   0.5227840925155592,
   0.8694650145573442,
   0.767179048452525,
   0.06118645577733742,
   0.7497495677831202,
   0.6824175752095659
  ],
  [
   0.11978461659442591,
   0.25403941369259886,
   0.5283234084610995,
   0.8720898117637778,
   0.7738463349783444,
   0.060200709687979796,
   0.7528475986166338,
   0.6878650055306393
  ],
  [
   0.1173162002528242,
   0.2473603930392151,
   0.5336411086577167,
   0.8751451351213643,
   0.7807989243976062,
   0.06088174419091294,
   0.7558309598098617,
   0.6855508894144777
  ],
  [
   0.11513640551789935,
   0.240396709377399,
   0.5397737983229537,
   0.8767453422348707,
   0.7838184894839136,
   0.0604410312334123,
   0.7611187049448547,
   0.6944077405276472
  ],
  [
   0.11569772296951993,
   0.22970000221791886,
   0.5427213034953724,
   0.8781647183034771,
   0.7879502504308732,
   0.059251322840516187,
   0.7645716837742653,
   0.6992853271885441
  ],
  [
   0.11746735769391418,
   0.2199787115696332,
   0.5397425741930184,
   0.8807757151068024,
   0.7896479837432734,
   0.06045948298948348,
   0.7663150108343775,
   0.7047620440805963
  ],
  [
   0.11878827248677205,
   0.2130249932549333,
   0.5458545632088548,
   0.8817198546738272,
   0.7912253864767164,
   0.060218107258239506,
   0.7687576211533745,
   0.7070918675012975
  ],
  [
   0.12002706246992102,
   0.2060965382167972,
   0.5419343981485265,
   0.8833702245347799,
   0.7930160981126937,
   0.060563909707663316,
   0.7716212448517865,
   0.7049986245023834
  ],
  [
   0.12092568874483096,
   0.2039595058327622,
   0.5496949847197945,
   0.8842557790903759,
   0.7908005185166836,
   0.06016211206437197,
   0.7786054733663269,
   0.7101663776645989
  ],
  [
   0.12109128418005137,
   0.19990623368066782,
   0.5538671731176309,
   0.8844293886630535,
   0.7961159807257149,
   0.0599878849012303,
   0.7839972205847605,
   0.7092422864263419
  ],
  [
   0.12071487280781502,
   0.1984839598244105,
   0.5582857784772995,
   0.8861061664636832,
