{
 "name": "Heisse Jagd",
 "split": "test",
 "env": {
  "temperature": 0.9,
  "predation": 0.85,
  "foodAbundance": 0.8,
  "foodHeight": 0.15
 },
 "generations": 80,
 "traits": [
  "insulation",
  "size",
  "limbLength",
  "metabolism",
  "armor"
 ],
 "trajectory": [
  [
   0.4997268109640533,
   0.500312412102027,
   0.5000506646514865,
   0.5003685836446564,
   0.5008935668577482
  ],
  [
   0.49665669289932196,
   0.5015543952595231,
   0.4997730074831915,
   0.5006984053219296,
   0.5018679154840374
  ],
  [
   0.4797515719649354,
   0.50371317204885,
   0.49836725610145227,
   0.5053861437240166,
   0.5068303416590031
  ],
  [
   0.4521733175704925,
   0.5061232844538232,
   0.4996416755343571,
   0.5159323586995407,
   0.5186096788561217
  ],
  [
   0.4153614288267908,
   0.5104745181954823,
   0.497624472627855,
   0.5310581362997419,
   0.5293041238577725
  ],
  [
   0.3696360805618533,
   0.5168591345816915,
   0.4940897966532545,
   0.5462299560547009,
   0.5473216650253243
  ],
  [
   0.31943130210189646,
   0.5234048804288964,
   0.4953745406307717,
   0.5672139010584542,
   0.5690479953941182
  ],
  [
   0.2737766645672816,
   0.5327155641824793,
   0.49498218500932034,
   0.5884418395324494,
   0.5918071154012924
  ],
  [
   0.234434287183758,
   0.5435363701616068,
   0.4957113246705065,
   0.6146976570324275,
   0.6186869977581174
  ],
  [
   0.20053100244190747,
   0.5503497781903817,
   0.4987692843393159,
   0.6412594530571223,
   0.6483030742794075
  ],
  [
   0.1740174799352492,
   0.5550465588963139,
   0.49991722026254787,
   0.6712542271568553,
   0.6791217104926043
  ],
  [
   0.15384233077016915,
   0.5670856025370676,
   0.4996139388900404,
   0.698357920087673,
   0.7125349472380388
  ],
  [
   0.14126593551647362,
   0.5779151455085142,
   0.4996027652639432,
   0.723250494689801,
   0.7419154147660878
  ],
  [
   0.13009438241807914,
   0.5880928075535046,
   0.4943448173919381,
   0.749678378607972,
   0.769723591001617
  ],
  [
   0.12176994231119058,
   0.6027019943581134,
   0.5005722052580975,
   0.7697231158788574,
   0.7926409655338751
  ],
  [
   0.11505339092068866,
   0.6134646437849562,
   0.5033421818760205,
   0.7895246581732628,
   0.8144845374839716
  ],
  [
   0.11120361606832459,
   0.619729714959533,
   0.501528422212356,
   0.8095716170554074,
   0.8289051683722602
  ],
  [
   0.11096426651381587,
   0.6321926536782598,
   0.493414429408225,
   0.8224996949564604,
   0.841543643324225
  ],
  [
   0.10991319571006598,
   0.6444586492137222,
   0.4945256006139061,
   0.8341615425229154,
   0.8550158826048452
  ],
  [
   0.1066279036130559,
   0.6536459083176803,
   0.49505868655337376,
   0.8489416233868533,
   0.8636427183704153
  ],
  [
   0.10554520190923734,
   0.6653207754572306,
   0.4945815682341419,
   0.8600414708406704,
   0.8684592916901566
  ],
  [
   0.10657894983073242,
   0.6797980891094998,
   0.49616017695559966,
   0.8689782629439478,
   0.872211542968508
  ],
  [
   0.10737311614167477,
   0.6892055690389135,
   0.49563309434922526,
   0.8754518007525368,
   0.8795385789350235
  ],
  [
   0.10656258326698309,
   0.6948878221534315,
   0.499146965048788,
   0.8821605947025497,
   0.8831581471156036
  ],
  [
   0.10461971176549982,
   0.7057283511001481,
   0.5043910931601499,
   0.8877388398653544,
   0.8859271838772501
  ],
  [
   0.10214987130806791,
   0.7162702155879952,
   0.5050438172358759,
   0.8919178361958798,
   0.8863142769426903
  ],
  [
   0.10190897519689725,
   0.7247103346028262,
   0.5103976575369599,
   0.8943055388123278,
   0.8881730030623302
  ],
  [
   0.10175543656440088,
   0.7332793544008225,
   0.5128388505065252,
   0.8963185663468312,
   0.8890249779410858
  ],
  [
   0.10297404406577154,
   0.7448722629368184,
   0.5125712428567565,
   0.8966282082943501,
   0.8895555093112516
  ],
  [
   0.10312967196770305,
   0.7462534647729576,
   0.5075329794894005,
   0.8969573351157685,
   0.8897849524477527
  ],
  [
   0.10191259881617275,
   0.7549247575126604,
   0.5060134736528538,
   0.8991405145577923,
   0.8911288035588355
  ],
  [
   0.103363617513698,
   0.7606893945424601,
   0.5132329702336382,
   0.8999781320672926,
   0.8928772916914052
  ],
  [
   0.10551156977120422,
   0.766465119372096,
   0.5158118761659706,
   0.9003078362812582,
   0.8959726076223419
  ],
  [
   0.10488624019379204,
   0.7697752349542618,
   0.5154079922796814,
   0.9016538844970413,
   0.8959967674206034
  ],
  [
   0.10628143353424278,
   0.772688408316656,
   0.5191100783273132,
   0.901580318832815,
   0.8950028559611142
  ],
  [
   0.1054682191522996,
   0.7772164297017863,
   0.5190602526484493,
   0.9012618352284533,
   0.8957647018829237
  ],
  [
   0.10330082765339373,
   0.7843212357798408,
   0.516735998140161,
   0.9012692588183091,
   0.8940535815424502
  ],
  [
   0.10371263329821384,
   0.7879309667288803,
   0.5243646542063468,
   0.9023124821898199,
   0.8928119100227042
  ],
  [
   0.10596578325599143,
   0.7923331026540895,
   0.5219922029170345,
   0.9007312194793369,
   0.8913970048495945
  ],
  [
   0.10522317166601036,
   0.7950835306193161,
   0.5223484647866702,
   0.898875326859133,
   0.8893322845950018
  ],
  [
   0.10391690450481522,
   0.7983771616540408,
   0.5208705911650299,
   0.8976020548025763,
   0.8893124806214018
  ],
  [
   0.1030239372553956,
   0.8004683265562781,
   0.521308479610021,
   0.8978060979728365,
   0.8888980805999142
  ],
  [
   0.10313168332717786,
   0.8047722416587128,
   0.5195112472677598,
   0.8993780618401369,
   0.8889109623227357
  ],
  [
   0.10305688649351713,
   0.8049363681053778,
   0.5212617219216027,
   0.9002582914375453,
   0.888628043624233
  ],
  [
   0.10346336605778723,
   0.8056579474143472,
   0.5190051013430196,
   0.9010844412841904,
   0.8890085939624806
  ],
  [
   0.1038226677293861,
   0.8086353616158278,
   0.5194872583227564,
   0.9028160929049873,
   0.8877189709917256
  ],
  [
   0.10407221493070486,
   0.8090549100249994,
   0.5171549574993145,
   0.9031869515140731,
   0.89078579826633
  ],
  [
   0.10376556158446765,
   0.8104478714528743,
   0.5110368249272069,
   0.903781827020647,
   0.8905230351868824
  ],
  [
   0.10201520147412167,
   0.8098264552230362,
   0.5178419798892289,
   0.9035817162890197,
   0.8892761353148285
  ],
  [
   0.10232591589871752,
   0.8138481358210687,
   0.517554763455624,
   0.9024997181414395,
   0.8901989928778402
  ],
  [
   0.10311919837057103,
   0.8158166021438991,
   0.5136256598958542,
   0.9029346797944487,
   0.8901483191146479
  ],
  [
   0.1023903884447467,
   0.8134566771371904,
   0.5132826941703758,
   0.9029388576438885,
   0.8881688768210046
  ],
  [
   0.10215450278165851,
   0.8142826650657953,
   0.5179913371351331,
   0.9038575122634794,
   0.886694369862298
  ],
  [
   0.10094272127746133,
   0.8162353502961387,
   0.5198344239760163,
   0.9035207196432108,
   0.8869946483795275
  ],
  [
   0.10158782278343682,
   0.8207088984935118,
   0.5181302168558275,
   0.9028481579394606,
   0.886372304322412
  ],
  [
   0.10093355177164354,
   0.8227509006349559,
   0.5210103732342501,
   0.9024590696334774,
   0.8879052558669015
  ],
  [
   0.10173110208673584,
   0.8246012783137883,
   0.515326161864054,
   0.9037608708261237,
   0.8895550611738109
  ],
  [
   0.1021279978663801,
   0.8265062030068712,
   0.5090839109246964,
   0.9062548971676252,
   0.8894340973799665
  ],
  [
   0.10204559412034486,
   0.8281016934035835,
   0.5085893896449271,
   0.9059814608045089,
   0.8888023642247177
  ],
  [
   0.1018495724823524,
   0.8289122975881197,
   0.5059640243314576,
   0.9047178495316442,
   0.8914675480041642
  ],
  [
   0.10153473978810022,
   0.8287527028426843,
   0.5020529488587281,
   0.9053843461941851,
   0.8924185350933289
  ],
  [
   0.10346299507384439,
   0.8268798031509134,
   0.5017020148082602,
   0.9050109576828573,
   0.8922045532052792
  ],
  [
   0.10536350066041594,
   0.8232243698408901,
   0.5038905039967096,
