{
 "name": "Hitze-Duerre",
 "split": "train",
 "env": {
  "temperature": 0.92,
  "predation": 0.1,
  "foodAbundance": 0.3,
  "foodHeight": 0.1
 },
 "generations": 80,
 "traits": [
  "insulation",
  "size",
  "limbLength",
  "metabolism",
  "armor"
 ],
 "trajectory": [
  [
   0.4997268109640533,
   0.500312412102027,
   0.5000506646514865,
   0.5003685836446564,
   0.5008935668577482
  ],
  [
   0.49510778633417796,
   0.4984980202479518,
   0.4997747392876881,
   0.499782860355628,
   0.49910354648615146
  ],
  [
   0.4738355310456506,
   0.4873289907706428,
   0.5003392354723634,
   0.49936440644053254,
   0.49053031715854806
  ],
  [
   0.4370530279654874,
   0.46922758552433,
   0.5027011713094044,
   0.4996742271787642,
   0.47710724264845394
  ],
  [
   0.3849313972234805,
   0.43928315263123013,
   0.5036885703714992,
   0.5033795683679648,
   0.45579055879297153
  ],
  [
   0.3253258658203657,
   0.4018506973083929,
   0.5014663091213584,
   0.5077511546782612,
   0.42781284750551407
  ],
  [
   0.26572830413786436,
   0.35837734610370536,
   0.5019105678203132,
   0.5115608930563268,
   0.39920315278685226
  ],
  [
   0.20832228057763835,
   0.3145588061936876,
   0.5010967255376948,
   0.5137189831124506,
   0.360610222728684
  ],
  [
   0.16782872295323625,
   0.27266585711508406,
   0.5004727656077032,
   0.5165081902887054,
   0.3231630964853523
  ],
  [
   0.14000789366003263,
   0.2332280741292514,
   0.49820551971401156,
   0.5209297396789571,
   0.29024441675335183
  ],
  [
   0.11904590697710887,
   0.19666631433219697,
   0.49617445798717297,
   0.5261363592669231,
   0.26219689915187533
  ],
  [
   0.105665839310194,
   0.16982959722891863,
   0.4977261220653515,
   0.5324300077295803,
   0.234538558150352
  ],
  [
   0.0973502170118144,
   0.14787635543480745,
   0.5041114412440852,
   0.5391848593260463,
   0.20556363372406972
  ],
  [
   0.09322365804436765,
   0.12954809208534063,
   0.5033680558148605,
   0.5420885899898025,
   0.18781336156188969
  ],
  [
   0.08922461324123358,
   0.11580235748703775,
   0.505071798048783,
   0.5459823104328049,
   0.16990140461392236
  ],
  [
   0.08581590692548519,
   0.1043611066858876,
   0.503503352609845,
   0.554542505479489,
   0.15613217008814223
  ],
  [
   0.08461608022246875,
   0.09629554867035932,
   0.5047426664181142,
   0.5561199468378977,
   0.14172899998409952
  ],
  [
   0.08285288317828766,
   0.09296785480122255,
   0.5090131665776636,
   0.557063907693142,
   0.13025521270123683
  ],
  [
   0.08376444967045661,
   0.08969429159824084,
   0.5036217102215305,
   0.5605228176271265,
   0.12116233815090394
  ],
  [
   0.08342590988486838,
   0.08678888892304674,
   0.5030707847183177,
   0.5661044847475297,
   0.11497449979467604
  ],
  [
   0.08466103749957009,
   0.08434028479964757,
   0.5059281340796501,
   0.5762781414957944,
   0.1087366589246832
  ],
  [
   0.08420025909756719,
   0.08320465954277986,
   0.50581931037803,
   0.5785842616802591,
   0.10506093045057235
  ],
  [
   0.08321198128185882,
   0.08494668804570028,
   0.5098706969860095,
   0.5847315482275542,
   0.10236641917653368
  ],
  [
   0.08307700710136066,
   0.08371717342564655,
   0.5137741824292861,
   0.588492711707151,
   0.09888037748428642
  ],
  [
   0.08439628726213828,
   0.08409627952817648,
   0.5205358604332392,
   0.5972163723893055,
   0.0992360371545211
  ],
  [
   0.0821096179874682,
   0.08290006950583592,
   0.5231121827204782,
   0.6027956515816736,
   0.09757638874918219
  ],
  [
   0.08178121065459809,
   0.0834876071211003,
   0.5217458502908806,
   0.60486624439949,
   0.09617252582638876
  ],
  [
   0.0810415393462461,
   0.0814181515927464,
   0.5261074708503467,
   0.612987923559968,
   0.09499363902922037
  ],
  [
   0.07967025295979005,
   0.08082748625469349,
   0.5266866196537149,
   0.6151571984228442,
   0.09351388496232758
  ],
  [
   0.08161539549414283,
   0.07975389496532732,
   0.5287380553553245,
   0.6177964790059273,
   0.09382339740217659
  ],
  [
   0.08102931677658194,
   0.08077848892677422,
   0.5287978912814019,
   0.6204729193998423,
   0.09312043194065685
  ],
  [
   0.08315294595916321,
   0.08036519094345947,
   0.5316238886180968,
   0.6249636690193022,
   0.09330242835998705
  ],
  [
   0.08427656894319281,
   0.08252339903141234,
   0.536646102352672,
   0.626647437215011,
   0.0944969914120597
  ],
  [
   0.08387036823865945,
   0.08338235815864707,
   0.534781582130392,
   0.6294104077341676,
   0.09450333398397005
  ],
  [
   0.08314358198979539,
   0.08323645880455617,
   0.5371170040671827,
   0.6325238008629793,
   0.0943260328301025
  ],
  [
   0.08354645822412665,
   0.08423355622202121,
   0.5359768567282199,
   0.6343447527717917,
   0.09341260223614346
  ],
  [
   0.08276297394398058,
   0.08318971816662273,
   0.5418396787506726,
   0.635859855929764,
   0.09470545493979354
  ],
  [
   0.08445324078381798,
   0.08319638743416925,
   0.5399893743001042,
   0.6423801084595995,
   0.09631936155618899
  ],
  [
   0.08363039369628285,
   0.08273847548899423,
   0.5487397430074349,
   0.6435550804041582,
   0.09361785561301578
  ],
  [
   0.08383450012204341,
   0.08234130018009012,
   0.5502493596456007,
   0.6456745070980259,
   0.09322245101523763
  ],
  [
   0.08321818935798593,
   0.08101310446744965,
   0.5546944205857851,
   0.6506435910067245,
   0.09333013889652252
  ],
  [
   0.08026772455345643,
   0.08006712966506775,
   0.5591042849011673,
   0.6568892330830631,
   0.09339425123448036
  ],
  [
   0.07990152652891136,
   0.08078701862953473,
   0.5632218826529684,
   0.665857690999583,
   0.09335219697053544
  ],
  [
   0.08066555891231433,
   0.08196788161367943,
   0.5633409330971334,
   0.6711244427184356,
   0.09100661751636545
  ],
  [
   0.08192576193855272,
   0.08276109078585207,
   0.5683620312865063,
   0.6679651540872961,
   0.09111517078714708
  ],
  [
   0.08211106767727082,
   0.081737588296198,
   0.5732279988838557,
   0.6655087989109418,
   0.09253388301184462
  ],
  [
   0.08262326683033262,
   0.08304322809023844,
   0.5730077125905707,
   0.6717948474443275,
   0.09385418793735704
  ],
  [
   0.08204063076799521,
   0.08243266707408224,
   0.575278706757767,
   0.6810676657338578,
   0.09248648143760095
  ],
  [
   0.08227924361808088,
   0.08274255275047267,
   0.5735368199013543,
   0.6866135744033347,
   0.09001130129907454
  ],
  [
   0.08410083704150727,
   0.0834741924370578,
   0.5696792066673567,
   0.6927587419476656,
   0.09047872015888186
  ],
  [
   0.08428547775234296,
   0.08157914980081346,
   0.5738611581890083,
   0.6945064212144367,
   0.09267067183764699
  ],
  [
   0.0819234188313671,
   0.07987477162089675,
   0.5686225266339723,
   0.696750013641724,
   0.09440446997043052
  ],
  [
   0.08341686241863022,
   0.0803675178497371,
   0.568073962981816,
   0.6975577500869679,
   0.09549581044653609
  ],
  [
   0.08421125974554172,
   0.07933769314101824,
   0.5709694874701003,
   0.6979019609443923,
   0.0946363370981557
  ],
  [
   0.08193057396140599,
   0.08193748131279059,
   0.5753119661000826,
   0.6994694219111893,
   0.09378235014059189
  ],
  [
   0.08079874396418159,
   0.0832988511534352,
   0.5724779926390404,
   0.7100785548872336,
   0.09457998530463557
  ],
  [
   0.08276234422285267,
   0.08366054962893764,
   0.5757713322963073,
   0.7157295482935835,
   0.09572508618254248
  ],
  [
   0.0822576643148654,
   0.0836274877181617,
   0.5748371703358656,
   0.715245772851748,
   0.0942467159973004
  ],
  [
   0.08114622262283873,
   0.0846353523939589,
   0.5782590271721225,
   0.7175300272662622,
   0.09483853668618619
  ],
  [
   0.08119527550149368,
   0.08432003802545919,
   0.5793749262704101,
   0.719998025426848,
   0.09532734468756586
  ],
  [
   0.08058392580581873,
   0.08341458942742437,
   0.577544556679581,
   0.7173556623900526,
   0.09493584235703063
  ],
  [
   0.08263693564717839,
   0.0831703587640429,
   0.5726967265764638,
   0.7208423460025694,
