{
 "name": "Hitze-Duerre",
 "split": "train",
 "env": {
  "temperature": 0.92,
  "predation": 0.1,
  "foodAbundance": 0.3,
  "foodHeight": 0.1,
  "light": 0.9,
  "water": 0.15
 },
 "generations": 80,
 "traits": [
  "insulation",
  "size",
  "limbLength",
  "metabolism",
  "armor",
  "photosynthesis",
  "mobility",
  "structure"
 ],
 "trajectory": [
  [
   0.5003555857558147,
   0.4998556680717013,
   0.5006348919869128,
   0.5002495530544128,
   0.49980677103561183,
   0.4997878594967075,
   0.5001344176920638,
   0.4997591527196754
  ],
  [
   0.4969452265582614,
   0.4977029844277689,
   0.5012778236095906,
   0.49948757488343665,
   0.49720077179764494,
   0.49700872187998485,
   0.499583342298283,
   0.4988753557563988
  ],
  [
   0.4777819338975256,
   0.4858252701116636,
   0.5005745048270744,
   0.497620192494135,
   0.4904741561619877,
   0.48829627895372063,
   0.5002560050026171,
   0.4969742632730822
  ],
  [
   0.4421094221440654,
   0.466634562569694,
   0.49944158134854466,
   0.4932417963925255,
   0.4801968280532842,
   0.4745141938252943,
   0.5014393776567773,
   0.48565198988692065
  ],
  [
   0.3949618073362176,
   0.4398449979662029,
   0.498284947197845,
   0.4844876011363426,
   0.46299287730204003,
   0.449517449597334,
   0.5047185296198721,
   0.46948526597427587
  ],
  [
   0.3390318759119803,
   0.4101051170545955,
   0.4980244856668874,
   0.4708388742768332,
   0.43816859952045756,
   0.4222268095750205,
   0.5110607654536842,
   0.4516148264206686
  ],
  [
   0.2829669028934331,
   0.3683956222106654,
   0.49601238120307967,
   0.4602474297196511,
   0.4131718032809093,
   0.38594887297339436,
   0.517770564868758,
   0.42566523687718966
  ],
  [
   0.2286325413626127,
   0.3250288139114482,
   0.49814587269799643,
   0.44621092528347894,
   0.37923077834873364,
   0.34458131663007824,
   0.5294731600136556,
   0.3981573386452195
  ],
  [
   0.1852180200899127,
   0.2796537832287518,
   0.4996219254069332,
   0.43650823214452,
   0.3445934934262916,
   0.2977989218713995,
   0.5466602152335008,
   0.36635785629643053
  ],
  [
   0.15161669919922097,
   0.2393446540001157,
   0.503116992021478,
   0.4280232776358293,
   0.3112290848084331,
   0.25034675395169165,
   0.5675718652450327,
   0.33363243120125735
  ],
  [
   0.12684505201833285,
   0.19947835273766157,
   0.5087067999155709,
   0.42272911233621885,
   0.2809432664497425,
   0.20967254610076438,
   0.5895733758074296,
   0.2984249226102279
  ],
  [
   0.10990725792123701,
   0.1695194149517151,
   0.5098674969001155,
   0.4219218181481624,
   0.25308189910935003,
   0.1750954762348639,
   0.6108485813556336,
   0.2681337274711331
  ],
  [
   0.10229088115715247,
   0.14274556100736607,
   0.5120705626764958,
   0.4213867153632065,
   0.22619868807495133,
   0.14501133645291112,
   0.6413110029858765,
   0.2405208773233102
  ],
  [
   0.09586869649128922,
   0.1228792816797921,
   0.512645442699783,
   0.42730853962956483,
   0.20356254986669461,
   0.12151379475730369,
   0.6685638039307932,
   0.21617757928500583
  ],
  [
   0.09190095965809751,
   0.11042636067274213,
   0.5144868280057243,
   0.4350274101905854,
   0.18548098778892852,
   0.10559104233656774,
   0.6984968671388639,
   0.19516707600048502
  ],
  [
   0.09041771095708244,
   0.10145952157171621,
   0.5127567807739983,
   0.4431081113650904,
   0.1702937944605768,
   0.09234821687317307,
   0.7251091746797823,
   0.17876596219359145
  ],
  [
   0.08962815828890751,
   0.0944697960413118,
   0.5155307790737328,
   0.4565789117668008,
   0.15774194251979726,
   0.0854361595293359,
   0.7527944645661028,
   0.16321272174610538
  ],
  [
   0.08833733362420353,
   0.0903610830718346,
   0.5183740014622319,
   0.46896512586674327,
   0.14417238577518243,
   0.08069648386286317,
   0.7794864837230678,
   0.15051542829532988
  ],
  [
   0.0878858991008235,
   0.08822334771933575,
   0.5181602589400057,
   0.48418522925900537,
   0.13576083027223781,
   0.07777591994183623,
   0.8022733899356944,
   0.14081696996218265
  ],
  [
   0.08681730672204073,
   0.08503862658217627,
   0.5175825532236914,
   0.5038807909461902,
   0.1257894319272925,
   0.07500682934995949,
   0.8216929461546026,
   0.13092929896166056
  ],
  [
   0.08650694941549279,
   0.08448789535534879,
   0.5181295218386117,
   0.5244764470912343,
   0.11946822594656474,
   0.07156558392031531,
   0.840716016610977,
   0.12470342163121682
  ],
  [
   0.08580320450722793,
   0.08391645315158508,
   0.516945222261821,
   0.5488246026079636,
   0.11486212137336237,
   0.07180817226654466,
   0.8540879266811031,
   0.11967512717731442
  ],
  [
   0.08661523572519202,
   0.08377366725098438,
   0.5194786660522087,
   0.5723409020768776,
   0.10963549018764647,
   0.06918584035527832,
   0.8670860467960124,
   0.1144011020381524
  ],
  [
   0.08831498949752781,
   0.0834044347483874,
   0.5221554823253086,
   0.6021789797974054,
   0.10608384803185748,
   0.06654533557057138,
   0.8759132653877852,
   0.11103737230869938
  ],
  [
   0.0861624148547483,
   0.08349953165244718,
   0.5237146352611091,
   0.623607705187602,
   0.10437933466443335,
   0.06733156786777604,
   0.8831738588202951,
   0.10822643156434486
  ],
  [
   0.08736856217229887,
   0.08371097187619263,
   0.5300817736319193,
   0.650849693134582,
   0.10326575601476108,
   0.0663728327882242,
   0.8902710804145956,
   0.1074625518463385
  ],
  [
   0.08635345010998312,
   0.08243573533720937,
   0.5336243240798021,
   0.6796938370458253,
   0.10158214328010633,
   0.06512472042310558,
   0.8938177094540922,
   0.10642318179230274
  ],
  [
   0.08411516244782448,
   0.08209775789574257,
   0.5385513076457139,
   0.703605501700271,
   0.1025674073696181,
   0.06469919556434364,
   0.8993062438564879,
   0.10749420645973068
  ],
  [
   0.08348075349120361,
   0.08250815651861328,
   0.5394246656179885,
   0.7254137458177862,
   0.10211803279037368,
   0.06569426291949614,
   0.904047710236003,
   0.10491303182654994
  ],
  [
   0.08380807025907594,
   0.08373664058541531,
   0.5409897710028804,
   0.7402466580899653,
   0.10136543800406787,
   0.06613974524063464,
   0.9043400899439459,
   0.10295827472341039
  ],
  [
   0.0819920874574492,
   0.08281471883774774,
   0.5437036992904648,
   0.7565378028158483,
   0.10189269804580776,
   0.06632045755049969,
   0.9056309951801161,
   0.10453094476908424
  ],
  [
   0.08188561502869289,
   0.08433303615659904,
   0.5399518768631527,
   0.774223400831818,
   0.1027765024600328,
   0.06563763588009236,
   0.9072378417705315,
   0.10281880035309572
  ],
  [
   0.08333378951701227,
   0.08633808053778756,
   0.5379683154759013,
   0.7866138295590557,
   0.1039010654141469,
   0.06425275401010767,
   0.9090643467809967,
   0.10512610407524088
  ],
  [
   0.08435828712628889,
   0.08667991021780558,
   0.5384215207356045,
   0.7992102363655973,
   0.10344160066421222,
   0.06372295702107152,
   0.9099281369376051,
   0.10500717014862383
  ],
  [
   0.08508437314867641,
   0.0849808625502766,
   0.5381782018482404,
   0.8062584988205338,
   0.10282171739492262,
   0.06431134239138414,
   0.9117022537789586,
   0.10420189941666118
  ],
  [
   0.08465600503207917,
   0.08324436043060197,
   0.5410172542026473,
   0.8156164291722532,
   0.10081878921385395,
   0.06432328389243257,
   0.9141466811231153,
   0.10374185471754377
  ],
  [
   0.08560288875028721,
   0.08293337938902784,
   0.5446857344845153,
   0.8201886554147206,
   0.10398801302749912,
   0.06405484609458943,
   0.9154779313378736,
   0.10426208513518927
  ],
  [
   0.08512585749834146,
   0.08357924774510876,
   0.5408712358837068,
   0.8332439410794259,
   0.10153212768685409,
   0.06345964026241945,
   0.9174671794294188,
   0.10619668615269069
  ],
  [
   0.08538769925617061,
   0.08528234703022204,
   0.544544699544217,
   0.8390157231471637,
   0.10477040020199628,
   0.06492516492283111,
   0.917844994114045,
   0.10620606826763652
  ],
  [
   0.08397880545697649,
