{
 "name": "Hitze-Duerre",
 "split": "train",
 "env": {
  "temperature": 0.92,
  "predation": 0.1,
  "foodAbundance": 0.3,
  "foodHeight": 0.1,
  "light": 0.9,
  "water": 0.15
 },
 "generations": 80,
 "traits": [
  "insulation",
  "size",
  "limbLength",
  "metabolism",
  "armor",
  "photosynthesis",
  "mobility",
  "structure"
 ],
 "trajectory": [
  [
   0.5003555857558147,
   0.4998556680717013,
   0.5006348919869128,
   0.5002495530544128,
   0.49980677103561183,
   0.4997878594967075,
   0.5001344176920638,
   0.4997591527196754
  ],
  [
   0.49860964846285083,
   0.4995106356699233,
   0.5008551865183021,
   0.5000482776438321,
   0.49791991779097966,
   0.4986145062586154,
   0.49915860063577,
   0.49971590213541567
  ],
  [
   0.4889877327458462,
   0.49681285363157707,
   0.5001079099875283,
   0.49866795356192556,
   0.4949871830273205,
   0.49646946731259006,
   0.4980955553911118,
   0.5002347212379137
  ],
  [
   0.4711264565742288,
   0.4941273460946824,
   0.49868940520887056,
   0.49392028221414913,
   0.4902742459154232,
   0.4926099757529412,
   0.4913313934126749,
   0.4979596975222232
  ],
  [
   0.4484461334689636,
   0.48598106502979577,
   0.49923493606179226,
   0.48637842902309286,
   0.48266458155181335,
   0.4826223253247714,
   0.4841527976755078,
   0.4924405662079825
  ],
  [
   0.41695175066310836,
   0.4753834351308353,
   0.5016334566943403,
   0.47266100479044176,
   0.47338950940434854,
   0.4696175720238775,
   0.47384461368116987,
   0.48423915302435355
  ],
  [
   0.3858915651344202,
   0.4622492245534608,
   0.5019773788440078,
   0.4611438390425931,
   0.45907141146254044,
   0.45369386510434273,
   0.4600745826523435,
   0.4738302709051588
  ],
  [
   0.35099923698799573,
   0.44767447906878594,
   0.5031961958407011,
   0.4447834224694593,
   0.4392968333720959,
   0.43307096230262215,
   0.44361063795866906,
   0.46595999358711465
  ],
  [
   0.32337899907652123,
   0.4289514218884605,
   0.5028374530201918,
   0.42487928394197144,
   0.4111545587917577,
   0.41144478979354143,
   0.42423791973452846,
   0.4518452546954818
  ],
  [
   0.2910208380855729,
   0.4073216071459859,
   0.5053775262237822,
   0.4036950365892524,
   0.3905513340108104,
   0.38195453042122346,
   0.4057129202802088,
   0.43791411944883446
  ],
  [
   0.2641331406275885,
   0.37723954812749355,
   0.5042789356003197,
   0.3785886866209817,
   0.3634468497074457,
   0.3489480922621826,
   0.3803290236484324,
   0.4162165428009644
  ],
  [
   0.2378086542748673,
   0.34553030702543547,
   0.5024215479548934,
   0.35732521468278455,
   0.33246098963739495,
   0.31977391474179445,
   0.3544319212580597,
   0.3996232750836351
  ],
  [
   0.21644113432656464,
   0.3102687874128125,
   0.5022040294931728,
   0.3346325444747791,
   0.30181936288057104,
   0.2873050710372376,
   0.32958581819344707,
   0.37559090524082467
  ],
  [
   0.20077246829328146,
   0.27800245835632237,
   0.5057940792874674,
   0.3159157285202591,
   0.2727721675135089,
   0.2570491464651839,
   0.3027326108305239,
   0.3502594897725872
  ],
  [
   0.1826573927689339,
   0.2475158923514016,
   0.5082906427501784,
   0.29193342014136264,
   0.24727744362577112,
   0.23204681342944825,
   0.2799089233293938,
   0.325265571482501
  ],
  [
   0.16748406613366285,
   0.2213921653302298,
   0.515573935079778,
   0.2687166091112856,
   0.22324395866814792,
   0.2063189099116409,
   0.25932515339903844,
   0.3028655725934066
  ],
  [
   0.15455294509362624,
   0.19484771357907504,
   0.5174188430848258,
   0.2535282097091603,
   0.20337255095152115,
   0.18211185799079246,
   0.23643028808624278,
   0.28524420516761845
  ],
  [
   0.14168050422373715,
   0.17872333407087218,
   0.5143968414060524,
   0.23616723221557945,
   0.1814703661728553,
   0.16384829738347476,
   0.21848658608051338,
   0.26205575241220486
  ],
  [
   0.13500341558957166,
   0.16078510344141084,
   0.5200504585650478,
   0.22132942217152754,
   0.16648217684507996,
   0.1497926666068448,
   0.20388375591588415,
   0.24211325563354402
  ],
  [
   0.12886023271344493,
   0.14451130703008513,
   0.5202456619478655,
   0.20813854564333592,
   0.15255435156454614,
   0.13815217760356976,
   0.1951785293870397,
   0.22218264169505006
  ],
  [
   0.1219649057583736,
   0.1338863947429232,
   0.5184745685347801,
   0.19748437106391512,
   0.14254803863570822,
   0.12739458732920994,
   0.18372406783194958,
   0.204188842142618
  ],
  [
   0.1158461773424831,
   0.12489105634327242,
   0.5254481948277375,
   0.18682637845685565,
   0.13272460627448204,
   0.12250536184065057,
   0.17764000938202362,
   0.18745992903761685
  ],
  [
   0.11316482516122545,
   0.11920135265047982,
   0.5245522037261793,
   0.17793593853040734,
   0.1246277657302136,
   0.11596625772302037,
   0.1692414249358716,
   0.17702573068437513
  ],
  [
   0.11200598875599327,
   0.11356740863282756,
   0.5274488446387976,
   0.17239576994799719,
   0.11955599379583433,
   0.1113174311801856,
   0.16260016326679824,
   0.16519985462394968
  ],
  [
   0.10854236738679056,
   0.1089942134095865,
   0.5269500805178452,
   0.16942117146087934,
   0.11447282772067381,
   0.11009017474611198,
   0.15654958070357458,
   0.1562665902862592
  ],
  [
   0.10917607540030083,
   0.10506538280833506,
   0.5238407477931766,
   0.16306153907747448,
   0.11271419517714126,
   0.10818125445404823,
   0.151984454290942,
   0.15084252557519234
  ],
  [
   0.10934392110298068,
   0.10083088650156526,
   0.5237395663464153,
   0.1581687590212164,
   0.10883672321457537,
   0.10433624690237019,
   0.14960527228324755,
   0.14699060024109092
  ],
  [
   0.10829990178029571,
   0.09889340612967927,
   0.5252642432854693,
   0.15263684874516004,
   0.10703327955139262,
   0.10193429866263365,
   0.145590495927427,
   0.13899038623073828
  ],
  [
   0.10837499554993006,
   0.0988998480030539,
   0.5225334729317509,
   0.14771925480855988,
   0.10509264921699546,
   0.10220797632178942,
   0.14285341169588034,
   0.1332417415113714
  ],
  [
   0.10763940070327278,
   0.0974341368083499,
   0.5229543021449088,
   0.1463504474559671,
   0.10210435789023753,
   0.10374197312601136,
   0.13896355828774146,
   0.12950514653999493
  ],
  [
   0.10734832346618844,
   0.09876886375812045,
   0.5245464589360928,
   0.1423993219206938,
   0.1018975652289421,
   0.10409554961955891,
   0.13624721555284772,
   0.1272290764508197
  ],
  [
   0.10582147103960564,
   0.0961009096555618,
   0.5242645820254304,
   0.1372544062689933,
   0.10450039769760082,
   0.10505508000501823,
   0.13483669255337738,
   0.12488426303807855
  ],
  [
   0.10513026612482745,
   0.09590692821430337,
   0.5216670651505951,
   0.13578533496245399,
   0.10332874561550452,
   0.10176868208610564,
   0.13443959208332784,
   0.12396187247975236
  ],
  [
   0.1039499234542351,
   0.09322562508472437,
   0.5245077316864762,
   0.13560364605675776,
   0.10322800292041802,
   0.10078906271801492,
   0.13401437755687587,
   0.12147214135583745
  ],
  [
   0.10388314637103752,
   0.09293489755695229,
   0.5262040594325211,
   0.13400596894345299,
   0.10496646033342776,
   0.09806521212877084,
   0.13113492064845847,
   0.11963808216901112
  ],
  [
   0.10476237235864068,
   0.0939804096891384,
   0.519962764277526,
   0.13589237721251177,
   0.10150190446050768,
   0.10001326093442224,
   0.1319921076704445,
   0.1188834728006402
  ],
  [
   0.1064973916146727,
   0.09456587267915624,
   0.5182272051788109,
   0.13465142023975465,
   0.10121680095348985,
   0.10115376267122393,
   0.13311453217302213,
   0.11794513910838861
  ],
  [
   0.10658859940648896,
   0.09247172861089449,
   0.5182895564916871,
   0.13436572184900172,
   0.10273447843468324,
   0.1012809110843348,
   0.13058022025578722,
   0.12014158519325446
  ],
  [
   0.10581391434658631,
   0.0931034378885862,
   0.5221271266892076,
   0.13329692315209418,
   0.1037956805443581,
   0.10273020214961177,
   0.12864283368727783,
