{
 "name": "Hitze-Duerre",
 "split": "train",
 "env": {
  "temperature": 0.92,
  "predation": 0.1,
  "foodAbundance": 0.3,
  "foodHeight": 0.1,
  "light": 0.9,
  "water": 0.15
 },
 "generations": 80,
 "traits": [
  "insulation",
  "size",
  "limbLength",
  "metabolism",
  "armor",
  "photosynthesis",
  "mobility",
  "structure",
  "wing"
 ],
 "trajectory": [
  [
   0.4991898287623622,
   0.4997065634827101,
   0.5001561244775644,
   0.5006984386424967,
   0.5003491935357325,
   0.5001629330209723,
   0.5002618699483379,
   0.5001433453474952,
   0.4998505652377894
  ],
  [
   0.4984747312008517,
   0.4992092701108977,
   0.49994343228106386,
   0.49943077863527635,
   0.500961722824301,
   0.49960748959955775,
   0.5004239357835109,
   0.5003821900545242,
   0.4984609237328715
  ],
  [
   0.48930423907897197,
   0.49813652563518085,
   0.4989413726415189,
   0.499744873083041,
   0.49991473176889234,
   0.4996530461388429,
   0.49694880145136805,
   0.4992152714976481,
   0.4978510040917718
  ],
  [
   0.46965831611348047,
   0.4940740106751183,
   0.4961340753329813,
   0.4958793628196168,
   0.4944391610265599,
   0.49591774026406465,
   0.49359087147916586,
   0.4967832620159276,
   0.4993273011242381
  ],
  [
   0.44783013600994254,
   0.48871448354719527,
   0.4971720796573332,
   0.48434613095770224,
   0.4901267768282292,
   0.49008084534871355,
   0.4875106942544695,
   0.4930824491331409,
   0.4966472529349932
  ],
  [
   0.42183486899048633,
   0.4800511805067089,
   0.4930610336503108,
   0.4798642429604787,
   0.480304157566631,
   0.4810798663912777,
   0.48198557146754,
   0.4907787251278712,
   0.4952977539409195
  ],
  [
   0.39179526592990127,
   0.4684456684609384,
   0.4949530907237847,
   0.47239643740859066,
   0.4676068410976571,
   0.4694944279195059,
   0.47274260532483425,
   0.48312912475749026,
   0.48700703444790866
  ],
  [
   0.363089148483058,
   0.4578273385829697,
   0.4948270722076394,
   0.46304295691720837,
   0.45216605611347593,
   0.4532301145890532,
   0.4582448456455593,
   0.47547613468520517,
   0.47947220302302423
  ],
  [
   0.33290436609130064,
   0.4424144483897677,
   0.49391462852134255,
   0.45017213922557003,
   0.43544675394121807,
   0.4365268442070564,
   0.446230133461633,
   0.46725967715288924,
   0.47106977492958796
  ],
  [
   0.3073215010152156,
   0.4243966426303211,
   0.4959271880190281,
   0.43347886261564433,
   0.41746557633658243,
   0.4150695244165772,
   0.4278353235565551,
   0.4582338727346564,
   0.4583827963004386
  ],
  [
   0.27746499225337146,
   0.4009629251788081,
   0.49633081277934815,
   0.41433109663686224,
   0.3972103792747044,
   0.39091812236304047,
   0.40727996733036304,
   0.4433898577947444,
   0.43899504456728256
  ],
  [
   0.2522335928925275,
   0.37613581181696404,
   0.5036283837131443,
   0.3952271428450782,
   0.37011009968266856,
   0.3646266603020507,
   0.38372476178899734,
   0.42974596862988207,
   0.4207394952163382
  ],
  [
   0.22731889908040978,
   0.34503218809385516,
   0.5038230694588257,
   0.37072128843885227,
   0.3430193352353094,
   0.33205794568056785,
   0.35634654201421556,
   0.4077482750341321,
   0.3977373465124175
  ],
  [
   0.2078831735363016,
   0.31580758052778707,
   0.5052376940000433,
   0.34030286722664216,
   0.31323948957086073,
   0.29907787670241537,
   0.33398527766363423,
   0.3892533272845177,
   0.3702532120296929
  ],
  [
   0.18880862672261592,
   0.28066562663442934,
   0.5087816635601522,
   0.3218116380663427,
   0.28152606899930005,
   0.26654169445490733,
   0.3109381926197445,
   0.3656387544878365,
   0.3461332944801276
  ],
  [
   0.17504216931369002,
   0.24873529831217778,
   0.5095739729960648,
   0.2973254760085658,
   0.25196054000255025,
   0.2422624618652596,
   0.2889764154157998,
   0.33582339797864263,
   0.3210153753118261
  ],
  [
   0.16081160214487047,
   0.22516893335888719,
   0.5111014023422847,
   0.2783121515331186,
   0.22355850436806354,
   0.21162541989808767,
   0.2670368848768661,
   0.3125727461281014,
   0.2918315860165952
  ],
  [
   0.14885939324595102,
   0.19717085681473237,
   0.5109982522072472,
   0.25832696741920486,
   0.1972894894964581,
   0.18756261342995995,
   0.24345889102346244,
   0.2883254820817139,
   0.26365351113354457
  ],
  [
   0.1420498745977058,
   0.17671062180713237,
   0.5102651064481442,
   0.24139115405421116,
   0.17296279089685565,
   0.1664574686696831,
   0.22776980478262945,
   0.2685104561529714,
   0.23875485550836742
  ],
  [
   0.1345364583090665,
   0.15960434858849035,
   0.513202359093914,
   0.22610894369840692,
   0.15671772724743852,
   0.15288481195940137,
   0.21299517628514567,
   0.2482028771295096,
   0.21712038587304552
  ],
  [
   0.12941636398359674,
   0.1462149616473856,
   0.5183384538375468,
   0.21365908400303937,
   0.14664903583794606,
   0.14186017338060503,
   0.2008994430719709,
   0.22923665084688064,
   0.1975830771431892
  ],
  [
   0.12248504547942035,
   0.13575996799379828,
   0.5268750972010859,
   0.20220118427298628,
   0.1365843113826699,
   0.13186153073683668,
   0.19194008792857029,
   0.21334211980196774,
   0.18336230282379726
  ],
  [
   0.11832494023359498,
   0.12498979600027932,
   0.5225978327421303,
   0.19525604421247456,
   0.12787237377548902,
   0.12623336065308674,
   0.18254959716300787,
   0.19708364907608625,
   0.1664574750111906
  ],
  [
   0.11680305641635534,
   0.11880520086424466,
   0.5157825604741668,
   0.18150669830072555,
   0.12302211648521527,
   0.12157878394251341,
   0.17407416583688404,
   0.1809630466707044,
   0.15495725604368957
  ],
  [
   0.11054745046549413,
   0.11298219286954876,
   0.5190739691847199,
   0.17316809992932736,
   0.11717649319183653,
   0.11610823301236306,
   0.1655818049138,
   0.169370545922196,
   0.1464782217556464
  ],
  [
   0.10867479994339967,
   0.10809220960109968,
   0.5180290166634662,
   0.1637640102944044,
   0.11455711523311342,
   0.1138107601798416,
   0.1619660530902291,
   0.15963094467618025,
   0.1367031488490679
  ],
  [
   0.1059214949938805,
   0.10535469700766574,
   0.516377450204479,
   0.15818506752327444,
   0.11187035053772897,
   0.10882346922562303,
   0.15983721454189695,
   0.15180156177885992,
   0.12876678224061963
  ],
  [
   0.10412572989638741,
   0.10349076740952945,
   0.5134208015040963,
   0.15695157195936713,
   0.10581936162728071,
   0.10801084391782939,
   0.15541349413530656,
   0.14420513809310878,
   0.12279020339789111
  ],
  [
   0.10295799310568826,
   0.10150906376091538,
   0.5102888249432576,
   0.1518981322530083,
   0.10621236428889079,
   0.10655151235613662,
   0.14961244616024386,
   0.13465646476395252,
   0.12106685849409328
  ],
  [
   0.10047699660967908,
   0.09927471065464973,
   0.517222400516307,
   0.14700305326647206,
   0.10612447509516199,
   0.10484286179116069,
   0.14646266445195555,
   0.1313435553084176,
   0.11802289727575092
  ],
  [
   0.10029171535380803,
   0.09956191748764226,
   0.5144666317519037,
   0.1446402591580328,
   0.10270269572159452,
   0.10212466149679938,
   0.14317349305216368,
   0.12786274711966436,
   0.11559713503603364
  ],
  [
   0.10042270965207718,
   0.09957133292586272,
   0.5146761872742718,
   0.141705330164933,
   0.10237903885927385,
   0.10290410198538757,
   0.13925146750011624,
   0.12406614522629038,
   0.11567518919388207
  ],
  [
   0.10166685321680678,
   0.09577348791707013,
   0.5153759691802041,
   0.13835402219375537,
   0.10080037398006629,
   0.10182372012847497,
   0.1385364108722732,
   0.1252744711447269,
   0.11526184004839497
  ],
  [
   0.10035521377831991,
   0.09588661892809369,
   0.514464772979218,
   0.1346263389550049,
   0.10086690558339705,
   0.1033198587476503,
   0.13466627078565188,
   0.12369261086536348,
   0.11234806324205764
  ],
  [
   0.10141413130031428,
   0.09533055900555448,
   0.5152277813073508,
   0.1318666562643365,
   0.10269982574075111,
   0.1035838749549634,
   0.13488867666188264,
