{
 "name": "Hitze-Duerre",
 "split": "train",
 "env": {
  "temperature": 0.92,
  "predation": 0.1,
  "foodAbundance": 0.3,
  "foodHeight": 0.1,
  "light": 0.9,
  "water": 0.15
 },
 "generations": 80,
 "traits": [
  "insulation",
  "size",
  "limbLength",
  "metabolism",
  "armor",
  "photosynthesis",
  "mobility",
  "structure"
 ],
 "trajectory": [
  [
   0.5003555857558147,
   0.4998556680717013,
   0.5006348919869128,
   0.5002495530544128,
   0.49980677103561183,
   0.4997878594967075,
   0.5001344176920638,
   0.4997591527196754
  ],
  [
   0.49846706003552116,
   0.49954129406804465,
   0.5011686970387136,
   0.5001699025329309,
   0.4981758581427529,
   0.4988226454640923,
   0.499274754643745,
   0.49981443305255163
  ],
  [
   0.4884498275821299,
   0.4964099165509019,
   0.5007990214415909,
   0.4980469915026294,
   0.4969820332914694,
   0.4976185968363302,
   0.49796033200100903,
   0.5008819759283384
  ],
  [
   0.4728539545084655,
   0.49201844174406384,
   0.5007202674343237,
   0.49300463922101234,
   0.49492718570907973,
   0.4937887410366241,
   0.4951449446527236,
   0.5002080108914483
  ],
  [
   0.4499086686753679,
   0.483121390323284,
   0.4994716491186571,
   0.4833578029312153,
   0.4916063910586273,
   0.4888324499053667,
   0.48954572475707975,
   0.4946512147909803
  ],
  [
   0.4190970288719082,
   0.4747739729536114,
   0.4968020113150244,
   0.4699102797617887,
   0.48572293296314456,
   0.4779351157302532,
   0.48372279992052064,
   0.4884733078082677
  ],
  [
   0.3880583575287752,
   0.4615519109585526,
   0.49671200908307783,
   0.45589334653912017,
   0.47812461788446153,
   0.4674384016606991,
   0.4738411302937442,
   0.4792470223856807
  ],
  [
   0.35662314352502883,
   0.4462532141591731,
   0.4958722559656126,
   0.4376163645630957,
   0.4659983253016395,
   0.45534448286247375,
   0.46273303272135813,
   0.46905885915150564
  ],
  [
   0.3238414471452391,
   0.4327384996164512,
   0.4953182860599039,
   0.4133668030703996,
   0.4539765591628598,
   0.43957972826337116,
   0.4486790437543313,
   0.4599327028050466
  ],
  [
   0.29172846933158414,
   0.4129284932994481,
   0.4984537239899816,
   0.39174926668297,
   0.44246352872315503,
   0.4205502180427414,
   0.434217608279243,
   0.4489473715562338
  ],
  [
   0.2641713982159929,
   0.3899254342494876,
   0.4966610573333516,
   0.36701808255698126,
   0.4297156073697906,
   0.3997306281915949,
   0.41816963455499323,
   0.4344003686522737
  ],
  [
   0.23823217214052717,
   0.3641933344422852,
   0.49493361326456253,
   0.3417121924327093,
   0.4137511379211061,
   0.3801703488477544,
   0.399823875296355,
   0.4139220074268015
  ],
  [
   0.21508696117679635,
   0.335864215728012,
   0.4973033311237321,
   0.31416888642168056,
   0.3967258338941633,
   0.3548521424748147,
   0.3814577253564216,
   0.3930199879466916
  ],
  [
   0.1953750320709643,
   0.30551212356150087,
   0.5021378662134837,
   0.2879895215382754,
   0.37301041358916903,
   0.32711542483973766,
   0.3626693836981045,
   0.3697652491866703
  ],
  [
   0.17711261462686687,
   0.2756547081532346,
   0.5013973753844869,
   0.26150566870026487,
   0.35051779148601114,
   0.30354957250777437,
   0.34450009860690817,
   0.34714030584266126
  ],
  [
   0.16254192621741195,
   0.24666699273151974,
   0.5022688061677295,
   0.23581900291183858,
   0.3272448229503203,
   0.2785264472704023,
   0.3269854806920429,
   0.3249270747386673
  ],
  [
   0.1498597454792819,
   0.21582021418224795,
   0.49932990024202867,
   0.21264832149149562,
   0.3055984369176036,
   0.2525638374799671,
   0.3065423506655865,
   0.2987945740015367
  ],
  [
   0.1412459853410971,
   0.18560880060966423,
   0.4988615622996378,
   0.19382407706022223,
   0.28193056007359885,
   0.2273620178232769,
   0.2927121846599426,
   0.2729025078546688
  ],
  [
   0.13439730019207705,
   0.16827581456863858,
   0.5014023108027056,
   0.17651073856345023,
   0.2609139637824907,
   0.20683557713919443,
   0.27819656660006864,
   0.25411946692998894
  ],
  [
   0.12728328957062626,
   0.15143325620831713,
   0.4963626221702077,
   0.16298474251797482,
   0.2368897920899645,
   0.19080039836840834,
   0.2673395133747458,
   0.23396181459024898
  ],
  [
   0.12080760317168614,
   0.1394313473736205,
   0.49037270148979123,
   0.14815653560904132,
   0.2170743061848334,
   0.17603677910176416,
   0.2509233535706314,
   0.21263518922398839
  ],
  [
   0.11794475175595846,
   0.1289600161442693,
   0.4865486182889578,
   0.1385524262714246,
   0.19883505085144268,
   0.16370564675719337,
   0.24206426398461123,
   0.19949592213527542
  ],
  [
   0.11470090155031083,
   0.121069127443635,
   0.4849885303497461,
   0.13053433013801904,
   0.18592453720789762,
   0.1511890961373078,
   0.23498498733149087,
   0.18684729763442987
  ],
  [
   0.11077976956889428,
   0.11568870829786558,
   0.4886802033170323,
   0.12573001320776878,
   0.17338418036466033,
   0.1419483500248642,
   0.22758579031646745,
   0.17485625201312105
  ],
  [
   0.1079839751329696,
   0.10864356737591678,
   0.4871502352466921,
   0.11743250427373553,
   0.16110483352380217,
   0.13686654933469922,
   0.2180360120793081,
   0.16565044715489227
  ],
  [
   0.10532329099584342,
   0.1036253200476992,
   0.48519447500815643,
   0.11448480842576593,
   0.15204695053076653,
   0.13159311522183217,
   0.21427304457217466,
   0.15737432991686817
  ],
  [
   0.10600854015189431,
   0.1000864118543443,
   0.48274970444494353,
   0.11105751561016157,
   0.14381787617508993,
   0.12867236184300357,
   0.2091411437399153,
   0.15314633051412307
  ],
  [
   0.10542200863346406,
   0.0979231193937885,
   0.4876199396788494,
   0.10766109827167131,
   0.13805808441216658,
   0.12491971120354355,
   0.2067574990593872,
   0.1469202221811977
  ],
  [
   0.10488616492591422,
   0.0971300928533026,
   0.48912231461730277,
   0.10331307805488125,
   0.13349299222063443,
   0.12143230345963109,
   0.20604752559549022,
   0.14174352949985528
  ],
  [
   0.10259575365429124,
   0.09488029232418445,
   0.4923814187691204,
   0.10546946017176446,
   0.12956126199087378,
   0.12242851046082316,
   0.19831675489007905,
   0.13361813396478267
  ],
  [
   0.10170683940943077,
   0.09559961048548994,
   0.4900024252271291,
   0.10344280724539547,
   0.1233392575494845,
   0.12026695279441872,
   0.19279943099073307,
   0.1313489468728245
  ],
  [
   0.10144708868359072,
   0.09517922179671083,
   0.49400921624111765,
   0.10065602317080659,
   0.1244693626268747,
   0.1192463699812454,
   0.1849706303643637,
   0.12788772837250942
  ],
  [
   0.09955451345317523,
   0.095117847739331,
   0.4910367092172476,
   0.09939667380322588,
   0.12100441229993975,
   0.11537894725814289,
   0.18083022448424127,
   0.12445314918742362
  ],
  [
   0.10185935804709183,
   0.0959982516987456,
   0.4954407226751662,
   0.09993624922517469,
   0.11883326583805216,
   0.11428401539954576,
   0.17798159955452034,
   0.12392476658779565
  ],
  [
   0.10418597174242655,
   0.09590995497050038,
   0.4922700665105644,
   0.09973592530087888,
   0.11665850131832582,
   0.11297436404703705,
   0.1763920366631497,
   0.12318102738602639
  ],
  [
   0.10481332686649318,
   0.09646353278874015,
   0.49032587105536485,
   0.10026776213573281,
   0.11439118916991563,
   0.114022120273138,
   0.17441834132634426,
   0.12088133627340032
  ],
  [
   0.10526280372697056,
   0.0949897367103974,
   0.49264905335829773,
   0.10272778595142351,
   0.11496923953643827,
   0.11422880853457897,
   0.17571790692377032,
   0.12005183277783216
  ],
  [
   0.10386599052554452,
   0.09346683484832712,
   0.49329423339067474,
   0.10264865732856336,
   0.11444419858624355,
   0.11287497607316854,
   0.1764563867873841,
   0.11918750627649616
  ],
  [
   0.10475755158715387,
   0.09449662459608225,
   0.488535269470461,
   0.10258377002292625,
   0.11704646989349271,
   0.11518520825280741,
   0.17731648246447496,
   0.11891275031941279
  ],
