{
 "name": "Hitze-Duerre",
 "split": "train",
 "env": {
  "temperature": 0.92,
  "predation": 0.1,
  "foodAbundance": 0.3,
  "foodHeight": 0.1
 },
 "generations": 80,
 "traits": [
  "insulation",
  "size",
  "limbLength",
  "metabolism",
  "armor"
 ],
 "trajectory": [
  [
   0.4996433834143544,
   0.4991594094359171,
   0.5000550608007928,
   0.5000850530552066,
   0.5014633631818153
  ],
  [
   0.4964474576102944,
   0.4963077155262497,
   0.5003280685819858,
   0.4999212439632614,
   0.49937007589982746
  ],
  [
   0.47397588380348116,
   0.48196635868188437,
   0.4995872485574427,
   0.4971120861165211,
   0.4893320022674055
  ],
  [
   0.43566227796143314,
   0.46247352002559117,
   0.49785625425470476,
   0.49547185555998485,
   0.4815698059320464
  ],
  [
   0.38806166968348327,
   0.4374134524469857,
   0.49840211524902994,
   0.49760841314610266,
   0.46177950522146444
  ],
  [
   0.328076010545415,
   0.3999441455917518,
   0.499935185156521,
   0.4987555128435475,
   0.43314100779356884
  ],
  [
   0.27276174127834535,
   0.3512936106651315,
   0.500975584005897,
   0.49984155931816643,
   0.4033285941182898
  ],
  [
   0.21624486374008114,
   0.3057630003810285,
   0.5068772692724436,
   0.5039649039834355,
   0.3685484721147725
  ],
  [
   0.17283967931366226,
   0.26292588993669735,
   0.5035132095816535,
   0.5113014513173629,
   0.3305292683214605
  ],
  [
   0.1455802451615462,
   0.21534941521564258,
   0.502937164379662,
   0.5130910822703584,
   0.29834156741642986
  ],
  [
   0.12454483059115473,
   0.1797776697151436,
   0.5006205391033042,
   0.5242097161632198,
   0.26781543346313813
  ],
  [
   0.10767644036284474,
   0.15703875668111864,
   0.4980036699198222,
   0.5318302746965087,
   0.24321041875054025
  ],
  [
   0.09879194902458298,
   0.13193014929434702,
   0.5105113167363139,
   0.5334639239506576,
   0.2166987371890474
  ],
  [
   0.09773565914356243,
   0.11601752990137788,
   0.5115828333899547,
   0.5363921259878519,
   0.19773162942808312
  ],
  [
   0.0944759589804326,
   0.10558639896995743,
   0.5186496308033685,
   0.5406619866988547,
   0.17728735185518074
  ],
  [
   0.09164429788964946,
   0.09974587969439862,
   0.5298607065123971,
   0.5561599143831365,
   0.16453185510005633
  ],
  [
   0.0920365411631572,
   0.09147379502761022,
   0.5310978962659642,
   0.5558753004255965,
   0.15150853815580329
  ],
  [
   0.08869404357367709,
   0.08921370885169361,
   0.5320680364852386,
   0.562638451693314,
   0.1397767918178354
  ],
  [
   0.08586384196098906,
   0.08779879117639537,
   0.5225967222067438,
   0.5730968428777722,
   0.1320099956949094
  ],
  [
   0.08198105665529587,
   0.08639169216163782,
   0.5205293872302009,
   0.5835637745814277,
   0.12525652864874723
  ],
  [
   0.08439712848187665,
   0.08410668406347643,
   0.5224144909477598,
   0.5986800984574762,
   0.11835657406292165
  ],
  [
   0.08461337315254774,
   0.0843615006534018,
   0.5219986727966001,
   0.596271153546782,
   0.11323166198796297
  ],
  [
   0.08568029121479807,
   0.08337461957556652,
   0.5273148637450532,
   0.6070023340496269,
   0.10581339682165407
  ],
  [
   0.0855224293513604,
   0.08193004421413155,
   0.5293116934913734,
   0.6121311369619234,
   0.1034806786492228
  ],
  [
   0.084716616188429,
   0.08328766364355682,
   0.5295629079556737,
   0.6186385503157166,
   0.10177999252871395
  ],
  [
   0.08318330601963807,
   0.08039990123285738,
   0.5313316056640732,
   0.62984385336006,
   0.09876370711675919
  ],
  [
   0.08613992774841289,
   0.08420762928689442,
   0.5325028925471268,
   0.6252249401279188,
   0.09689878971995829
  ],
  [
   0.08553275250385307,
   0.08318611801085586,
   0.5359565574203464,
   0.6389308116612207,
   0.09660467585114017
  ],
  [
   0.08398989037082323,
   0.08454191804059064,
   0.5415408332499935,
   0.6464031036348189,
   0.09721882984115567
  ],
  [
   0.08883510133914507,
   0.08402312993908245,
   0.5428563326394257,
   0.6566908160934829,
   0.09680484050959842
  ],
  [
   0.08299814917202884,
   0.0839584478567298,
   0.5436694167827966,
   0.6567046591959865,
   0.09828572558684913
  ],
  [
   0.08389474335211362,
   0.08272553562631545,
   0.5433312063150691,
   0.6605221094435003,
   0.09763986719549421
  ],
  [
   0.08495715482502499,
   0.08414008665761945,
   0.5461251202342877,
   0.6561494591870868,
   0.09424384458956664
  ],
  [
   0.08591493222103948,
   0.08305039013442529,
   0.5464834226853814,
   0.6573972566333355,
   0.09219321915909179
  ],
  [
   0.08652400789187915,
   0.08314405148555194,
   0.5513164347999195,
   0.6477494516210237,
   0.08876283668871411
  ],
  [
   0.08473730464952273,
   0.08257758848103221,
   0.5581731425920909,
   0.6586032510043963,
   0.08811863413452987
  ],
  [
   0.08045898523646977,
   0.08360172249718138,
   0.5677733197663736,
   0.6572192097064592,
   0.0928157357824389
  ],
  [
   0.08251685754413468,
   0.0839990696604554,
   0.570967424157982,
   0.6726850290490304,
   0.0927395965328745
  ],
  [
   0.08224271660794248,
   0.0814258808820013,
   0.59019810244564,
   0.6806637363140977,
   0.0891101872108781
  ],
  [
   0.08287505737323574,
   0.08208167186738978,
   0.5828671369089639,
   0.6828215186309797,
   0.08917489109945893
  ],
  [
   0.08170748553316032,
   0.08119832169659559,
   0.5839359741899522,
   0.679479818101893,
   0.08829824215405034
  ],
  [
   0.07744152576646877,
   0.07673187946080236,
   0.5974661809089316,
   0.6841078977294647,
   0.08622956540225883
  ],
  [
   0.07885434936312012,
   0.07770186187317878,
   0.6047464032656755,
   0.692401644902803,
   0.08603071875696401
  ],
  [
   0.07961480292569115,
   0.08271554984418221,
   0.606982043867235,
   0.6975193467695132,
   0.08396404975222156
  ],
  [
   0.08043980813378386,
   0.08601393456161466,
   0.6147031225909892,
   0.7038761815238156,
   0.08880716991529185
  ],
  [
   0.08149245233101542,
   0.08611960357524236,
   0.6287258659334944,
   0.7029186539545753,
   0.08811751977584444
  ],
  [
   0.0847460109787946,
   0.08821279425265795,
   0.6253234214035505,
   0.7055988368349141,
   0.09135816083515257
  ],
  [
   0.08177650541398249,
   0.09084874701739735,
   0.6376570900232292,
   0.7085818043052997,
   0.09054130489626809
  ],
  [
   0.08245911981122343,
   0.0879625196668275,
   0.6356284917472765,
   0.7206077188365884,
   0.0920601097224991
  ],
  [
   0.08258526524416628,
   0.0862147794389413,
   0.6353730204395905,
   0.7295547286395917,
   0.09242708427969996
  ],
  [
   0.08375342274398907,
   0.08288769436035874,
   0.621895788778165,
   0.7242152228889561,
   0.09439186297520002
  ],
  [
   0.08215996713097466,
   0.07929982940385306,
   0.6072915789293153,
   0.7259874459208947,
   0.09709888182224626
  ],
  [
   0.08510814766837667,
   0.07916238498950885,
   0.6032627989245972,
   0.7348714411221362,
   0.09664634152672597
  ],
  [
   0.08505487021591246,
   0.07702352713316109,
   0.6029365174532214,
   0.7366955160634928,
   0.09692134438726725
  ],
  [
   0.08318726558643441,
   0.08110156910227694,
   0.6088065419167235,
   0.74008798323994,
   0.095820985642543
  ],
  [
   0.08011482557257195,
   0.07976129644433229,
   0.5998174230680046,
   0.7357629294309738,
   0.09406963828710735
  ],
  [
   0.08279392012292487,
   0.07979265529522268,
   0.5934865871789122,
   0.7403603895060451,
   0.09395527611343757
  ],
  [
   0.08141747818115108,
   0.08340820922166699,
   0.5964899956336703,
   0.7345204175216183,
   0.0905811341202203
  ],
  [
   0.08249785519919293,
   0.08427273677648169,
   0.5970485791544243,
   0.7439949436861845,
   0.09136550038104944
  ],
  [
   0.08254562366244593,
   0.08324829586376108,
   0.5871160179477605,
   0.751107353699297,
   0.09256422429060755
  ],
  [
   0.08183141877414334,
   0.08116161855447349,
   0.5874162468075034,
   0.7507698353512504,
   0.0930338233211055
  ],
  [
   0.08530427330284425,
   0.08266103077273855,
   0.5787710600765993,
   0.7530587013764739,
