{
 "name": "Hitze-Duerre",
 "split": "train",
 "env": {
  "temperature": 0.92,
  "predation": 0.1,
  "foodAbundance": 0.3,
  "foodHeight": 0.1,
  "light": 0.9,
  "water": 0.15
 },
 "generations": 80,
 "traits": [
  "insulation",
  "size",
  "limbLength",
  "metabolism",
  "armor",
  "photosynthesis",
  "mobility",
  "structure"
 ],
 "trajectory": [
  [
   0.5003555857558147,
   0.4998556680717013,
   0.5006348919869128,
   0.5002495530544128,
   0.49980677103561183,
   0.4997878594967075,
   0.5001344176920638,
   0.4997591527196754
  ],
  [
   0.498528555713891,
   0.4994416334328952,
   0.5010513868914434,
   0.499864767626681,
   0.4981450536872947,
   0.4985377771459681,
   0.49902953006181233,
   0.4995382644146509
  ],
  [
   0.48856809472155843,
   0.4966008849788846,
   0.5010793044444912,
   0.49861389006187684,
   0.49690070678598725,
   0.4963935301017854,
   0.4963013268320489,
   0.5001351202500274
  ],
  [
   0.47044636617547786,
   0.49164438857800835,
   0.4999140361802205,
   0.49393416130157103,
   0.49759683640255226,
   0.4906135424390339,
   0.48985207156793237,
   0.49788862904564574
  ],
  [
   0.44730304377983376,
   0.4854877055538791,
   0.4973538928102146,
   0.4839651875048692,
   0.4929752335168088,
   0.48144988855937343,
   0.4796862406628442,
   0.4912559608438883
  ],
  [
   0.41780108959228085,
   0.475490653143469,
   0.4974497864373819,
   0.4739636993845573,
   0.487117623647953,
   0.4681571119489008,
   0.4685784670859205,
   0.48371092232528273
  ],
  [
   0.3907444834569156,
   0.4652840277238437,
   0.49898324656566356,
   0.46301146094001017,
   0.47793882423976203,
   0.4527193869717687,
   0.4540190100249372,
   0.4740723475720144
  ],
  [
   0.3603711998277576,
   0.44941946443929187,
   0.5010106313537536,
   0.44641907180869206,
   0.465899311084297,
   0.43325531374408754,
   0.4346256327905631,
   0.4631515059740729
  ],
  [
   0.32394938217095587,
   0.4298720250604778,
   0.5052790217597612,
   0.43054503159255336,
   0.4509698426300479,
   0.40563135136644074,
   0.41512558680385253,
   0.4502164411537835
  ],
  [
   0.2941045370152055,
   0.4051798107234051,
   0.5048434764943601,
   0.4132103658087051,
   0.43608839606254013,
   0.3744291452637461,
   0.3917005390298614,
   0.43502196753083827
  ],
  [
   0.2688856857482484,
   0.38105682582158734,
   0.5076516562516232,
   0.3868004588052143,
   0.41773249271422586,
   0.3368498604810986,
   0.367850259150785,
   0.41246312886922526
  ],
  [
   0.24098242228706415,
   0.349132900854825,
   0.5092014524781783,
   0.36450891770518284,
   0.3982284919090819,
   0.3046475816892105,
   0.33924683687765395,
   0.3900777481575874
  ],
  [
   0.2166108121352566,
   0.31963413789579365,
   0.5097230889053533,
   0.34429577076700363,
   0.3761029983252225,
   0.27181556911850896,
   0.3136859662138615,
   0.365564591434047
  ],
  [
   0.19792827964534956,
   0.28441068563340227,
   0.5117754987968787,
   0.32001806464644617,
   0.3473941653849899,
   0.2420482675427229,
   0.2892951506585461,
   0.34241658915327444
  ],
  [
   0.18133168552033077,
   0.253634575381886,
   0.5170337372147376,
   0.2970168237450256,
   0.32653913048277544,
   0.21549496620597383,
   0.2653494010401886,
   0.31517339835287206
  ],
  [
   0.16790241301288042,
   0.22655238579607662,
   0.514831436171647,
   0.2753482877444705,
   0.30201334215132913,
   0.1913924671122529,
   0.24793436907797375,
   0.2905280908178547
  ],
  [
   0.15317911985876062,
   0.1982282186600807,
   0.5108750944889149,
   0.2553818395368797,
   0.28273323304069325,
   0.1693121220852343,
   0.23185040397176462,
   0.2682231920619575
  ],
  [
   0.14718526815547717,
   0.1784023288130496,
   0.5131352949579849,
   0.24260763759615991,
   0.2642158234772911,
   0.15690066324094437,
   0.21801826499779361,
   0.24625474514622855
  ],
  [
   0.13736864259349182,
   0.16052539856537568,
   0.512508760032692,
   0.22708456016496745,
   0.24427038388748448,
   0.1448928287967135,
   0.2072156553401636,
   0.22731741146798012
  ],
  [
   0.13069610398275686,
   0.1452183500629782,
   0.511454850382733,
   0.20967020196040853,
   0.22534586960311898,
   0.13458760344271734,
   0.1948971420872697,
   0.20777757254836685
  ],
  [
   0.12287265760049354,
   0.13261770112981477,
   0.5098721085326975,
   0.19944763309002192,
   0.20918432654600616,
   0.12673867601919628,
   0.18309753098919676,
   0.19223748026124657
  ],
  [
   0.11867635346380583,
   0.1269748221293224,
   0.5015957234682554,
   0.19006959000898108,
   0.19623873388751045,
   0.120137729810664,
   0.17577662042609046,
   0.17931612615263928
  ],
  [
   0.113824594051955,
   0.12169965858721071,
   0.5037906579680084,
   0.1782474587291294,
   0.18377192437909165,
   0.11636822275440922,
   0.1665100657681899,
   0.16755826653344055
  ],
  [
   0.11346153785039322,
   0.11702551740151239,
   0.5080313733418389,
   0.17270084012078338,
   0.17270559908479813,
   0.11239315943532768,
   0.16078382467210642,
   0.1571211481038952
  ],
  [
   0.11006374320584966,
   0.11355266856971151,
   0.5074208623541104,
   0.1663855067189517,
   0.16583204375626967,
   0.11100800857320547,
   0.15679476967167308,
   0.15101769827719846
  ],
  [
   0.11005375267223079,
   0.10863427643039726,
   0.5121379086819523,
   0.1603883893512714,
   0.1558695359646608,
   0.10770747543502666,
   0.15350974001876425,
   0.14500531189644056
  ],
  [
   0.10901516074201549,
   0.10586443055599075,
   0.5120779266725185,
   0.1575802060118089,
   0.15200410351151902,
   0.10603240985736855,
   0.14829329317131584,
   0.13843648152696972
  ],
  [
   0.1064285578419626,
   0.10382528339009124,
   0.5136311757261168,
   0.15255627132377583,
   0.14731998298508933,
   0.1060246259489117,
   0.1442799779130147,
   0.13381680089255515
  ],
  [
   0.1036350250790048,
   0.10371043875459589,
   0.5099026196157898,
   0.1483312287786135,
   0.1402777236435505,
   0.10492633722542699,
   0.1425400907009984,
   0.13022626600370943
  ],
  [
   0.10380466665942195,
   0.10047667569242101,
   0.5097422489029905,
   0.1476517039241977,
   0.13357459271954153,
   0.10643297109130069,
   0.13727100513046267,
   0.12648321183301578
  ],
  [
   0.10271503266349358,
   0.10008762327616122,
   0.5136375105688172,
   0.1434697124620882,
   0.12884489758843673,
   0.1057794068555148,
   0.13349219965996054,
   0.12719399056381728
  ],
  [
   0.10222655324099615,
   0.0994523489467888,
   0.5169393435051769,
   0.14081091214909802,
   0.12738655385450803,
   0.1049526513334767,
   0.13185990192214844,
   0.12312899644644643
  ],
  [
   0.10303688401107051,
   0.09939987480833333,
   0.5151690954789608,
   0.13957047806519246,
   0.1244049170502506,
   0.1018248033183697,
   0.13146243879841737,
   0.12258699275310321
  ],
  [
   0.10480920207048004,
   0.09855398299920427,
   0.5167274373349969,
   0.13836229868393776,
   0.12419414144206005,
   0.1012070316891482,
   0.13067426752128833,
   0.12241579592865544
  ],
  [
   0.10702208528466976,
   0.09821998675750733,
   0.517577007275027,
   0.1357846570904645,
   0.1229715523121095,
   0.10218313996177501,
   0.1291753604356567,
   0.12315090953771807
  ],
  [
   0.10577061527486908,
   0.09809957150858477,
   0.5163305186062725,
   0.13650338599456138,
   0.11900855030579773,
   0.10068949745771377,
   0.1307385396343085,
   0.1224288677780646
  ],
  [
   0.10548897198153012,
   0.0982763082057037,
   0.5163829629703532,
   0.13705801566086373,
   0.11944030237182691,
   0.10033699907240869,
   0.1303578170119495,
   0.12081013046225857
  ],
  [
   0.10500108069517235,
   0.09773115047828296,
   0.5125291691934702,
   0.1357730473623493,
   0.118900192984725,
   0.0994199589473931,
   0.12846902684250788,
   0.12311369197691098
  ],
  [
   0.10713778635344844,
   0.09927434946507717,
   0.511652156811508,
   0.13491951080921175,
   0.11873598627014714,
   0.09961610500590269,
   0.12883625672413807,
   0.12266178764136114
  ],
  [
