{
 "name": "Hitze-Duerre",
 "split": "train",
 "env": {
  "temperature": 0.92,
  "predation": 0.1,
  "foodAbundance": 0.3,
  "foodHeight": 0.1,
  "light": 0.9,
  "water": 0.15
 },
 "generations": 80,
 "traits": [
  "insulation",
  "size",
  "limbLength",
  "metabolism",
  "armor",
  "photosynthesis",
  "mobility",
  "structure"
 ],
 "trajectory": [
  [
   0.5003555857558147,
   0.4998556680717013,
   0.5006348919869128,
   0.5002495530544128,
   0.49980677103561183,
   0.4997878594967075,
   0.5001344176920638,
   0.4997591527196754
  ],
  [
   0.49781049264364235,
   0.4976301441768245,
   0.5012382414743702,
   0.49962041424671044,
   0.4972994369791303,
   0.49706030803259343,
   0.4998194065405915,
   0.4989205418371892
  ],
  [
   0.48492963175330767,
   0.48685119344577116,
   0.5013493998739207,
   0.49615811707268637,
   0.49220486974318695,
   0.48882849391305166,
   0.5006990360318262,
   0.4952186466965583
  ],
  [
   0.46114172897664907,
   0.4689094147868329,
   0.49925489716990873,
   0.4888450585710233,
   0.4813715058529066,
   0.47487789775091366,
   0.5006141643672848,
   0.4869336330315453
  ],
  [
   0.42927313374610127,
   0.4450730484049499,
   0.5002568363398755,
   0.4818526798670068,
   0.4642369366893706,
   0.4512178172770522,
   0.5034329479344181,
   0.46940553932157386
  ],
  [
   0.3925083616340446,
   0.4121395938714394,
   0.49816335621010394,
   0.472850722506403,
   0.4469459090520407,
   0.420990415376125,
   0.5060773802000843,
   0.4512447365058219
  ],
  [
   0.355447696722408,
   0.3775851430264363,
   0.5012620830495781,
   0.4605910044564232,
   0.4235285978979863,
   0.38843494264318473,
   0.5093031793222483,
   0.42685852491956416
  ],
  [
   0.3163186494793223,
   0.33952486017013306,
   0.4989048252441048,
   0.447322896634119,
   0.3961781903904508,
   0.3505472012942627,
   0.5184234387913834,
   0.40259346557610803
  ],
  [
   0.2750893082520157,
   0.3039932720353958,
   0.5011936480286089,
   0.4372753338269488,
   0.36837632727669195,
   0.31054050296550767,
   0.528367829846058,
   0.37859063656464714
  ],
  [
   0.23944273800653645,
   0.26140449575144886,
   0.5043688061326249,
   0.4274939973152776,
   0.33951440755643203,
   0.27422514042663554,
   0.546369866965548,
   0.3480909665663348
  ],
  [
   0.21310201140730847,
   0.22764147142948957,
   0.5039425012808371,
   0.42052801950468394,
   0.31204577063364464,
   0.23379917810331094,
   0.5622072959039747,
   0.32086988622956375
  ],
  [
   0.19162782166849845,
   0.19461420251044284,
   0.5057036133515694,
   0.4133284598087264,
   0.2852168353934429,
   0.20296204925732372,
   0.5814809830596605,
   0.29424219383960853
  ],
  [
   0.17457067742209956,
   0.17057454045282483,
   0.5088612710892699,
   0.4118068551151402,
   0.26009741895508415,
   0.17130323251646226,
   0.6035097160524346,
   0.26637857569122786
  ],
  [
   0.15784782960516217,
   0.15328871838444766,
   0.511883081799756,
   0.41946121312862367,
   0.23400429443118465,
   0.1518246161756975,
   0.6272443472467336,
   0.24720268341104015
  ],
  [
   0.14552588590395635,
   0.13462660676553986,
   0.5162898281641022,
   0.42020367555948196,
   0.21457297182867843,
   0.13533510064394924,
   0.6506661374346102,
   0.21817270700284916
  ],
  [
   0.13421447534944275,
   0.12200634118729052,
   0.515188734679061,
   0.4249197679924735,
   0.19580738509489062,
   0.12024018165118948,
   0.6784944005892072,
   0.20100721211564507
  ],
  [
   0.12733394646516877,
   0.11314153956935107,
   0.5137870229751597,
   0.43084983910555047,
   0.18260723025017353,
   0.1075480158212175,
   0.699113817742859,
   0.19017165854724657
  ],
  [
   0.11963607727868551,
   0.10830798769191159,
   0.5123395415653277,
   0.4447742070037574,
   0.1691053128593899,
   0.09826490694004868,
   0.7228997573696582,
   0.1754378520613766
  ],
  [
   0.11617084955615603,
   0.10345328606951748,
   0.514194672613573,
   0.45524005420209274,
   0.15721661118714494,
   0.09189890500969827,
   0.7431772578115639,
   0.16141001602797297
  ],
  [
   0.11195520993507159,
   0.0982828806516949,
   0.5105294730665021,
   0.47137756945708703,
   0.14815457798393086,
   0.08763355664506552,
   0.7648764659465509,
   0.15086398178446492
  ],
  [
   0.10816046235425113,
   0.09722998079535881,
   0.5111544011337923,
   0.4882756781345374,
   0.13985664992830532,
   0.08386819108289428,
   0.7860891506879896,
   0.14462438373144018
  ],
  [
   0.10830608647415661,
   0.09738388327667817,
   0.5179272593008275,
   0.507157596016277,
   0.13662387144640734,
   0.08279599580722834,
   0.8026194440391522,
   0.1384880206911909
  ],
  [
   0.10631025630657327,
   0.09656320925291,
   0.5218677950229671,
   0.518881799774346,
   0.1298392211638898,
   0.07894385106965536,
   0.8178671246350974,
   0.12986348988285304
  ],
  [
   0.10481784353389494,
   0.09492305716052128,
   0.5265666289499144,
   0.5371927564189459,
   0.12535639128880335,
   0.07715140227863594,
   0.8326590767530914,
   0.12722332465330938
  ],
  [
   0.10097926905784427,
   0.09515470908228484,
   0.5325002356894383,
   0.5607202766420125,
   0.12281138788256342,
   0.07718267721749415,
   0.8465327738893308,
   0.12414188543013586
  ],
  [
   0.10222389594096461,
   0.09333669732281137,
   0.5302034852893971,
   0.5791404048379949,
   0.11940038469193003,
   0.07535331249360933,
   0.8583831991012852,
   0.12165286089967424
  ],
  [
   0.1036263840563339,
   0.09291096562733993,
   0.5305234851592395,
   0.5993138603170786,
   0.11752281272781233,
   0.07480748096111264,
   0.8691133599388187,
   0.11881718591677624
  ],
  [
   0.1032683395564619,
   0.0910766030701546,
   0.5325802891675514,
   0.6176818974228327,
   0.11534499829089821,
   0.07371459561964923,
   0.8781243472103467,
   0.11776020380737927
  ],
  [
   0.10223786820544144,
   0.0923367034437713,
   0.5337390076438905,
   0.63348112366449,
   0.11544150140431271,
   0.07532290355812683,
   0.8849474423642195,
   0.11512509227471691
  ],
  [
   0.10182100090744613,
   0.09290662404772126,
   0.5427620086788643,
   0.6513846150421884,
   0.11311073771138135,
   0.07498156970113268,
   0.8863642510772035,
   0.11570630720701049
  ],
  [
   0.10056554629164144,
   0.09420690553730117,
   0.5475479859001228,
   0.6636361699425425,
   0.11104676581185759,
   0.07570024418297834,
   0.8890511722643074,
   0.11486934882637588
  ],
  [
   0.10053291579575274,
   0.09303230089838277,
   0.5480591514522117,
   0.6842678713879641,
   0.11364510318658233,
   0.07498764625818553,
   0.8912968630631308,
   0.11374216479538517
  ],
  [
   0.10090715939585954,
   0.09324749530441177,
   0.5496259312906967,
   0.6986927111564653,
   0.11544547208267214,
   0.07299078123161419,
   0.8925577362380418,
   0.11396405512300518
  ],
  [
   0.10292297966719875,
   0.09353417123315881,
   0.5523647993201825,
   0.7109934583507634,
   0.11444621075395901,
   0.07186230065168649,
   0.8925906752043646,
   0.11656264738279665
  ],
  [
   0.10418237777787233,
   0.09380729858488118,
   0.5506793105401641,
   0.7269880649430527,
   0.11281796690557122,
   0.07273687039748496,
   0.8943404994822107,
   0.11532607312672326
  ],
  [
   0.1026730822685842,
   0.09389462790967042,
   0.5534701468135029,
   0.743920741348384,
   0.11198368689403225,
   0.0727601746151004,
   0.8963766243803337,
   0.11533997942792452
  ],
  [
   0.1024533302779184,
   0.09554075616731063,
   0.5509937534259092,
   0.7578999756682697,
   0.11377880518125265,
   0.07180815558878854,
   0.9000525239128739,
   0.11553576712824525
  ],
  [
   0.10384824367170359,
   0.09765263478017662,
   0.558838018028511,
   0.770153343628107,
   0.1132296529016093,
   0.06930792835711823,
   0.9020922555241379,
   0.1159082753471229
  ],
  [
   0.10443953994410433,
   0.10026793301443582,
   0.5575061597896579,
   0.7798879129784441,
   0.1141984460687722,
   0.07165744591730004,
   0.9027347692922058,
   0.11546981468591096
  ],
  [
