{
 "name": "Hohe Nahrung",
 "split": "train",
 "env": {
  "temperature": 0.5,
  "predation": 0.1,
  "foodAbundance": 0.9,
  "foodHeight": 0.85,
  "light": 0.5,
  "water": 0.7
 },
 "generations": 80,
 "traits": [
  "insulation",
  "size",
  "limbLength",
  "metabolism",
  "armor",
  "photosynthesis",
  "mobility",
  "structure",
  "wing"
 ],
 "trajectory": [
  [
   0.4991898287623622,
   0.4997065634827101,
   0.5001561244775644,
   0.5006984386424967,
   0.5003491935357325,
   0.5001629330209723,
   0.5002618699483379,
   0.5001433453474952,
   0.4998505652377894
  ],
  [
   0.4994770398971049,
   0.4988168448318003,
   0.5008840453674934,
   0.5001670861931403,
   0.4995609999015212,
   0.4967686294801161,
   0.4987823491301864,
   0.5000614717549916,
   0.49852500993665155
  ],
  [
   0.49633170295703594,
   0.49530554750099826,
   0.5045275328447906,
   0.5044624288005273,
   0.4940069371186751,
   0.48401222469492694,
   0.48914220488639365,
   0.4977599731179226,
   0.49617657584991454
  ],
  [
   0.48978900914580237,
   0.48571218875137445,
   0.513829330262758,
   0.5095524321591113,
   0.4828856010484038,
   0.4597311984830217,
   0.4749516390203132,
   0.4932347270723918,
   0.49473284910206977
  ],
  [
   0.4844878585441461,
   0.4704045909027763,
   0.5252874289989037,
   0.5152746663841529,
   0.4647670936043497,
   0.41994959588602826,
   0.451731522705944,
   0.48938655787508445,
   0.4911799488112001
  ],
  [
   0.4771664192771459,
   0.4575385153844216,
   0.5381608687231411,
   0.5306360055853588,
   0.439874670040086,
   0.37431542605315943,
   0.4266276503294948,
   0.4831512851256849,
   0.4883202952257533
  ],
  [
   0.4695319705296493,
   0.4409350955291594,
   0.5543011933773031,
   0.5511369588035576,
   0.41306931458463536,
   0.31924506540174785,
   0.40038496375796534,
   0.4744937769056805,
   0.48264497668924183
  ],
  [
   0.4615024485165677,
   0.4245709015054202,
   0.5717970125504446,
   0.5745188981333927,
   0.3830320160507225,
   0.26441975799616246,
   0.38260112457773904,
   0.46202491819666797,
   0.47673564691751497
  ],
  [
   0.4589044025235441,
   0.40092833024306085,
   0.593002805750035,
   0.5980644540593528,
   0.36070130030952474,
   0.21936721920213184,
   0.36785992917428373,
   0.45202080668436717,
   0.46896381674414117
  ],
  [
   0.4527832388106992,
   0.3797373010062654,
   0.6114323610335896,
   0.6199596779045199,
   0.3371912932293397,
   0.17857086792465093,
   0.35095564042816907,
   0.44373595923341286,
   0.46369891487014403
  ],
  [
   0.4526884684855316,
   0.3626599888066968,
   0.6302864587616465,
   0.6437018484056717,
   0.31769241932033065,
   0.14820383723566918,
   0.3378950696411467,
   0.43345428019943705,
   0.46058615788427565
  ],
  [
   0.450258108138226,
   0.3497467762617114,
   0.6452310452689926,
   0.6651019733192883,
   0.30305916831440377,
   0.12731037392959774,
   0.3285707497813655,
   0.42373348380630693,
   0.45520725453006655
  ],
  [
   0.45057587984914393,
   0.33412964511408494,
   0.6568369877275498,
   0.6863506937497309,
   0.28867265446630147,
   0.1096743728618408,
   0.3260203907089266,
   0.41369309908010105,
   0.4521164388130617
  ],
  [
   0.44853844472625043,
   0.3172699486826745,
   0.6718882307431898,
   0.7083366521430091,
   0.2781254218301225,
   0.1001579544045272,
   0.3188316147253327,
   0.4066009204972691,
   0.44671415293477
  ],
  [
   0.44885920552303177,
   0.30387778144351546,
   0.6821097459339427,
   0.724852213753652,
   0.26531714204760776,
   0.09396373758893511,
   0.3156375336770744,
   0.3997690065471265,
   0.4471193749144477
  ],
  [
   0.44966780644788834,
   0.2868920180342995,
   0.6927473427302592,
   0.7432146729592742,
   0.2513546576197772,
   0.0907465649675293,
   0.3129518079623671,
   0.3927242739964392,
   0.44831178146402917
  ],
  [
   0.45165573567636225,
   0.27210513663660313,
   0.7017068114022936,
   0.7561702027457146,
   0.24112225382433616,
   0.08745406014864299,
   0.31010898886131283,
   0.3883762959585236,
   0.4530135359934793
  ],
  [
   0.4495530411271967,
   0.26094616746772686,
   0.7093081713704462,
   0.7705185654132042,
   0.2311052341279944,
   0.08601893473831686,
   0.31306675120265576,
   0.3854076583160275,
   0.4489130975795037
  ],
  [
   0.45158582691505256,
   0.2525265356171596,
   0.7142515928321963,
   0.7834731415560525,
   0.22281036416302413,
   0.08343962608321288,
   0.31442493007113614,
   0.37861016273195247,
   0.44922125506851024
  ],
  [
   0.45330835186765567,
   0.24130892356034672,
   0.7207578470825146,
   0.7936389851104567,
   0.21788363323495394,
   0.08429126014972281,
   0.3148963084907241,
   0.3735794208251561,
   0.44931453254603543
  ],
  [
   0.452297545210127,
   0.23128026940747784,
   0.7254341172972275,
   0.8032024065625892,
   0.21131642623260158,
   0.08415633828522252,
   0.3161697915296611,
   0.3672492851159483,
   0.4547387538510685
  ],
  [
   0.4503392315305053,
   0.22753428266245632,
   0.7294902236333932,
   0.8105658078081728,
   0.2083819431527009,
   0.08200338367572624,
   0.3171586829090575,
   0.36216808609519563,
   0.45819153367539694
  ],
  [
   0.45178264766714005,
   0.22445151781906023,
   0.7347355724967556,
   0.8158345090488682,
   0.1996761302973553,
   0.08128729060007298,
   0.3227505738246928,
   0.3577836575947897,
   0.4594681887239384
  ],
  [
   0.45658977951751645,
   0.21922761878037053,
   0.7415599906000211,
   0.8226942290842513,
   0.19334116653834918,
   0.0808554088818368,
   0.31993013645160884,
   0.3498305672648589,
   0.4603643551546955
  ],
  [
   0.4559010159157093,
   0.21460588713793408,
   0.7443847541057687,
   0.8277865619143868,
   0.18930303141351043,
   0.08083336348639297,
   0.3217958423024425,
   0.3454908499020988,
   0.4603995551558518
  ],
  [
   0.4555788286920457,
   0.20905489480697784,
   0.7480920216702551,
   0.8312668024483773,
   0.18356426414810553,
   0.08220304531786095,
   0.32390303616827903,
   0.33949758241925104,
   0.4574167511981828
  ],
  [
   0.4554690528010508,
   0.20798373474615606,
   0.7519859694255104,
   0.8350587745878947,
   0.1836372946104926,
   0.08212831291086285,
   0.329726919118045,
   0.34025598634099175,
   0.45673954382481957
  ],
  [
   0.4572534591541199,
   0.20243273883775958,
   0.7540525921426594,
   0.8421797666861224,
   0.17799086278763324,
   0.08290519932807568,
   0.33193305775388754,
   0.3366273462200633,
   0.45565002778894853
  ],
  [
   0.45581079431299315,
   0.1991403231789176,
   0.7597755495743649,
   0.8443691069840478,
   0.1768303090276309,
   0.0822421299872895,
   0.3318144606533939,
   0.3327365784534719,
   0.45861755037753665
  ],
  [
   0.45532952173018665,
   0.192883013212062,
   0.7657352037456514,
   0.8434393898338134,
   0.17669874009888187,
   0.08222435264744939,
   0.3343476361674052,
   0.3259839173945292,
   0.4644889127251926
  ],
  [
   0.4557345886446094,
   0.1919624559569583,
   0.769736823972592,
   0.8449109892311307,
   0.171059260256933,
   0.08359697729113029,
   0.33502738436238017,
   0.32350157673055396,
   0.4684744082147665
  ],
  [
   0.4558951706684146,
   0.1875434397468022,
   0.76955563879882,
   0.8453486793219845,
   0.1707152050158277,
   0.0846480485679994,
   0.33547710269616515,
   0.32093510403149333,
   0.47013860988044737
  ],
  [
   0.4527636898737995,
   0.1869419519276282,
   0.77463421460905,
   0.8460326514000739,
   0.1692948632518224,
   0.08587048258995365,
   0.33828292133946597,
   0.32092774080139014,
   0.4704412750762126
  ],
  [
   0.4582406099756909,
   0.18569761141067162,
   0.7774883239544926,
   0.8503100981817909,
   0.16410063462781777,
   0.0854753447379325,
   0.34403751126447357,
   0.3197081969056878,
   0.47134120097796756
  ],
  [
   0.46053567811609364,
   0.18548929529707162,
   0.7769780151622778,
   0.8549688215643586,
   0.16791719036680905,
   0.08733652738869228,
   0.3474434827893775,
   0.31509869620879366,
   0.47414111021722943
  ],
  [
