{
 "name": "Hohe Nahrung",
 "split": "train",
 "env": {
  "temperature": 0.5,
  "predation": 0.1,
  "foodAbundance": 0.9,
  "foodHeight": 0.85,
  "light": 0.5,
  "water": 0.7
 },
 "generations": 80,
 "traits": [
  "insulation",
  "size",
  "limbLength",
  "metabolism",
  "armor",
  "photosynthesis",
  "mobility",
  "structure"
 ],
 "trajectory": [
  [
   0.5003555857558147,
   0.4998556680717013,
   0.5006348919869128,
   0.5002495530544128,
   0.49980677103561183,
   0.4997878594967075,
   0.5001344176920638,
   0.4997591527196754
  ],
  [
   0.49976035023464177,
   0.4995928232895024,
   0.5018076356860371,
   0.4997079619844678,
   0.4977614616625217,
   0.49661256397979026,
   0.4971936249748811,
   0.49906896723313227
  ],
  [
   0.49816106705511826,
   0.49645633949076434,
   0.506831032082661,
   0.5022402788539536,
   0.49266261107517667,
   0.48463144984516915,
   0.4852465115550458,
   0.49824313188594943
  ],
  [
   0.4928934761517511,
   0.4952124134064282,
   0.5146877998654618,
   0.5045605919885141,
   0.48299687654020457,
   0.46219214593546226,
   0.46249981832081466,
   0.49343048664398986
  ],
  [
   0.4874143358085549,
   0.4899480363954947,
   0.5280531399462954,
   0.5087752194445041,
   0.46541014408553555,
   0.42808303857460794,
   0.4332629507033989,
   0.4878019346777773
  ],
  [
   0.47715829621998274,
   0.4828851362336146,
   0.5442153864439668,
   0.517212469623625,
   0.4457897137140378,
   0.38424587295874063,
   0.4009762963946495,
   0.47922137372262225
  ],
  [
   0.47051390948997285,
   0.4740731771624927,
   0.563992807775782,
   0.5268592518810309,
   0.4271737437450762,
   0.33538000759648606,
   0.36293297844509476,
   0.47169431695180447
  ],
  [
   0.463021414119692,
   0.46560437856560416,
   0.583772577766206,
   0.5395073107835272,
   0.4024213074493616,
   0.28514827485389993,
   0.3279900810639197,
   0.4609038890120874
  ],
  [
   0.4570600673346525,
   0.4605000883007036,
   0.6041388867496107,
   0.5535585055835295,
   0.38244457067200854,
   0.23535421756621513,
   0.29621798266495575,
   0.45260154285727333
  ],
  [
   0.4535188978898533,
   0.4539689464213689,
   0.6212294408594632,
   0.5740594027925072,
   0.3640368523283158,
   0.18954763823949672,
   0.2734422517976217,
   0.4397102774497476
  ],
  [
   0.4515782656236412,
   0.4434177245603865,
   0.6428674143111334,
   0.5930411550474759,
   0.3472040744693237,
   0.15776015519920342,
   0.24705666995716433,
   0.4290999856279498
  ],
  [
   0.4478135269262327,
   0.43479195358291833,
   0.6569512181054676,
   0.6139892518198395,
   0.33316404958200524,
   0.13404863832543712,
   0.2282950478745156,
   0.42332905109162344
  ],
  [
   0.44609396900790493,
   0.4260931504399584,
   0.6758449626840667,
   0.6335245244166195,
   0.3154593746704145,
   0.11797367705101285,
   0.21160674177419272,
   0.4119375449161824
  ],
  [
   0.4432197306945917,
   0.4156855536579717,
   0.6889045413626756,
   0.651587891738936,
   0.30719788600685405,
   0.10650468293167653,
   0.20057821535060963,
   0.4045550690379542
  ],
  [
   0.44532513862499873,
   0.4094105226466691,
   0.6997036730825822,
   0.6648305843955752,
   0.29757498942230215,
   0.09963406604737925,
   0.1889809179347894,
   0.39515944393958535
  ],
  [
   0.4443640472832095,
   0.402159267798392,
   0.70974712945991,
   0.6783404675241155,
   0.2874996573880535,
   0.09476373234818562,
   0.180290414527399,
   0.3860248899093764
  ],
  [
   0.4414435385744311,
   0.39248067627720284,
   0.7208156634391703,
   0.6928651730489763,
   0.2771133944203667,
   0.08940053420182864,
   0.17249053255405378,
   0.3799363422682907
  ],
  [
   0.44226185688761427,
   0.3812491311437021,
   0.732769499380827,
   0.7082570401321847,
   0.2673492633214615,
   0.08840724598631795,
   0.16636676212178703,
   0.3703889333023825
  ],
  [
   0.4410982178065285,
   0.3713425756565034,
   0.7371857017248313,
   0.7194662835154099,
   0.2560871015566975,
   0.08552075696830191,
   0.16339414537882196,
   0.36069120166627755
  ],
  [
   0.44163947777969154,
   0.36376649505267816,
   0.7461151266511101,
   0.7313021595170577,
   0.2466775073150226,
   0.08340029710682255,
   0.1630361826667895,
   0.34871361340012924
  ],
  [
   0.4420392277179792,
   0.3551035736355743,
   0.756422699128556,
   0.7423834908445855,
   0.24087427460736002,
   0.08491348776665043,
   0.15905604822335892,
   0.3433816869811473
  ],
  [
   0.44462527976130906,
   0.3521015124463556,
   0.7607994095059608,
   0.7519643653826641,
   0.23567186060940246,
   0.08503176988031365,
   0.15618919034010845,
   0.3382806948600677
  ],
  [
   0.44792894509124076,
   0.3458045739716682,
   0.764972373336328,
   0.7557551584059649,
   0.23449019141943575,
   0.08445668544576401,
   0.1529048066352465,
   0.33170892085298437
  ],
  [
   0.4497776054909141,
   0.34026387127950614,
   0.7705085617069648,
   0.7696297564738507,
   0.2283123864986488,
   0.08469694891902285,
   0.15228618320191564,
   0.32572771712168386
  ],
  [
   0.44860556120652584,
   0.33112555455052894,
   0.7741898894393722,
   0.7741750418111425,
   0.22527190799144506,
   0.08548920143871297,
   0.15298965696519953,
   0.31758807816232043
  ],
  [
   0.45287115463495037,
   0.32326783561491895,
   0.7761959128877655,
   0.7842615593666507,
   0.22241512238560945,
   0.08563355198673404,
   0.15318948618930614,
   0.3133677227732345
  ],
  [
   0.45242507422557027,
   0.3150243314716875,
   0.7818892425814689,
   0.7899667280858947,
   0.21690379580678168,
   0.08675808627072168,
   0.14881581836354202,
   0.31178137950813767
  ],
  [
   0.4498936034833922,
   0.3096902279560489,
   0.785637308652659,
   0.7958327655466816,
   0.21299739951988095,
   0.0862401067798675,
   0.14465483223270634,
   0.3107052876151559
  ],
  [
   0.4509408628787303,
   0.3042040516131081,
   0.7862380157111405,
   0.7987143538249208,
   0.21222819710914942,
   0.08643068343762071,
   0.1457367602137931,
   0.3042428425914672
  ],
  [
   0.4535371722159074,
   0.30148859845945375,
   0.7910141036730381,
   0.8057044369470078,
   0.2121639161457893,
   0.0868732614199388,
   0.14568639007889087,
   0.30295496727253535
  ],
  [
   0.45491215483435216,
   0.2974548845204542,
   0.7945733051932753,
   0.8086715470481377,
   0.2087657856948598,
   0.08769364011730901,
   0.14564174277577707,
   0.30065522382407533
  ],
  [
   0.4563011659713278,
   0.2945128794663894,
   0.7950308787578139,
   0.8089004239501595,
   0.20592801649703582,
   0.08670235956093303,
   0.1479469372270948,
   0.2947936614947963
  ],
  [
   0.45644299119360077,
   0.29445823401654936,
   0.7926833997408614,
   0.8129093361512624,
   0.2031855986661917,
   0.08605785925675102,
   0.14727037715234934,
   0.292966375718307
  ],
  [
   0.45660410717330246,
   0.2902648689862419,
   0.7946257052477771,
   0.8159281945500849,
   0.20092834922680944,
   0.0862253640982195,
   0.14624615360296975,
   0.28526894981466366
  ],
  [
   0.4594464756659997,
   0.29044083017965294,
   0.7942238423954803,
   0.8185003996243355,
   0.20044171005568348,
   0.08611555277109283,
   0.14693697680515003,
   0.27935038397228207
  ],
  [
   0.46056998358352286,
   0.28382274740007024,
   0.7963710426019635,
   0.8223596172944442,
   0.1954512252551843,
   0.08678556755301786,
   0.14756643806313088,
   0.2718731006136966
  ],
  [
   0.4600138658764554,
   0.275937525159419,
   0.7985438188465368,
   0.8274436461954516,
   0.19050772623744558,
   0.08631772586506083,
   0.14806181278698138,
   0.2695339052824744
  ],
  [
   0.4624246942237514,
   0.27301178557481526,
   0.799083098514971,
   0.8264667391920689,
   0.19029468729809254,
   0.08627100889293898,
   0.14760364305518903,
   0.26854545262078694
  ],
  [
   0.4605966528606462,
   0.2702077003342473,
   0.7977864828076254,
   0.8291241500465576,
   0.18988139536508253,
   0.08785782930525116,
   0.1465858332792096,
   0.2708566702465876
  ],
  [
   0.46248694707264065,
