{
 "name": "Hohe Nahrung",
 "split": "train",
 "env": {
  "temperature": 0.5,
  "predation": 0.1,
  "foodAbundance": 0.9,
  "foodHeight": 0.85
 },
 "generations": 80,
 "traits": [
  "insulation",
  "size",
  "limbLength",
  "metabolism",
  "armor"
 ],
 "trajectory": [
  [
   0.4997268109640533,
   0.500312412102027,
   0.5000506646514865,
   0.5003685836446564,
   0.5008935668577482
  ],
  [
   0.4982602862309289,
   0.5023323225042762,
   0.5059177305252821,
   0.500282546059375,
   0.4988711421971854
  ],
  [
   0.4936853496030921,
   0.5066450031856068,
   0.5342042871513687,
   0.5061874103621783,
   0.4920318649633741
  ],
  [
   0.4895307822723116,
   0.5163539043324057,
   0.583127050878057,
   0.5148035443829236,
   0.4838979016289144
  ],
  [
   0.48275262523592194,
   0.5296953874966247,
   0.6410246336720612,
   0.5303005329853031,
   0.47103761842200836
  ],
  [
   0.4776796965689279,
   0.5452488624122048,
   0.6943036014155218,
   0.5493474092833192,
   0.4559600354505566
  ],
  [
   0.4760209270639036,
   0.5588723734089063,
   0.7480682393390367,
   0.5711238371584934,
   0.4458510748039426
  ],
  [
   0.4740459563189227,
   0.5759267552204931,
   0.792255930244452,
   0.5954096117300111,
   0.4313679131767855
  ],
  [
   0.4722139791088795,
   0.5897720502062096,
   0.8282058012777518,
   0.6223931291515533,
   0.4221779397141629
  ],
  [
   0.4735637371548059,
   0.5983745990276012,
   0.8578345328752136,
   0.6534470698937261,
   0.41073696607022536
  ],
  [
   0.47340871748296603,
   0.6075477692258341,
   0.8778486808160132,
   0.6777553089244561,
   0.405750462017956
  ],
  [
   0.4730231970433935,
   0.6198650642937423,
   0.8892145181192016,
   0.699405932472967,
   0.39676208003096575
  ],
  [
   0.47780467262260645,
   0.6272943194339885,
   0.8977021618672779,
   0.7195113389652739,
   0.3902427055409185
  ],
  [
   0.479445826559302,
   0.6367179518989774,
   0.9029175247151794,
   0.7417914116997769,
   0.38381392588464736
  ],
  [
   0.4787227285814151,
   0.6450864851861682,
   0.9071991235755524,
   0.7589844605900368,
   0.3786276339692123
  ],
  [
   0.4800249001482828,
   0.6484119061909986,
   0.9078032056019304,
   0.7760127009688728,
   0.3682488472629441
  ],
  [
   0.48282408176725716,
   0.6570675859887773,
   0.9082514843387046,
   0.7880207848339662,
   0.3607109323213859
  ],
  [
   0.4841459520921752,
   0.6626647175590008,
   0.9090600737674889,
   0.8049029851119651,
   0.35464871375988843
  ],
  [
   0.4866904236987999,
   0.6670883506883832,
   0.9092471241716972,
   0.8180781336437185,
   0.34774293416800167
  ],
  [
   0.4867126416812389,
   0.6742691297115546,
   0.9102934404618925,
   0.8284807431650208,
   0.3437532429793197
  ],
  [
   0.48965826764065223,
   0.6773178613197813,
   0.9104809740798614,
   0.8399287919440971,
   0.3379384170852948
  ],
  [
   0.490810439281214,
   0.6811306961232421,
   0.9111604939246285,
   0.8474465097263452,
   0.3367762701214742
  ],
  [
   0.4897565985776113,
   0.6878811740903165,
   0.911552658346308,
   0.8538237417341296,
   0.3280204199285422
  ],
  [
   0.49205693088756014,
   0.6955154142883148,
   0.9098770163546539,
   0.8609974881958479,
   0.31932687791772335
  ],
  [
   0.4899296270654774,
   0.6999176603806151,
   0.9087747654951789,
   0.8636167112490258,
   0.31323030058703666
  ],
  [
   0.4906069122773196,
   0.7033112320407172,
   0.9082465932826476,
   0.8672181508424476,
   0.3156715054283375
  ],
  [
   0.49246231082088604,
   0.7086736304753241,
   0.9086083989625852,
   0.8684371678811517,
   0.31027155333559925
  ],
  [
   0.4913905322677575,
   0.7141864923728846,
   0.9078592257397821,
   0.8702301675722937,
   0.30632032397723524
  ],
  [
   0.48955560042594914,
   0.7189562219944844,
   0.9069327964854706,
   0.8702241623942871,
   0.3029134859772474
  ],
  [
   0.48997408938352044,
   0.724885630028473,
   0.9047004915887552,
   0.8730519589902618,
   0.2954643536849703
  ],
  [
   0.48833447955351245,
   0.728203580559653,
   0.9023162995594659,
   0.8766931251053828,
   0.294782506976067
  ],
  [
   0.48890811296359904,
   0.7295391712387391,
   0.9020820998895721,
   0.8773340157197955,
   0.2908667777472696
  ],
  [
   0.4916188235647618,
   0.7344689791374591,
   0.9024643229143482,
   0.8775059186623101,
   0.2886346222099679
  ],
  [
   0.49158018188408764,
   0.7379301827456856,
   0.9022677520753094,
   0.8804298139142408,
   0.28367009220269324
  ],
  [
   0.49123692702408084,
   0.7425920493327048,
   0.9017418127348648,
   0.878829688267095,
   0.2788782124672664
  ],
  [
   0.4901016623147643,
   0.7472211878640077,
   0.9014489170379045,
   0.8785952071508305,
   0.277948629064777
  ],
  [
   0.49190800637017235,
   0.7535659980435793,
   0.9022094372539146,
   0.876602526109232,
   0.2776934806570744
  ],
  [
   0.4920098220177618,
   0.7523585548911788,
   0.902195264597966,
   0.8784284199431608,
   0.27251859738164347
  ],
  [
   0.4911124712112234,
   0.7571392255758164,
   0.8997941960378882,
   0.8794763024167921,
   0.2714568086672449
  ],
  [
   0.49097264409184976,
   0.7539111298009268,
   0.9007743303044626,
   0.8780257585729428,
   0.26737278568185907
  ],
  [
   0.4909689946194109,
   0.7542741816765662,
   0.9011329058214371,
   0.8763026327892023,
   0.26130053224062205
  ],
  [
   0.4915999275738245,
   0.7551855648668743,
   0.8991379681406707,
   0.8768077101093984,
   0.260355561251559
  ],
  [
   0.49187422026332245,
   0.7557656671686468,
   0.8963501204125895,
   0.8802720249947319,
   0.26018411023740057
  ],
  [
   0.4904277788818048,
   0.7558461308818537,
   0.897796297605662,
   0.882315766156753,
   0.2553032296546569
  ],
  [
   0.4900831894517916,
   0.757519614097586,
   0.8986935911116555,
   0.8834224885720189,
   0.25203623234792766
  ],
  [
   0.49036156790287544,
   0.7613684084290279,
   0.8974317056900999,
   0.8815580833656519,
   0.24626417162680378
  ],
  [
   0.4908227704378258,
   0.7643907889038366,
   0.8952210275522976,
   0.8790792678525645,
   0.24197277368567874
  ],
  [
   0.49183983899782646,
   0.7673562553872734,
   0.895295559974898,
   0.8791945670404103,
   0.24063327580528335
  ],
  [
   0.4911174441439999,
   0.7698195139466217,
   0.8959547897494965,
   0.8796991101128424,
   0.24129854237586226
  ],
  [
   0.4937904430577602,
   0.7706186154325715,
   0.8955935684809396,
   0.8819850592698019,
   0.24009040398825085
  ],
  [
   0.4973208019248652,
   0.7727460991184739,
   0.8960962179342804,
   0.8814369911421687,
   0.23941761981379403
  ],
  [
   0.4943922588982253,
   0.7701241155297832,
   0.8944456891257352,
   0.8808830188312662,
   0.23688517572587034
  ],
  [
   0.49420579720764474,
   0.7699982434103311,
   0.8946986461640218,
   0.8805967296211028,
   0.23446621662813957
  ],
  [
   0.4906982126640984,
   0.7742631516795805,
   0.8959981948847852,
   0.8806849366148968,
   0.2324232828825978
  ],
  [
   0.4879427019795198,
   0.7772963136647282,
   0.8944716942710166,
   0.8814596872470951,
   0.2311453427856861
  ],
  [
   0.48604663735220316,
   0.7806248702900751,
   0.893306488726897,
   0.8809724943829428,
   0.23277336551517214
  ],
  [
   0.48613132694070016,
   0.7820125201145318,
   0.8953307727875693,
   0.8826450480459522,
   0.23041748328372183
  ],
  [
   0.4871230660081523,
   0.78282657914332,
   0.894724532985815,
   0.8830650117526443,
   0.2301997006293557
  ],
  [
   0.4866405620699839,
   0.7851838368433678,
   0.8949315615190719,
   0.8846620500182212,
   0.22993801205707978
  ],
  [
   0.48570163806953176,
   0.7857897757355836,
   0.8918439176281745,
   0.8848448103344241,
   0.23141105388737052
  ],
  [
   0.4853855574354668,
   0.7875196628893417,
   0.8939342463161312,
   0.8850114595642294,
   0.22834422723252143
  ],
  [
   0.4900905497849109,
   0.7865010488400627,
   0.8933051530086479,
   0.8843435162376537,
   0.23104338654241252
  ],
  [
   0.49246119001267136,
   0.7870284970171714,
   0.8935174248940533,
