{
 "name": "Hohe Nahrung",
 "split": "train",
 "env": {
  "temperature": 0.5,
  "predation": 0.1,
  "foodAbundance": 0.9,
  "foodHeight": 0.85
 },
 "generations": 80,
 "traits": [
  "insulation",
  "size",
  "limbLength",
  "metabolism",
  "armor"
 ],
 "trajectory": [
  [
   0.4996433834143544,
   0.4991594094359171,
   0.5000550608007928,
   0.5000850530552066,
   0.5014633631818153
  ],
  [
   0.49886276675560953,
   0.5006570602930949,
   0.5073196511543324,
   0.49905503280078234,
   0.4990905116147358
  ],
  [
   0.49282429996918514,
   0.5019748270128233,
   0.5331643104220499,
   0.5038020920676117,
   0.49360113062840716
  ],
  [
   0.4895510184239571,
   0.5099646145431569,
   0.5831186394414878,
   0.5127791332161167,
   0.4847898426495852
  ],
  [
   0.4878971923142874,
   0.5243766897047074,
   0.6418433132836573,
   0.5303495411873952,
   0.4695485175832235
  ],
  [
   0.48324541212823285,
   0.5424141993970887,
   0.6984312252734916,
   0.5539343312387713,
   0.45545317196151247
  ],
  [
   0.48182817583358656,
   0.5609447040801754,
   0.7506109822308783,
   0.5725787567291977,
   0.4364740524230606
  ],
  [
   0.48043757398007725,
   0.5729672784758232,
   0.7988472131314425,
   0.5955114078571373,
   0.4260341156042436
  ],
  [
   0.4801250246083712,
   0.5888864883085073,
   0.8395345394021551,
   0.6266863262364583,
   0.41794338952963495
  ],
  [
   0.4824020967297084,
   0.5913649551268451,
   0.8646285076207647,
   0.6584277893281899,
   0.4066410140597236
  ],
  [
   0.4838826218502454,
   0.5962532611827703,
   0.8801517119264273,
   0.6752600353666086,
   0.4045866366179141
  ],
  [
   0.47778805504343586,
   0.6077839400779256,
   0.891729441645636,
   0.6926435397205033,
   0.38985411344705545
  ],
  [
   0.4834110732633328,
   0.6122187562523819,
   0.9021485927931656,
   0.7117313798420914,
   0.3760471265926173
  ],
  [
   0.4836960525214813,
   0.621313429205503,
   0.9049130769376794,
   0.7353838883105478,
   0.3710222317768737
  ],
  [
   0.4836505616896223,
   0.6290362286528476,
   0.9078827516283235,
   0.7534267714386716,
   0.36886737989524493
  ],
  [
   0.4812949609593485,
   0.6282736414182861,
   0.9089421020553191,
   0.76907736581828,
   0.35326625339305845
  ],
  [
   0.48003806646140834,
   0.6417060034158771,
   0.9124010323193955,
   0.778220292317317,
   0.33192009750657486
  ],
  [
   0.47592192973916186,
   0.6468888386065967,
   0.9130387630251452,
   0.7991196965120487,
   0.3391169339039488
  ],
  [
   0.4826787992803461,
   0.6558646354640425,
   0.9145747392023634,
   0.8162939835178761,
   0.3288286515008101
  ],
  [
   0.4793306511873028,
   0.6699101617037565,
   0.9133221801267791,
   0.8298809701735005,
   0.32261761258861715
  ],
  [
   0.48784915909567994,
   0.6769336542936099,
   0.9108452143355491,
   0.8437411016456542,
   0.32623820063679204
  ],
  [
   0.48726243366110616,
   0.6840776355927831,
   0.9099256792894819,
   0.8478248741074806,
   0.32549368048157573
  ],
  [
   0.4875661490523188,
   0.6909525854445562,
   0.9090186841428857,
   0.8526556450795773,
   0.3094165406105564
  ],
  [
   0.4892166498014738,
   0.7024794067119418,
   0.9071526713105299,
   0.8590360160363861,
   0.2964029239119188
  ],
  [
   0.4870254418709535,
   0.7103697678843818,
   0.9043846529408038,
   0.8650150794526379,
   0.2864645609838382
  ],
  [
   0.48664248361239787,
   0.7091849414623853,
   0.9063194409300782,
   0.8706216921344135,
   0.29386295555669184
  ],
  [
   0.49321305501300067,
   0.715396076178579,
   0.9043314444542391,
   0.869166251623084,
   0.28825729096499314
  ],
  [
   0.4922028441377164,
   0.722850111479134,
   0.9031032665268688,
   0.875388092242645,
   0.2897395639213696
  ],
  [
   0.4924894112385845,
   0.7228010056547262,
   0.9005135193560099,
   0.8731586004639169,
   0.2958901586503052
  ],
  [
   0.49676992350332555,
   0.7321917755863666,
   0.8971158487785558,
   0.8765724715642991,
   0.27553167523536387
  ],
  [
   0.4912430103329089,
   0.7426087148486348,
   0.8976713938040096,
   0.8805091097961274,
   0.2749406295717374
  ],
  [
   0.4912803126241423,
   0.738489269788294,
   0.9013285095981721,
   0.8819942545274578,
   0.27421822026648984
  ],
  [
   0.4959717335886687,
   0.7372680626194366,
   0.9028686380897176,
   0.8826166837528651,
   0.27002370365789646
  ],
  [
   0.49449756478453216,
   0.7382246830338187,
   0.9029159115061461,
   0.8833259985889269,
   0.26161602061707695
  ],
  [
   0.4932308284598616,
   0.742754213367156,
   0.902362035901795,
   0.8794751715010256,
   0.25736881667079053
  ],
  [
   0.48848498558896836,
   0.7450782038333265,
   0.9006310391593505,
   0.8755593673176613,
   0.2535398601972839
  ],
  [
   0.4914212446775441,
   0.7488642595304308,
   0.9008999860954982,
   0.8743721730228579,
   0.2646747798822737
  ],
  [
   0.4903045388670944,
   0.7440244034013949,
   0.9010681704623112,
   0.8838882477122993,
   0.26086053411975646
  ],
  [
   0.4932956243924651,
   0.753971569662976,
   0.8992018068587173,
   0.8830081049249051,
   0.2653169847573727
  ],
  [
   0.49336614746034413,
   0.7439735937460737,
   0.8979027763956529,
   0.8821847791234453,
   0.25286246889010916
  ],
  [
   0.4921649582780694,
   0.746535286283753,
   0.8976579865637625,
   0.8784860881615953,
   0.25236261003864396
  ],
  [
   0.48782538855392166,
   0.747004276862756,
   0.8984441427011164,
   0.8786280375069881,
   0.24091236159471482
  ],
  [
   0.49247105126609353,
   0.7474206434616013,
   0.9010929787129323,
   0.8821737588838553,
   0.2310126199457939
  ],
  [
   0.4970312157970727,
   0.7498957953047644,
   0.9003968673245047,
   0.8847485339206399,
   0.2323534637833733
  ],
  [
   0.4914986538525065,
   0.7533221301214869,
   0.9010894865309407,
   0.8842690970484517,
   0.22308535460885506
  ],
  [
   0.4939031453769334,
   0.7591335193708569,
   0.9009998442252969,
   0.8833564622340032,
   0.21658599357402608
  ],
  [
   0.497251671468176,
   0.7619740203576811,
   0.8990824276668677,
   0.8784255755408606,
   0.2162933974858637
  ],
  [
   0.49757758188465906,
   0.7572706137351445,
   0.9010404651486531,
   0.8792904735028112,
   0.21280220384817794
  ],
  [
   0.4937377640332248,
   0.7661018717786373,
   0.9062019992015419,
   0.8808054915480404,
   0.22024804573516377
  ],
  [
   0.4956331767528,
   0.7598813480584438,
   0.9049453711355494,
   0.8834698456719705,
   0.22796345430559514
  ],
  [
   0.5021051372218492,
   0.7616787149175922,
   0.9031870364567346,
   0.8803355173073456,
   0.2298565243873418
  ],
  [
   0.4967161292098751,
   0.7620801126645631,
   0.9013602755186984,
   0.8775647944955347,
   0.2347056268305837
  ],
  [
   0.4965330364313552,
   0.7582037604724826,
   0.9003351628754029,
   0.8742068575343342,
   0.2325177767782559
  ],
  [
   0.48860966104445397,
   0.7590254116773322,
   0.8988364764597524,
   0.879245101253748,
   0.2356605099970427
  ],
  [
   0.48663027918798024,
   0.7664821224659663,
   0.8921529575657082,
   0.8799390312633806,
   0.23288307073620695
  ],
  [
   0.47983904520548126,
   0.7661534178526136,
   0.8902156845646668,
   0.8761331154886767,
   0.2321102541995855
  ],
  [
   0.47710356587215325,
   0.7638252150503752,
   0.8903392909080371,
   0.8777367195322769,
   0.22005067249436228
  ],
  [
   0.4783637016796318,
   0.7704847252809488,
   0.888171878530693,
   0.875270439789031,
   0.22815973354541694
  ],
  [
   0.4786805662140255,
   0.771469690563752,
   0.8905577889595969,
   0.8807385941885334,
   0.22807558367628147
  ],
  [
   0.48168727227498015,
   0.7721530431354431,
   0.8888495201579768,
   0.8751180552546368,
   0.22436409290645298
  ],
  [
   0.48438610451965397,
   0.7768003145215286,
   0.8899554088007405,
   0.8760112336247974,
   0.21748009004309
  ],
  [
   0.48989093080499174,
   0.7796610602485236,
   0.892015489636437,
   0.8775284469306762,
   0.2243491654723019
  ],
  [
   0.49352813079255414,
   0.7855077877059139,
   0.894851218134097,
