{
 "name": "Hohe Nahrung",
 "split": "train",
 "env": {
  "temperature": 0.5,
  "predation": 0.1,
  "foodAbundance": 0.9,
  "foodHeight": 0.85,
  "light": 0.5,
  "water": 0.7
 },
 "generations": 80,
 "traits": [
  "insulation",
  "size",
  "limbLength",
  "metabolism",
  "armor",
  "photosynthesis",
  "mobility",
  "structure"
 ],
 "trajectory": [
  [
   0.5003555857558147,
   0.4998556680717013,
   0.5006348919869128,
   0.5002495530544128,
   0.49980677103561183,
   0.4997878594967075,
   0.5001344176920638,
   0.4997591527196754
  ],
  [
   0.5005256816251668,
   0.4992485873179091,
   0.5018969896393444,
   0.5000108788606125,
   0.4985558923379519,
   0.49867663802356127,
   0.49923555643489953,
   0.49960100004556524
  ],
  [
   0.4982694024584345,
   0.5003926308833174,
   0.5040719637884137,
   0.498477207758943,
   0.4975175014614135,
   0.49699846400828523,
   0.4984874843254699,
   0.4996648778698874
  ],
  [
   0.4955391438215966,
   0.5015775428773098,
   0.5102568701395326,
   0.4928568901031074,
   0.4942106028720281,
   0.49544703044860555,
   0.4938545046890975,
   0.4993652954059435
  ],
  [
   0.4898461149502738,
   0.5008786704068706,
   0.5194626172406519,
   0.4819103067084751,
   0.49051873141128305,
   0.4883931629963916,
   0.49027901153347564,
   0.49741087083083907
  ],
  [
   0.4842744850636049,
   0.49742217871079464,
   0.5318871059453654,
   0.46933439956880946,
   0.4828987660280312,
   0.47704751695773856,
   0.4845894700749453,
   0.4909259411642182
  ],
  [
   0.47733424020494075,
   0.49222658101847266,
   0.5481295612447855,
   0.45702492975000747,
   0.4741779324874913,
   0.46282138249612204,
   0.4791909752208092,
   0.4837474297295254
  ],
  [
   0.47244966115505527,
   0.4856158827158863,
   0.5699394844051975,
   0.43576112280671037,
   0.46529087790374485,
   0.4471430180683691,
   0.4728494539354207,
   0.4752320015133482
  ],
  [
   0.4664424423553264,
   0.47940755106466454,
   0.5997781883299694,
   0.4201486663182954,
   0.4528011180701535,
   0.4259696091399532,
   0.46639957688974537,
   0.4652105396188668
  ],
  [
   0.4572092532490477,
   0.47594372657314804,
   0.6324118381165028,
   0.4051211444369171,
   0.43804710055775004,
   0.39703159751218503,
   0.4689262142301034,
   0.4531283413815272
  ],
  [
   0.44990240719572155,
   0.4689794187195107,
   0.6671499967818089,
   0.3898617898017686,
   0.4149636224691334,
   0.36319860350201144,
   0.4763634641875248,
   0.4382678675039155
  ],
  [
   0.439657162160011,
   0.4619543761400446,
   0.7097548231046518,
   0.3752305678874623,
   0.39674704158500657,
   0.32688305041738136,
   0.4878381855956068,
   0.4238056373958507
  ],
  [
   0.4310814287456041,
   0.4577449300732248,
   0.7528786211967503,
   0.36876363748927316,
   0.3776151058020787,
   0.2793171775851306,
   0.5050644969259726,
   0.4054754661414795
  ],
  [
   0.42745481712853134,
   0.4524905291772872,
   0.7907800538638908,
   0.37098461262979554,
   0.35356486878950505,
   0.23540894345217875,
   0.5346302112635821,
   0.38256590914241717
  ],
  [
   0.41589495415072864,
   0.4539941470084114,
   0.8314422586225994,
   0.3764387715239072,
   0.33211080910045254,
   0.19300775328770137,
   0.5723962937772881,
   0.3552892842881581
  ],
  [
   0.4058972877980583,
   0.45875863125990884,
   0.862091721290466,
   0.3900942711673336,
   0.3064431816213907,
   0.1561479985562114,
   0.6148450333073806,
   0.33407312491045477
  ],
  [
   0.40303805092951056,
   0.46566593652923255,
   0.8830791077924741,
   0.41302581613560263,
   0.28474702025619764,
   0.1257802977490003,
   0.6593487530487542,
   0.31599198474244555
  ],
  [
   0.39977336944952335,
   0.47996388557574193,
   0.9016451590097279,
   0.4392469881937202,
   0.26754494784469646,
   0.10223523807513096,
   0.7094475930500366,
   0.293050224962876
  ],
  [
   0.39563689828441245,
   0.49391714658771835,
   0.9136624596750179,
   0.4693425217655632,
   0.2505090489677527,
   0.08616044568115584,
   0.7518259514335112,
   0.27405978681367915
  ],
  [
   0.39297411656171355,
   0.5081875880587906,
   0.9203394812277375,
   0.5015871832994413,
   0.23340944907632966,
   0.07772854383815454,
   0.7878611083473787,
   0.2573002149682702
  ],
  [
   0.39224708865995567,
   0.5281685848508323,
   0.9251569359458695,
   0.5312313214286788,
   0.22091319646070118,
   0.0727997424435275,
   0.8182225718106633,
   0.241745290126011
  ],
  [
   0.39222138629659864,
   0.5464729419088394,
   0.9281129649960281,
   0.5614777621103376,
   0.20833524627810265,
   0.06910152201013532,
   0.8423927668837866,
   0.22809885955270673
  ],
  [
   0.3879101618100523,
   0.5631515777572823,
   0.9292396426795305,
   0.5935499361456263,
   0.19757023723460962,
   0.06554714912841336,
   0.8638721329066611,
   0.21296944055803912
  ],
  [
   0.3945505401250125,
   0.5783130310674279,
   0.9307858140862351,
   0.6278927105545595,
   0.18811460055427506,
   0.06260721064593984,
   0.882710174073499,
   0.20034077647466766
  ],
  [
   0.3965428575857073,
   0.5904785423344416,
   0.9305900866067481,
   0.662028134459927,
   0.18041382428551678,
   0.06272134641408865,
   0.8933115865422631,
   0.1937424313089446
  ],
  [
   0.3962637565928908,
   0.6031758243423682,
   0.9310040462447516,
   0.6899456738379096,
   0.1714950127071642,
   0.06052688640147568,
   0.9011250829569297,
   0.18602443273977917
  ],
  [
   0.3984835119635894,
   0.617308599447977,
   0.931103328101384,
   0.7125505335936442,
   0.167672761370079,
   0.061076569070623477,
   0.9081590145417938,
   0.17880822638580618
  ],
  [
   0.4024467909132039,
   0.6311523122683677,
   0.9316024638905865,
   0.7355820635674507,
   0.16277364957613663,
   0.05819981920552104,
   0.914532072764758,
   0.17255009343953254
  ],
  [
   0.4036879119386216,
   0.6419368904604874,
   0.9316836826824672,
   0.7510336157683263,
   0.15838988210050578,
   0.06024660659722313,
   0.9171445635121609,
   0.16772272347974804
  ],
  [
   0.3998462597417152,
   0.654992755447687,
   0.9312853362751673,
   0.7721367073923227,
   0.15714205313882515,
   0.06012728921221839,
   0.9205615132406139,
   0.16361948090151668
  ],
  [
   0.40177566857537533,
   0.6594004376226817,
   0.9323551559358357,
   0.7849692327129358,
   0.15513588978294476,
   0.05967167828130713,
   0.9231693208951629,
   0.15910690768020144
  ],
  [
   0.4012093730000596,
   0.6645038186351363,
   0.9320233582662163,
   0.7942356982193711,
   0.1574650556260923,
   0.05968171397910534,
   0.9250085341116208,
   0.15467742031340756
  ],
  [
   0.40364306588668497,
   0.6743473734993891,
   0.9307098436024631,
   0.806908034151399,
   0.15146040320486914,
   0.05873079209230797,
   0.9259061241089802,
   0.153542770608298
  ],
  [
   0.40716406543533695,
   0.6822882877045074,
   0.9301800691664988,
   0.8144767033507647,
   0.15249798591172625,
   0.058353339634273894,
   0.9251277813656581,
   0.1553318735416531
  ],
  [
   0.40653339819551243,
   0.689990680306099,
   0.9291022903890903,
   0.82336850851829,
   0.15043374356840536,
   0.058161123547749514,
   0.9242429390886691,
   0.15173647638971646
  ],
  [
   0.41027555544192446,
   0.6952828508108678,
   0.9285710020192325,
   0.8326249133822174,
   0.145961734894502,
   0.05900712531597002,
   0.9259272908331577,
   0.1477789328523004
  ],
  [
   0.411126138558536,
   0.7020231371015387,
   0.9289244589085799,
   0.8422532489811133,
   0.1455680344325673,
   0.05903874673872451,
   0.9266824932223551,
   0.14757633987758126
  ],
  [
   0.4120156933703088,
   0.7082072034899888,
   0.9280002616703177,
   0.8506157461627105,
   0.1416407230144316,
   0.05736373888997288,
   0.9267630052824694,
   0.14614969978406747
  ],
  [
   0.413704739471149,
   0.7177543559740922,
   0.9266115182798745,
   0.8548808393526445,
   0.14326593433615042,
   0.05926670992126506,
   0.9279986073924475,
   0.14438376150571927
  ],
  [
   0.4146105573558159,
   0.7234502696253154,
