{
 "name": "Hohe Nahrung",
 "split": "train",
 "env": {
  "temperature": 0.5,
  "predation": 0.1,
  "foodAbundance": 0.9,
  "foodHeight": 0.85,
  "light": 0.5,
  "water": 0.7
 },
 "generations": 80,
 "traits": [
  "insulation",
  "size",
  "limbLength",
  "metabolism",
  "armor",
  "photosynthesis",
  "mobility",
  "structure"
 ],
 "trajectory": [
  [
   0.5003555857558147,
   0.4998556680717013,
   0.5006348919869128,
   0.5002495530544128,
   0.49980677103561183,
   0.4997878594967075,
   0.5001344176920638,
   0.4997591527196754
  ],
  [
   0.4999649559177513,
   0.49977033382969305,
   0.5017921849203548,
   0.4998672633249129,
   0.4983727898336576,
   0.49642254775273503,
   0.4969015580573454,
   0.49908633974620714
  ],
  [
   0.5000538219987385,
   0.49717071426418297,
   0.5064948147845897,
   0.503075501827468,
   0.49641483494177235,
   0.4847206282480887,
   0.4850097530606526,
   0.4975234792672602
  ],
  [
   0.493607628211341,
   0.49779816982522257,
   0.5181904743690021,
   0.5061480479237445,
   0.49159932183803495,
   0.4633277863813075,
   0.46220374048358837,
   0.496404740687509
  ],
  [
   0.4870385171040649,
   0.4950210505736985,
   0.5336712682678608,
   0.5090244777451269,
   0.4838117442829035,
   0.43155829375324545,
   0.4310185388729664,
   0.48896142161548006
  ],
  [
   0.47885982503330154,
   0.49190510634936335,
   0.5493205033624203,
   0.5178313583534325,
   0.4770321957830603,
   0.3877550011304227,
   0.39495644969277793,
   0.479622961508134
  ],
  [
   0.4728285208381576,
   0.4871045712930235,
   0.5685924098881275,
   0.5314603886703905,
   0.4641331729785157,
   0.34379967619806173,
   0.3601515331199608,
   0.47393659627608925
  ],
  [
   0.46231285183098475,
   0.4794818103539799,
   0.588694344099349,
   0.546761238740047,
   0.4492983639008519,
   0.2963265089745688,
   0.32617951035963727,
   0.46492896794625094
  ],
  [
   0.4575991522945544,
   0.4712026856640237,
   0.6089900488728553,
   0.563553692100232,
   0.4348111670351423,
   0.24533969903909605,
   0.295668212648406,
   0.45425440141051115
  ],
  [
   0.45179653418634297,
   0.4674183752448881,
   0.6292341611919222,
   0.5841748832951678,
   0.42771159482862237,
   0.20433181782721513,
   0.2716410502637197,
   0.4431865520513915
  ],
  [
   0.44574055558845904,
   0.45872860581541497,
   0.6481558463947118,
   0.6037659345222207,
   0.422110896327944,
   0.17207036251086527,
   0.24961575654961501,
   0.4313018982572298
  ],
  [
   0.44044576621116005,
   0.4494288609245544,
   0.6597417911555302,
   0.624858492357341,
   0.41242336600452284,
   0.14850293902656422,
   0.23112477621740835,
   0.4227501055048466
  ],
  [
   0.4414009121293543,
   0.44313684188964236,
   0.6747311588591908,
   0.6460358573534891,
   0.40481869430895917,
   0.12890445437160405,
   0.2146145684483209,
   0.4176209017077613
  ],
  [
   0.44430660854375165,
   0.4375512594055911,
   0.6897898367348173,
   0.6621717219920099,
   0.3966040930108814,
   0.11486627209234734,
   0.20184983002843535,
   0.4102546294580187
  ],
  [
   0.4446785817313415,
   0.43358283318189134,
   0.7048452864405944,
   0.6788622259367726,
   0.38779543136090955,
   0.10723114281749141,
   0.19004697030412518,
   0.40939848275265
  ],
  [
   0.4430373854176531,
   0.4281948922290026,
   0.7160204920243056,
   0.6929585166314842,
   0.3812638049328243,
   0.10163478718772578,
   0.1826797060004068,
   0.40120493408395014
  ],
  [
   0.4444265609745799,
   0.4228886031589776,
   0.7224210686199398,
   0.7086909368886034,
   0.37357735515681084,
   0.0969320977348118,
   0.1762250860333344,
   0.39470564769259114
  ],
  [
   0.4438957645542148,
   0.41614136624475373,
   0.7316965509482841,
   0.7213531539283019,
   0.3685131316733523,
   0.09350189804168779,
   0.17135204161891837,
   0.3883715301011383
  ],
  [
   0.443304227760766,
   0.408399929476051,
   0.7356460214877959,
   0.7344795914583685,
   0.3647990270049513,
   0.09190689417955822,
   0.16698021911205663,
   0.37710629266983803
  ],
  [
   0.4448608190167027,
   0.40422367496718126,
   0.7401260365998841,
   0.7477174797256442,
   0.3605406792238514,
   0.08904307706421222,
   0.16248882876904344,
   0.37134386086050813
  ],
  [
   0.4451112759320233,
   0.40101313496366986,
   0.7458321624354226,
   0.76402524402173,
   0.35544681169683784,
   0.08685603882642651,
   0.15980934557121615,
   0.36953171798187334
  ],
  [
   0.44987937903907094,
   0.3961319011705932,
   0.7503848789678648,
   0.7729095340215189,
   0.3477265652227312,
   0.08778384984847393,
   0.15210272872922592,
   0.3634956106861938
  ],
  [
   0.4478025347183243,
   0.3898549447695292,
   0.7516200550897866,
   0.7784930651428343,
   0.3392499256944321,
   0.08594109791263936,
   0.1505758866509689,
   0.35553387722653773
  ],
  [
   0.44944924568310446,
   0.38406453876830066,
   0.758494507626359,
   0.7837461337747115,
   0.3362147997237693,
   0.08632824402892736,
   0.15035738121057468,
   0.3518482778273562
  ],
  [
   0.45524162022578324,
   0.37724332954323697,
   0.7596769878883335,
   0.7894573896209898,
   0.32266667742919164,
   0.08546821433890378,
   0.14956167492625652,
   0.34296372721838253
  ],
  [
   0.45576880958075666,
   0.3721443356779656,
   0.7655707944805639,
   0.7941382942098775,
   0.32032833220585316,
   0.08331649282837482,
   0.14871620333253766,
   0.33979618035398124
  ],
  [
   0.45289357828469495,
   0.36786929512693206,
   0.7695873521971653,
   0.8004619545527277,
   0.31281234378907996,
   0.08343810678845515,
   0.1458265187815657,
   0.3323588055054263
  ],
  [
   0.4536431265930458,
   0.3569605973615424,
   0.770762431269079,
   0.8069024566080406,
   0.30997776344461186,
   0.08310892542625274,
   0.14465972323234125,
   0.32633474178301597
  ],
  [
   0.45416386577043233,
   0.3461986774794779,
   0.776168656178387,
   0.8084392077189343,
   0.3010483600852647,
   0.08400986421621671,
   0.14477257338067598,
   0.32713062379005503
  ],
  [
   0.4539737453324848,
   0.340509638175374,
   0.7823524746520004,
   0.8176531271057361,
   0.29617911021870214,
   0.08563481226671012,
   0.14453792753102712,
   0.3231020789326693
  ],
  [
   0.45232692775706534,
   0.3364221587872433,
   0.7838853881259454,
   0.8207701136636757,
   0.29324701831532546,
   0.08677048377991305,
   0.14496832121939723,
   0.31405313859012335
  ],
  [
   0.45106411808242214,
   0.32820169935185733,
   0.7838225655192729,
   0.8245672776417549,
   0.2924298237819298,
   0.08640670561199809,
   0.14592524243501973,
   0.3110875165090644
  ],
  [
   0.44977385285916305,
   0.3238515804989038,
   0.7853565666930743,
   0.8260878897303607,
   0.29209868507920805,
   0.08480480106227069,
   0.1470835466265641,
   0.3071308713620513
  ],
  [
   0.45073334841786267,
   0.31893481540133684,
   0.786237178103736,
   0.8276988942961682,
   0.28509537696039927,
   0.08414614015098372,
   0.14382020041310722,
   0.3101751838309332
  ],
  [
   0.45011331440260927,
   0.3077249104268659,
   0.7932615418141392,
   0.8282846488343562,
   0.2854419349353793,
   0.08549669851377374,
   0.14191465890733565,
   0.30093533598046207
  ],
  [
   0.44982705572678605,
   0.30825477024802167,
   0.794321024127675,
   0.8305627553600418,
   0.28137834252027694,
   0.0865004488052682,
   0.14208188002869993,
   0.29452876928213195
  ],
  [
   0.45262394179859194,
   0.30351587769713245,
   0.7929663851326371,
   0.8311090569350722,
   0.2804336945119198,
   0.08530841650098131,
   0.14688879375698513,
   0.2862969592597862
  ],
  [
   0.45435333979253506,
   0.2988921365374343,
   0.7932635171260732,
   0.8316353809016576,
   0.279040374149301,
   0.08485402438458194,
   0.14881509706855697,
   0.28684782998179725
  ],
  [
   0.45611431387463086,
   0.29960962866438134,
   0.7928572904863443,
   0.8317480448574436,
   0.2742446952280579,
   0.08475679523593084,
   0.14750065051513078,
   0.28312217243757676
  ],
  [
   0.4536313513467052,
