{
 "name": "Hohe Nahrung",
 "split": "train",
 "env": {
  "temperature": 0.5,
  "predation": 0.1,
  "foodAbundance": 0.9,
  "foodHeight": 0.85,
  "light": 0.5,
  "water": 0.7
 },
 "generations": 80,
 "traits": [
  "insulation",
  "size",
  "limbLength",
  "metabolism",
  "armor",
  "photosynthesis",
  "mobility",
  "structure"
 ],
 "trajectory": [
  [
   0.5003555857558147,
   0.4998556680717013,
   0.5006348919869128,
   0.5002495530544128,
   0.49980677103561183,
   0.4997878594967075,
   0.5001344176920638,
   0.4997591527196754
  ],
  [
   0.4995705809352464,
   0.49852124431334516,
   0.5035233615179818,
   0.5004018511519813,
   0.4972112009363301,
   0.4973853079113029,
   0.49934194370289187,
   0.49869881676178834
  ],
  [
   0.4954959996845949,
   0.49548500174768506,
   0.5164918929720612,
   0.5003634073599289,
   0.4913343469664497,
   0.4891832370799709,
   0.5016641630747998,
   0.4973288548160754
  ],
  [
   0.48618331026339323,
   0.4888200194778955,
   0.5404115770399377,
   0.500228359259122,
   0.4801646667904637,
   0.47492510078332245,
   0.5052280682441815,
   0.49280949016206427
  ],
  [
   0.47882207752781886,
   0.4792199588691044,
   0.5729290488689768,
   0.4992366129547128,
   0.46056086214835196,
   0.4535774858212531,
   0.5121551276898945,
   0.4849831089123358
  ],
  [
   0.4705906724134907,
   0.47370058217222133,
   0.6198067299144321,
   0.504083446891016,
   0.4353427762213065,
   0.4177979882064495,
   0.5354608794139588,
   0.4720337297854451
  ],
  [
   0.4664303746996498,
   0.4726739399450115,
   0.6833175542793022,
   0.5174004111325499,
   0.41089823834128986,
   0.35860677616907316,
   0.5760805394272276,
   0.4561200277510094
  ],
  [
   0.4640806714133441,
   0.47663282668112755,
   0.7587256849679186,
   0.544752268511501,
   0.383665125652683,
   0.2885861258727503,
   0.6414918557828015,
   0.4315380780388178
  ],
  [
   0.4621779109647119,
   0.4904229223856657,
   0.8268685048652421,
   0.5861446627143435,
   0.3591734380798706,
   0.21992794418759454,
   0.7110929885816866,
   0.4058710875403338
  ],
  [
   0.4652649831463535,
   0.5065611894831988,
   0.8698610342849026,
   0.6327148900732237,
   0.3486014438880245,
   0.16962594910022186,
   0.7762744230165564,
   0.3855756453675158
  ],
  [
   0.46958532071719,
   0.5229291314789933,
   0.8953850739392051,
   0.669771170543044,
   0.33161612570227134,
   0.13767073294554777,
   0.8229103885164587,
   0.36667005477141673
  ],
  [
   0.4706046760949338,
   0.5381967104519968,
   0.9093635263316355,
   0.710708799000654,
   0.31713383086883185,
   0.11552221219946408,
   0.8534900951727581,
   0.35544585505627063
  ],
  [
   0.47311639584594983,
   0.5487780420917191,
   0.9162065601328252,
   0.7398052543224377,
   0.31016538030605834,
   0.09959871617649217,
   0.8754856160300181,
   0.34378525330791776
  ],
  [
   0.4761712063314933,
   0.5629684760511373,
   0.9206050164193815,
   0.7657142215993056,
   0.30676261030868224,
   0.08911510184766668,
   0.8901724760384848,
   0.3407915872573623
  ],
  [
   0.47764305637341686,
   0.5734605653359789,
   0.9211970479810981,
   0.7862078362952615,
   0.30309291199901583,
   0.08437874730279621,
   0.9000336930056733,
   0.3352703118241931
  ],
  [
   0.47765037287810547,
   0.5851885295254237,
   0.9211959566181659,
   0.8058556101262696,
   0.29937188034254997,
   0.08103078132790853,
   0.9083028831933194,
   0.33178983741583506
  ],
  [
   0.4786011306426725,
   0.5965243787802462,
   0.9198390445827104,
   0.8188750640070382,
   0.29478639810669766,
   0.07964551112688772,
   0.911774957224538,
   0.32758113721139476
  ],
  [
   0.4799898751852741,
   0.6069444969009711,
   0.9196397367277122,
   0.837365874960728,
   0.28837621441461436,
   0.07801286946596862,
   0.9153630169068371,
   0.3213194851420098
  ],
  [
   0.4832151566481114,
   0.616213236681656,
   0.9200404833637296,
   0.8485267940329019,
   0.2870088001089667,
   0.07770069671854155,
   0.9197715524381006,
   0.3104025238572328
  ],
  [
   0.48372419816037016,
   0.6228164038560716,
   0.9186705966545348,
   0.8573479698194134,
   0.2830686731335335,
   0.07743796586162704,
   0.9212953643929254,
   0.29923704220975456
  ],
  [
   0.48540384131372455,
   0.6332012945162574,
   0.9175255277310631,
   0.8661480450589254,
   0.2760857903773492,
   0.0768164300989382,
   0.921030186393956,
   0.29506593283872773
  ],
  [
   0.48835758600846835,
   0.6445647010964332,
   0.9185608592167714,
   0.8726962966807,
   0.2754241270494127,
   0.07902895519736539,
   0.9201444233177186,
   0.28899368930138086
  ],
  [
   0.48825815722614724,
   0.6516658035888846,
   0.9187136484973418,
   0.8763488411667639,
   0.2706298804780494,
   0.07735580875599006,
   0.9211446252112871,
   0.2856733923180454
  ],
  [
   0.4884688242624305,
   0.6614996347715102,
   0.917161436015809,
   0.8815765295268988,
   0.2634131842016933,
   0.07760374240730468,
   0.9218224285181504,
   0.2781530384542747
  ],
  [
   0.4870477389537596,
   0.6698932248537589,
   0.9147335124615327,
   0.8863011094818111,
   0.2624695699812795,
   0.07818355564727013,
   0.9209651328887097,
   0.2717211944313487
  ],
  [
   0.4893927000081623,
   0.6787438956776354,
   0.9146967946276047,
   0.8879235431191393,
   0.2637002021741414,
   0.07817385840566843,
   0.9207104692314029,
   0.2702018206411198
  ],
  [
   0.4921976197474067,
   0.6861608692711113,
   0.91259186470628,
   0.8894514749923795,
   0.25721733316031015,
   0.07818065382245634,
   0.9199865415972974,
   0.26584719280013386
  ],
  [
   0.49130202137603485,
   0.6938389687410096,
   0.9105601115617928,
   0.8891119813179599,
   0.25278671799672153,
   0.0782928804266888,
   0.9205976191775491,
   0.25988779462247785
  ],
  [
   0.48925000277741915,
   0.7002796963638372,
   0.9110009809099955,
   0.8888068891001702,
   0.25110346976560877,
   0.07894358962268308,
   0.9196743492436957,
   0.2579382810988304
  ],
  [
   0.490823153701846,
   0.7084456624868238,
   0.9102087082369433,
   0.8908029277648916,
   0.24760393187879318,
   0.07912987680171304,
   0.9188983694241676,
   0.2550599825862368
  ],
  [
   0.4909733207654811,
   0.7114469200044332,
   0.9100265607266391,
   0.8913444466322383,
   0.24747626528230182,
   0.07840635572192427,
   0.9199896505068103,
   0.2523968494585344
  ],
  [
   0.4901754938324237,
   0.7160683309548426,
   0.9091501624953225,
   0.8907929865559372,
   0.2507517920004904,
   0.07909826352884308,
   0.9197862216027123,
   0.2531923609293268
  ],
  [
   0.4907800636905681,
   0.7249080232023241,
   0.9101428757535898,
   0.891694201334078,
   0.24955466316389863,
   0.07790642473406462,
   0.9194711120722935,
   0.24612527713030286
  ],
  [
   0.4931046569776037,
   0.7331292853373755,
   0.9091977344825465,
   0.8919232135552813,
   0.24615723485462318,
   0.07762309880519043,
   0.9210396940531439,
   0.24292178691480926
  ],
  [
   0.4926348349377674,
   0.7337443062812773,
   0.9076549952749692,
   0.8940061969446371,
   0.24322016600707264,
   0.07802431313827941,
   0.9205384693339572,
   0.24389172116966917
  ],
  [
   0.49216961529186154,
   0.7383915094101164,
   0.9073336208058493,
   0.8965707950925017,
   0.2438483491357644,
   0.07821740172440046,
   0.9222980993733269,
   0.2449108368894092
  ],
  [
   0.49220344212859635,
   0.7387131580825038,
   0.9066627961809313,
   0.8958954061365517,
   0.2396316792663303,
   0.07950851786599938,
   0.9231114900385409,
   0.24799850029619228
  ],
  [
   0.4915716865864989,
   0.7441212832867414,
   0.9051813740793543,
   0.8969090562627909,
   0.24146662126643462,
   0.07926433490854472,
   0.9221389383935353,
   0.24471852382186268
  ],
  [
   0.49079644935465505,
   0.745655308800626,
   0.905287079444533,
   0.8992485632130859,
   0.2396010323530596,
   0.0804492489948982,
   0.9224995364499057,
   0.24748087663822563
  ],
  [
   0.4914816079207114,
   0.7510882550556367,
   0.9061085951443628,
   0.9003863624676085,
