{
 "name": "Hohe Nahrung",
 "split": "train",
 "env": {
  "temperature": 0.5,
  "predation": 0.1,
  "foodAbundance": 0.9,
  "foodHeight": 0.85,
  "light": 0.5,
  "water": 0.7
 },
 "generations": 80,
 "traits": [
  "insulation",
  "size",
  "limbLength",
  "metabolism",
  "armor",
  "photosynthesis",
  "mobility",
  "structure",
  "wing"
 ],
 "trajectory": [
  [
   0.4991898287623622,
   0.4997065634827101,
   0.5001561244775644,
   0.5006984386424967,
   0.5003491935357325,
   0.5001629330209723,
   0.5002618699483379,
   0.5001433453474952,
   0.4998505652377894
  ],
  [
   0.49983927148260615,
   0.4987747561062909,
   0.5011747289708948,
   0.5000791209968937,
   0.4997773167426674,
   0.4971787833599807,
   0.4983683388935138,
   0.4999853665439884,
   0.49865140066883296
  ],
  [
   0.4973084839544541,
   0.4945646939045356,
   0.5071023098723005,
   0.5030913920944032,
   0.494974410184649,
   0.48656286408318566,
   0.48620159193387913,
   0.4986453613056024,
   0.4959324634476631
  ],
  [
   0.491893744571732,
   0.48597496550525227,
   0.5194674970690555,
   0.5076321265060767,
   0.48584848415160337,
   0.46403881755890725,
   0.468458433650561,
   0.49337710207131075,
   0.49309126500064093
  ],
  [
   0.4867646723601287,
   0.4747966148636986,
   0.5325878401650672,
   0.5113578374815961,
   0.4681007124045305,
   0.4282547438936914,
   0.43849836693476424,
   0.4874781692319546,
   0.48845014013837057
  ],
  [
   0.4813722316052181,
   0.4582204835190912,
   0.5499118228459247,
   0.5243842169887679,
   0.44680174537982925,
   0.38196595208204603,
   0.40515517328669165,
   0.48118022688340883,
   0.48342833868935164
  ],
  [
   0.47007877443085944,
   0.4396374651892145,
   0.5750110597061199,
   0.5432299142345135,
   0.42450871675329677,
   0.3261570899988578,
   0.37528307191450644,
   0.47174853246301623,
   0.4743721956545334
  ],
  [
   0.46047618888357306,
   0.4205189891262558,
   0.5969476261700575,
   0.5646553221200618,
   0.4042305003949436,
   0.2670081530733999,
   0.3438462375976345,
   0.4590983914542788,
   0.46603137942015094
  ],
  [
   0.4531017137370774,
   0.3992606406113843,
   0.6223554157888088,
   0.5929450658464958,
   0.38760230291239056,
   0.21319754557076323,
   0.31970728126208675,
   0.44759151329991825,
   0.4625877405200674
  ],
  [
   0.4455587249868786,
   0.3823794910214536,
   0.6432197816457738,
   0.6200450648690554,
   0.3643162327500125,
   0.17054291561728185,
   0.29880759000496665,
   0.4362470368401348,
   0.45417362740927397
  ],
  [
   0.4406464828383109,
   0.3656339875757972,
   0.6638945909542212,
   0.647303310633056,
   0.34353178004802665,
   0.14157004831024383,
   0.2825007799256524,
   0.4244662204455835,
   0.44385589556392674
  ],
  [
   0.4388102769005935,
   0.35159886782120614,
   0.6827654237488305,
   0.6703158642893706,
   0.3275733452339889,
   0.12095119544790439,
   0.2684964304545576,
   0.4192727454755134,
   0.43711045622845474
  ],
  [
   0.437900675249493,
   0.33306591158391496,
   0.7000133452668237,
   0.6883792793893561,
   0.3112481790074235,
   0.10501929456678787,
   0.26128764119026565,
   0.40665072815807896,
   0.4339340631543915
  ],
  [
   0.43663164802229804,
   0.3181324304690411,
   0.7134903642666753,
   0.7112969391293583,
   0.299118484344447,
   0.09571154799300317,
   0.25464746004432215,
   0.4027980705151442,
   0.43080810057658825
  ],
  [
   0.43685371463934786,
   0.30259565247910786,
   0.7246404660137364,
   0.7302904785969228,
   0.28695347378168923,
   0.08945087965905596,
   0.24675357505116505,
   0.39393292015266906,
   0.429924942446596
  ],
  [
   0.4379044583684493,
   0.28883927679799465,
   0.7324810744888706,
   0.7467925342898402,
   0.27602140408927245,
   0.08438766394377213,
   0.24437429986016782,
   0.38710872740885544,
   0.4302968059719147
  ],
  [
   0.4407142137581084,
   0.27900761156058135,
   0.7468615492461228,
   0.759807915003272,
   0.26534148611626673,
   0.08105781058421363,
   0.2389488608971497,
   0.380684844552335,
   0.4276109078997583
  ],
  [
   0.44168547132780395,
   0.26522678313863907,
   0.7527966846427957,
   0.775255814911573,
   0.2541384834150599,
   0.08037420979007362,
   0.231099526868077,
   0.3736772785617078,
   0.4232196186808795
  ],
  [
   0.441399186976759,
   0.2591791668716039,
   0.7593704599155263,
   0.7868041569452311,
   0.24361769682559328,
   0.0782604146193087,
   0.22552508439737184,
   0.36623172064045084,
   0.4170148813048397
  ],
  [
   0.44464297467674996,
   0.2494051814614904,
   0.7675997658450825,
   0.7937596629515178,
   0.2348847860363238,
   0.08040557429725965,
   0.22497943978816148,
   0.35924578908054156,
   0.4143752070676576
  ],
  [
   0.44511891637504036,
   0.23792216263679544,
   0.7748900862588357,
   0.8033169429067425,
   0.2265963451292973,
   0.08033902279463503,
   0.21981066612618658,
   0.34824589039864207,
   0.40842788258050566
  ],
  [
   0.4460263670806271,
   0.23325986657392928,
   0.7786693876519756,
   0.8109904356561568,
   0.22097919449154615,
   0.07804353149246633,
   0.22184921617890066,
   0.34180193915109186,
   0.4084308359424849
  ],
  [
   0.44787947664638206,
   0.22651196410972282,
   0.7812535061086736,
   0.8177312315749302,
   0.21330630565983658,
   0.07872412231301038,
   0.21669328470586965,
   0.34050864767009587,
   0.40535182698602096
  ],
  [
   0.4489337129403217,
   0.21679421041635985,
   0.7840228466719453,
   0.8249651143441014,
   0.21218640359869423,
   0.08061466221340931,
   0.2157386651934852,
   0.33516281597952996,
   0.4084723015433767
  ],
  [
   0.4465763316295301,
   0.21346308383226673,
   0.7872527084301066,
   0.8295624409391827,
   0.20671353183027366,
   0.08161839409958431,
   0.21337886523885105,
   0.32851264192460056,
   0.41390663815665385
  ],
  [
   0.4467402034189933,
   0.20952388850342893,
   0.7883653120441686,
   0.8320845459892287,
   0.20129391562707852,
   0.081918674151514,
   0.21100180812715064,
   0.3239726795988799,
   0.4118843759978182
  ],
  [
   0.4446202009739173,
   0.20606364221079632,
   0.7911370544618478,
   0.835123710777279,
   0.19726554079363642,
   0.08192312496183807,
   0.21318202069696313,
   0.3231053364127427,
   0.40971030991774215
  ],
  [
   0.44241619117048453,
   0.2039991411960945,
   0.794191621831618,
   0.8367365642227358,
   0.19497226420105662,
   0.08252014535998024,
   0.21639746387844364,
   0.3171503536980371,
   0.40727852502104067
  ],
  [
   0.44225099414041685,
   0.19980465123260902,
   0.7992593904619668,
   0.8342939992360631,
   0.19326102745320672,
   0.08214664817443006,
   0.2129935872368339,
   0.31109194758502484,
   0.40118047779664257
  ],
  [
   0.4372904011522585,
   0.19659325744536846,
   0.8024837158664804,
   0.8346253790273771,
   0.18930053395184973,
   0.08204011700130683,
   0.21668680452616182,
   0.31066202582171687,
   0.39546388744110716
  ],
  [
   0.43974210318081736,
   0.19209577800828315,
   0.8023339813900524,
   0.8381169434329179,
   0.18430238586759884,
   0.08331041935308492,
   0.21487923786752094,
   0.3045544529382062,
   0.3974791806090556
  ],
  [
   0.44265413340901527,
   0.18593118879730042,
   0.8063008398498311,
   0.8381255094846553,
   0.1831080512397132,
   0.08389322328887237,
   0.21134647280043753,
   0.3005745759280102,
   0.3953002654749287
  ],
  [
   0.4450640710061895,
   0.18407837683490724,
   0.8103208301055953,
   0.8362678837384743,
   0.18024790183658498,
   0.08459048708540423,
   0.2148649841092367,
   0.2948128647281678,
   0.39775507782330016
  ],
  [
   0.4471383606966491,
   0.18140476082145915,
   0.8129390507767003,
   0.8415891486827861,
   0.1798925583697678,
   0.08641759029300992,
   0.21406248406448866,
   0.2935701396058311,
   0.40039901307787423
  ],
  [
   0.45107134782696073,
   0.1792460912677609,
   0.8172956528647325,
   0.8407473839849385,
   0.17954812418614477,
   0.08684525746719766,
   0.21284049098601376,
   0.28721205710418635,
