{
 "name": "Hohe Nahrung",
 "split": "train",
 "env": {
  "temperature": 0.5,
  "predation": 0.1,
  "foodAbundance": 0.9,
  "foodHeight": 0.85,
  "light": 0.5,
  "water": 0.7
 },
 "generations": 80,
 "traits": [
  "insulation",
  "size",
  "limbLength",
  "metabolism",
  "armor",
  "photosynthesis",
  "mobility",
  "structure"
 ],
 "trajectory": [
  [
   0.5003555857558147,
   0.4998556680717013,
   0.5006348919869128,
   0.5002495530544128,
   0.49980677103561183,
   0.4997878594967075,
   0.5001344176920638,
   0.4997591527196754
  ],
  [
   0.4996798081617391,
   0.4982703584571082,
   0.5029481410483432,
   0.5003809406738023,
   0.4975800444247182,
   0.4977008669598681,
   0.4996530447182466,
   0.4989539439154476
  ],
  [
   0.4953145048513555,
   0.49395253084435464,
   0.5125441714994377,
   0.5003837878180342,
   0.4928445983520497,
   0.49069648625502477,
   0.5017527472424894,
   0.4968439275062382
  ],
  [
   0.4881474548248213,
   0.4890478362895951,
   0.5321034490526968,
   0.4984924686370588,
   0.48266786318775917,
   0.47794344616679246,
   0.5033036868613879,
   0.49351464012004825
  ],
  [
   0.4775769798139238,
   0.4815632439136974,
   0.5626484643535754,
   0.4948346026992431,
   0.46645881246814086,
   0.45678743248800724,
   0.5100043270016114,
   0.48667078870127495
  ],
  [
   0.461874650149976,
   0.4749272873982209,
   0.6008395305291218,
   0.496843618431652,
   0.44937888779402063,
   0.42582173175416194,
   0.5265359780508946,
   0.474727432714787
  ],
  [
   0.44794314521476614,
   0.47286162121044734,
   0.6515845753132932,
   0.5030071649621201,
   0.4298975756922147,
   0.3872933748388779,
   0.5567422691745721,
   0.45970917437834946
  ],
  [
   0.43722522665686386,
   0.47274032263628313,
   0.7148424173608429,
   0.5235938852125591,
   0.40727848755545343,
   0.334788278828911,
   0.601487286073635,
   0.443270749150507
  ],
  [
   0.4286525132807198,
   0.4794036302633817,
   0.7741900184777872,
   0.5536294470725484,
   0.3840597151628448,
   0.2757695232187066,
   0.6518386119207841,
   0.42996736009188957
  ],
  [
   0.422148818497716,
   0.4918246453827793,
   0.8214288673356278,
   0.5865158876952012,
   0.36997031917520745,
   0.22240136714928396,
   0.7111185146699767,
   0.4147158710945187
  ],
  [
   0.417668337759801,
   0.5061442256242343,
   0.8551220480501467,
   0.6219751523439013,
   0.3548311209285621,
   0.18152630694849092,
   0.7592139442138771,
   0.40152688216017246
  ],
  [
   0.4164922686703676,
   0.5192701854352714,
   0.8771571279447743,
   0.6594658690373175,
   0.3481882484116799,
   0.1514947948387672,
   0.79806123310361,
   0.39318282418899253
  ],
  [
   0.4197219600296282,
   0.5352753109582552,
   0.8897576135544666,
   0.6909153442729442,
   0.3406688805088581,
   0.13142878562617596,
   0.82864163160172,
   0.3882916448196993
  ],
  [
   0.4200777535309084,
   0.5478814348408926,
   0.9000997364276319,
   0.7161380126033636,
   0.33825367230503156,
   0.11425917117462213,
   0.8527654151901131,
   0.38009313101260817
  ],
  [
   0.4241489649337475,
   0.5625744002460497,
   0.9043718646807831,
   0.7383969111608092,
   0.3321048443121556,
   0.10719379053799767,
   0.8706095286369959,
   0.3728305315514094
  ],
  [
   0.42334874242290893,
   0.5723325895325436,
   0.9070768371647726,
   0.7607232034359623,
   0.3255777269356546,
   0.10099625826669284,
   0.8836554825586181,
   0.36800687041572683
  ],
  [
   0.42843639768062824,
   0.582822295570514,
   0.9088664490953807,
   0.7813697155942071,
   0.3219696905806964,
   0.09692862441984845,
   0.8930791270013896,
   0.36885020888812553
  ],
  [
   0.43468654110008836,
   0.5897184145176296,
   0.9097958134286505,
   0.7971433051968145,
   0.3205105577787694,
   0.09418755236624127,
   0.898240331641427,
   0.36791580428840454
  ],
  [
   0.4376090738192648,
   0.6014071463347144,
   0.908295277408728,
   0.8152411916258521,
   0.3206473171578944,
   0.09263170805827103,
   0.9034471891576338,
   0.3631210650150895
  ],
  [
   0.4431602921743765,
   0.6100505864518913,
   0.9085212538149988,
   0.8266455656152977,
   0.3140114714326752,
   0.09147761744150638,
   0.9038739079784288,
   0.3579851603576596
  ],
  [
   0.44392828750930063,
   0.6213696746754506,
   0.9091215538836986,
   0.8386992190322453,
   0.3113123253822404,
   0.09026197932671474,
   0.9057222993803044,
   0.35071538723197276
  ],
  [
   0.44519195145907636,
   0.633880256784331,
   0.9096417046779816,
   0.8464458941072938,
   0.30737898498127264,
   0.09141246555074654,
   0.906407258190272,
   0.34354759898318593
  ],
  [
   0.44790139938119755,
   0.6434501660447333,
   0.9100532037926844,
   0.850732045798284,
   0.3028946769479644,
   0.0870356365278679,
   0.9063655028350993,
   0.33955820214253074
  ],
  [
   0.44813238661828203,
   0.6510052716908825,
   0.9076776530510814,
   0.8566962950298428,
   0.30400755068204566,
   0.08603093983301384,
   0.9090224069674839,
   0.32984993923367356
  ],
  [
   0.449514562868649,
   0.6594904545623839,
   0.904931321195109,
   0.8630248370632826,
   0.30009865536854363,
   0.08661019012430056,
   0.9094180133811173,
   0.32614605252067524
  ],
  [
   0.4516183036118151,
   0.6667067998181112,
   0.9034297045774847,
   0.8690517023120585,
   0.30406319645986973,
   0.08701231742767185,
   0.9106372443477274,
   0.3251349816079971
  ],
  [
   0.45304217843916966,
   0.6778157637791901,
   0.9041029789340617,
   0.8712412635398863,
   0.2975362543695268,
   0.08786832251142097,
   0.9099636451536303,
   0.3214789402649275
  ],
  [
   0.4517960466094236,
   0.6854205758933917,
   0.9038245579233067,
   0.8721193012093954,
   0.29539579165263535,
   0.08660444495376841,
   0.9091749080481643,
   0.31900526900071363
  ],
  [
   0.4504048052758218,
   0.6931182296623742,
   0.9027873040773291,
   0.8716701524204441,
   0.2894919851389205,
   0.08652806836062449,
   0.9088703055820896,
   0.3139912373277321
  ],
  [
   0.4504260610696254,
   0.7042323637467726,
   0.9013145170419201,
   0.8742835406304078,
   0.2864619483066826,
   0.08720206250277655,
   0.9090075139365529,
   0.3149712143899331
  ],
  [
   0.4514304630301102,
   0.7119342561444978,
   0.901291253009922,
   0.8751828646740546,
   0.2816733450017304,
   0.08774566223093765,
   0.9094158968563765,
   0.3113376781111614
  ],
  [
   0.4494942386454519,
   0.7172470795900875,
   0.8996906382732744,
   0.8745702521825153,
   0.28664095509954163,
   0.08827170041912025,
   0.9090655214626073,
   0.3030351619948688
  ],
  [
   0.44828613960662017,
   0.7192002520540415,
   0.9004179469577355,
   0.875541984619118,
   0.2909956482747113,
   0.08733102256008703,
   0.9091693138813614,
   0.29760106049367024
  ],
  [
   0.45054405542351744,
   0.7220314803186527,
   0.8990149313337873,
   0.8761989733473398,
   0.2897473100823244,
   0.08488233018081777,
   0.9073117594293582,
   0.29445080115177164
  ],
  [
   0.45401524157175843,
   0.7233135448289527,
   0.8978356673166603,
   0.8772381454649459,
   0.2847552034633743,
   0.08631388180388201,
   0.9082369919606044,
   0.2946246202425872
  ],
  [
   0.456323346482439,
   0.7279134928902641,
   0.89770438155151,
   0.8798478397882881,
   0.2794522336755682,
   0.08503824642961581,
   0.9096381499601347,
   0.28884313685267565
  ],
  [
   0.45669579718940456,
   0.7367833898032511,
   0.897305176693791,
   0.8806788287143341,
   0.27832393143927875,
   0.08527458946088723,
   0.9101547116777646,
   0.2799779134915148
  ],
  [
   0.4579317331809693,
   0.7396573764158307,
   0.8973073201587402,
   0.8808779377996084,
   0.2780632073034744,
   0.08475614593903556,
   0.9110153770797017,
   0.2785326618349793
  ],
  [
   0.46078475109527467,
   0.7426750330394918,
   0.8953749643173765,
   0.8799469682453092,
   0.27802061287390895,
   0.08682421957805621,
   0.9108671320505747,
   0.2766594308848312
  ],
  [
   0.46106596251295356,
   0.747030734754904,
   0.8957372961764457,
   0.879156384834233,
