{
 "name": "Hungersnot",
 "split": "train",
 "env": {
  "temperature": 0.5,
  "predation": 0.1,
  "foodAbundance": 0.22,
  "foodHeight": 0.1
 },
 "generations": 80,
 "traits": [
  "insulation",
  "size",
  "limbLength",
  "metabolism",
  "armor"
 ],
 "trajectory": [
  [
   0.4996433834143544,
   0.4991594094359171,
   0.5000550608007928,
   0.5000850530552066,
   0.5014633631818153
  ],
  [
   0.49935248073331134,
   0.4962075801737693,
   0.5012705723649631,
   0.4980508951943959,
   0.4981873490958431
  ],
  [
   0.49160312844725124,
   0.4777938791196588,
   0.4987254113384854,
   0.4912728922865735,
   0.48861426476964614
  ],
  [
   0.48169419966307264,
   0.4575659244013826,
   0.5000734540042677,
   0.48807213738329175,
   0.47739025484911485
  ],
  [
   0.46994951212437797,
   0.4235041579613597,
   0.4966822926587635,
   0.48385803758385976,
   0.4509145015729548
  ],
  [
   0.458873307167015,
   0.38505687911368575,
   0.4973439362732784,
   0.4742552931727341,
   0.42694730006374426
  ],
  [
   0.446249742740323,
   0.33864072555873853,
   0.49659517187854435,
   0.46675956325654216,
   0.38218533685287204
  ],
  [
   0.4313481224756223,
   0.2870214358551147,
   0.5056145917945648,
   0.45810559881350527,
   0.3366715495570733
  ],
  [
   0.435533050361989,
   0.23568710141632196,
   0.5013340492863502,
   0.4438196259184099,
   0.29755259103604886
  ],
  [
   0.4327505979060506,
   0.191920274718991,
   0.5006656306416366,
   0.4269339752295789,
   0.25350416246376467
  ],
  [
   0.43287006091046637,
   0.15407584478137296,
   0.49949678932636804,
   0.41147307671328776,
   0.21881898184276002
  ],
  [
   0.42749127273748505,
   0.12757556083436963,
   0.4991353420047087,
   0.396188688096452,
   0.1870386368082434
  ],
  [
   0.43078082638334697,
   0.10668033644587678,
   0.5001996409961,
   0.37734384682193284,
   0.15845454179004018
  ],
  [
   0.43038744813432045,
   0.09369172038043572,
   0.4999554297947731,
   0.35837624916953864,
   0.14677579382789913
  ],
  [
   0.42927909081608,
   0.08471020723411399,
   0.5002802883924766,
   0.347380578038043,
   0.13045053718860497
  ],
  [
   0.4302975822908401,
   0.07889073382263628,
   0.5051428575376082,
   0.31454496250469055,
   0.122027439298952
  ],
  [
   0.4296697950652438,
   0.07671949855355781,
   0.5129858770909942,
   0.30095397363068965,
   0.11013433638874702
  ],
  [
   0.4256213608101847,
   0.0750434318715605,
   0.5166355837688265,
   0.2889832673815771,
   0.10273436264437784
  ],
  [
   0.4249828264613526,
   0.07389325145244093,
   0.5203975065155174,
   0.2687710984413287,
   0.0942557939194885
  ],
  [
   0.4217849391126253,
   0.07194643448292808,
   0.5186651890242153,
   0.253525721344292,
   0.0922678759380209
  ],
  [
   0.4242471400817765,
   0.07109696437516654,
   0.5212125809465543,
   0.24569529927034164,
   0.09068439164143245
  ],
  [
   0.42350359241324376,
   0.072942525406054,
   0.5247396625947417,
   0.22755267680449384,
   0.09195857500243974
  ],
  [
   0.43059136699544526,
   0.07167648958869823,
   0.5185787672631403,
   0.21625973278079938,
   0.0868331249220833
  ],
  [
   0.43100004632837896,
   0.07028368754990623,
   0.5160193292503158,
   0.20021915443162028,
   0.08768035780461829
  ],
  [
   0.43222486962138196,
   0.07167755870915464,
   0.5146182146012469,
   0.20559515836727651,
   0.08665457146594951
  ],
  [
   0.42819981291391535,
   0.0717728249731187,
   0.5131410058839191,
   0.19630728133409317,
   0.08421546389491134
  ],
  [
   0.4306437982555764,
   0.07386117558592957,
   0.5249790917166216,
   0.1908483051490734,
   0.08781491042986245
  ],
  [
   0.42956447164017963,
   0.07329799608735876,
   0.5156962227014659,
   0.1927400974537602,
   0.0895591500542725
  ],
  [
   0.43043487453876045,
   0.0733542213674367,
   0.5074965732425939,
   0.18588701885972833,
   0.08926273363439273
  ],
  [
   0.43016176890189844,
   0.07136593261833797,
   0.5135152643068808,
   0.18054291997763391,
   0.08533061275280236
  ],
  [
   0.42999086821168714,
   0.0727057223079075,
   0.5210968685906834,
   0.1777535088066785,
   0.08399487781201886
  ],
  [
   0.42390335222002623,
   0.06810831348107986,
   0.5257650885840056,
   0.1693003664492423,
   0.08522116330706397
  ],
  [
   0.428366210325148,
   0.0698131438415383,
   0.5378583488231464,
   0.17103652138429368,
   0.08423598174799711
  ],
  [
   0.42625665281451885,
   0.06940197714524775,
   0.5342243751737533,
   0.16079491121289752,
   0.0796197225227769
  ],
  [
   0.42772673055631444,
   0.07065809500922628,
   0.5324324600750279,
   0.15227903420198916,
   0.08045107773383041
  ],
  [
   0.4212396124114111,
   0.07010234134382685,
   0.5395449538487921,
   0.15041130298435387,
   0.07972525925620425
  ],
  [
   0.4162352166982442,
   0.06651947123766495,
   0.5381235721256604,
   0.15193009869306176,
   0.08232204427186172
  ],
  [
   0.4173354333270382,
   0.06779386403914642,
   0.5403469745019313,
   0.15592264519921728,
   0.08181178368608633
  ],
  [
   0.41337735324822594,
   0.06672793775015169,
   0.5428388978921549,
   0.15001779670192109,
   0.0836430384360553
  ],
  [
   0.414411932234777,
   0.06675584985732484,
   0.5480032804606106,
   0.1471379434991291,
   0.08167670968307479
  ],
  [
   0.4102083264046607,
   0.06811399291391071,
   0.5489449727927912,
   0.14500531826478846,
   0.07940584200434778
  ],
  [
   0.4092408037525543,
   0.06638345424972696,
   0.5527413660688872,
   0.1465081566621653,
   0.08065956050176186
  ],
  [
   0.41120341321435844,
   0.07012461594373491,
   0.5544759773094562,
   0.14280179323106082,
   0.07924194157981822
  ],
  [
   0.41265914148448796,
   0.0707665681215115,
   0.5465035641172894,
   0.14352138758222335,
   0.08172758530420332
  ],
  [
   0.4115634810050853,
   0.07343425996083115,
   0.5408241857688781,
   0.1357442638329347,
   0.0817687577289898
  ],
  [
   0.41043895319860085,
   0.07452595628077327,
   0.5483158190880842,
   0.13306035395118554,
   0.08525958598206157
  ],
  [
   0.40900356671496724,
   0.0760902774841858,
   0.55108085699143,
   0.13200674019192912,
   0.08330119488611455
  ],
  [
   0.40547944093811394,
   0.07331337115672666,
   0.5587708894302007,
   0.13315820839200412,
   0.07922719471011895
  ],
  [
   0.4122825348862104,
   0.07373297910545798,
   0.5650471758759664,
   0.14411773378619994,
   0.07944885427987773
  ],
  [
   0.4130747063881616,
   0.07382731782681601,
   0.5669640796727342,
   0.14572480196383564,
   0.0820548474340644
  ],
  [
   0.42013770776862064,
   0.07117342876291477,
   0.5618801033234712,
   0.14543024434234086,
   0.0867603812011521
  ],
  [
   0.412853231353385,
   0.06919801469675979,
   0.5520546233258486,
   0.14533047584857905,
   0.08693242805330238
  ],
  [
   0.4142242649307541,
   0.07250768249187892,
   0.5623910013204527,
   0.1461774103191916,
   0.08647225545264847
  ],
  [
   0.4171019633834466,
   0.071910671994341,
   0.576097588133562,
   0.14757433223610564,
   0.08420409810981501
  ],
  [
   0.4151288807165144,
   0.07413797897162812,
   0.5709131729875461,
   0.1455137112570571,
   0.0829954043643511
  ],
  [
   0.41729320618292776,
   0.07354181501889741,
   0.5775055391278526,
   0.14049900255656897,
   0.08284098357209321
  ],
  [
   0.4175613419003769,
   0.07312187703375501,
   0.5767059526925667,
   0.1368842460464956,
   0.08227447404494807
  ],
  [
   0.4241143917885335,
   0.07233414518999204,
   0.5811535425859686,
   0.13463551209027708,
   0.08483720285458567
  ],
  [
   0.4234470187911472,
   0.07430334183160926,
   0.5804684277435946,
   0.13759286440115578,
   0.08621421454585383
  ],
  [
   0.42421582265331864,
   0.07476314973645208,
   0.5790973862632777,
   0.1392023448843123,
   0.08723835820714115
  ],
  [
   0.4222971342411739,
   0.07315044915237885,
   0.5775153325395256,
   0.143234861395681,
   0.08158570617681347
  ],
  [
   0.42591208312430223,
   0.07593826187215015,
   0.5910866794753485,
