{
 "name": "Hungersnot",
 "split": "train",
 "env": {
  "temperature": 0.5,
  "predation": 0.1,
  "foodAbundance": 0.22,
  "foodHeight": 0.1,
  "light": 0.35,
  "water": 0.5
 },
 "generations": 80,
 "traits": [
  "insulation",
  "size",
  "limbLength",
  "metabolism",
  "armor",
  "photosynthesis",
  "mobility",
  "structure"
 ],
 "trajectory": [
  [
   0.5003555857558147,
   0.4998556680717013,
   0.5006348919869128,
   0.5002495530544128,
   0.49980677103561183,
   0.4997878594967075,
   0.5001344176920638,
   0.4997591527196754
  ],
  [
   0.5006305809320292,
   0.4992879214052602,
   0.5012386916123762,
   0.499853224544391,
   0.49862338976679,
   0.49850268914858065,
   0.49883700142951853,
   0.4994845033382253
  ],
  [
   0.49846427371527197,
   0.4963933540347472,
   0.49986562932496986,
   0.4990374499075598,
   0.49726408717621345,
   0.4964080239392323,
   0.49619927077255815,
   0.50055886436153
  ],
  [
   0.4965795058159055,
   0.4945971128817017,
   0.4988111005652282,
   0.4939734576496657,
   0.49399878536980363,
   0.4912619164748235,
   0.48656191622709727,
   0.4986493433042836
  ],
  [
   0.4931496093136902,
   0.4864891703638578,
   0.4984667166096046,
   0.48522178360072515,
   0.4925792023682068,
   0.4820240865182106,
   0.4780721304008761,
   0.49529638320242153
  ],
  [
   0.4867122650267846,
   0.479961283129829,
   0.49863148137440144,
   0.47634856139969095,
   0.4872688116100949,
   0.47089745879876405,
   0.46728547998501707,
   0.488944024624
  ],
  [
   0.4789407154272465,
   0.46963314084247215,
   0.498299158889671,
   0.4620337089538005,
   0.4785370856215303,
   0.4543076793141274,
   0.44650566300847605,
   0.48297960561219283
  ],
  [
   0.4710926040923116,
   0.4586474719647409,
   0.4977205336460915,
   0.4461322907714303,
   0.4689693333369243,
   0.4382231357858784,
   0.42523361936262,
   0.47421464735636126
  ],
  [
   0.4631631481548928,
   0.4410247579623736,
   0.49945726854426975,
   0.4280605894918827,
   0.45992959913364856,
   0.4179495395062469,
   0.40526571821032537,
   0.46100949266808877
  ],
  [
   0.45695708115408423,
   0.41633097535890995,
   0.4992389420067576,
   0.40700263360280187,
   0.44444791975390024,
   0.3934401440681013,
   0.3783939480167237,
   0.4474120715822256
  ],
  [
   0.4521324361573402,
   0.3873032778368566,
   0.5041483706889367,
   0.3857892331265292,
   0.4293666909739418,
   0.3696790814734892,
   0.3469575078220082,
   0.4250034571436187
  ],
  [
   0.44587452658594917,
   0.36234617634603006,
   0.5080294513218564,
   0.3635795076659381,
   0.40947397386611434,
   0.3402863766578583,
   0.31702520739000634,
   0.4024006336094508
  ],
  [
   0.44065681503158344,
   0.3289699160805673,
   0.5037052278968384,
   0.3431811252356675,
   0.3905309307322671,
   0.3099571559712199,
   0.28716160056362977,
   0.38454217665055773
  ],
  [
   0.43587344068689315,
   0.2947300375308796,
   0.5061606187379212,
   0.3216263070715753,
   0.36536829256348097,
   0.2819756348362325,
   0.2558648980188792,
   0.3585731765468541
  ],
  [
   0.4262337408317105,
   0.2632004518765968,
   0.5077859303748494,
   0.29916206724038924,
   0.34479012119574004,
   0.2543069713333671,
   0.23176718668904792,
   0.3338212568906808
  ],
  [
   0.4192376410807213,
   0.23421824565757976,
   0.506854528097115,
   0.27808801371430386,
   0.3170381629916549,
   0.225396939652029,
   0.2086071520489566,
   0.31239255194847215
  ],
  [
   0.41464635505149855,
   0.20552082387787055,
   0.502739458158999,
   0.2587333457135724,
   0.29378698357845084,
   0.2012369495844443,
   0.19106803363687933,
   0.28825882605591474
  ],
  [
   0.41021944892500256,
   0.18396088780084177,
   0.5007881374005515,
   0.24380041014605336,
   0.2641691246281481,
   0.18133849637583632,
   0.174943805096878,
   0.2705425161739707
  ],
  [
   0.40536494536016643,
   0.16610879840364218,
   0.5032276848374397,
   0.22440640793819813,
   0.24354104671892382,
   0.16380792854879975,
   0.16208273617288974,
   0.24643349489281716
  ],
  [
   0.3989584187403636,
   0.14765694339233199,
   0.5037749533464281,
   0.20910620971732086,
   0.22482242258188934,
   0.15014156423181083,
   0.14965354649420376,
   0.22244482233412408
  ],
  [
   0.3911041824048897,
   0.13413367962990855,
   0.5027914335536313,
   0.19913938485920826,
   0.20557944316503562,
   0.138565556624931,
   0.14083842936217303,
   0.2097669377068434
  ],
  [
   0.39144810056233686,
   0.12416915814873263,
   0.50284379920851,
   0.1908042640199551,
   0.19125125438407553,
   0.12863517969487914,
   0.13211643477789503,
   0.19140917009484945
  ],
  [
   0.38433781660461613,
   0.11696113313099928,
   0.5009888090437876,
   0.17895340853389077,
   0.1799049045095097,
   0.1196197786136115,
   0.1290578923330478,
   0.18004521725984465
  ],
  [
   0.37870210495704043,
   0.11279011529084342,
   0.5027074267068526,
   0.17374725941350003,
   0.1706644490371888,
   0.11649409628933173,
   0.12523782881812212,
   0.16941425958158796
  ],
  [
   0.3736393778089861,
   0.11066349415312342,
   0.502237428861318,
   0.16929184913063478,
   0.16173557349423562,
   0.11349317082304555,
   0.11940998631866433,
   0.16204841200748257
  ],
  [
   0.3698245690280741,
   0.10774466988986804,
   0.5052817153125372,
   0.1617939366251486,
   0.15502174810773697,
   0.11151865008302118,
   0.11898861087373304,
   0.1519940895561939
  ],
  [
   0.36609077027658254,
   0.10440129222656237,
   0.4991987881301138,
   0.15833460342153022,
   0.14652289747036287,
   0.11103879442161331,
   0.11675119327891519,
   0.14558207195128783
  ],
  [
   0.36314233324617723,
   0.10252842855266502,
   0.5024228407393244,
   0.15308652860399816,
   0.13928366454355903,
   0.10989292334245698,
   0.11378232121583702,
   0.1399124619332387
  ],
  [
   0.36218697866854116,
   0.09941961231229747,
   0.5006093444858623,
   0.14768360052864002,
   0.13470575055759768,
   0.10946581051905448,
   0.11529541686499388,
   0.13597891872739007
  ],
  [
   0.36211854838474017,
   0.09806895448027277,
   0.5029616957796837,
   0.1477034748569519,
   0.13141439549982484,
   0.10863915555648744,
   0.11227518344408494,
   0.13026719526075506
  ],
  [
   0.3626348533884975,
   0.09800106202431048,
   0.5019260111168801,
   0.14456803513031127,
   0.12628479870510448,
   0.10704445193593033,
   0.10942934615699197,
   0.12624111388427345
  ],
  [
   0.35890104178681126,
   0.09613838425237649,
   0.5079239714119393,
   0.14255244939450162,
   0.12597479509053208,
   0.1061106974933682,
   0.10676218260453875,
   0.12385093559015314
  ],
  [
   0.3584098148514692,
   0.09558443037432733,
   0.5059843010037582,
   0.14198342114413112,
   0.12319128019573267,
   0.10496207258149888,
   0.10528537209517956,
   0.12448903918411051
  ],
  [
   0.3575876862645228,
   0.09475972710662345,
   0.5067484857099118,
   0.13648439845420082,
   0.12019511999981834,
   0.10361245092905887,
   0.10534705218246794,
   0.1257859444361961
  ],
  [
   0.35887316817993004,
   0.09491925878778361,
   0.5031715000366138,
   0.13604534158067044,
   0.1192793679073461,
   0.10440373808184428,
   0.10581338866845065,
   0.12418125570644074
  ],
  [
   0.35839885711065617,
   0.0966178975055968,
   0.5020049353090336,
   0.13713126840273301,
   0.1163975435090172,
   0.10319554504064045,
   0.10465424840136785,
   0.12280621737662491
  ],
  [
   0.3572177105578915,
   0.09570519688351155,
   0.5048821986030255,
   0.13927096114401596,
   0.11423653892559969,
   0.10185936538090612,
   0.10492164893510325,
   0.12270626469132828
  ],
  [
   0.35966774217956843,
   0.09664903652600713,
   0.5010115706085742,
   0.13851220552117824,
   0.11522737967723419,
   0.10194159174744583,
   0.10443006417598938,
   0.12307793980902665
  ],
  [
   0.3602003956736362,
   0.09793300670074188,
   0.49760849545548486,
   0.13817976418322112,
   0.11456600061878225,
   0.1027338607551519,
   0.10546348685252288,
   0.1234093124625981
  ],
  [
