{
 "name": "Hungersnot",
 "split": "train",
 "env": {
  "temperature": 0.5,
  "predation": 0.1,
  "foodAbundance": 0.22,
  "foodHeight": 0.1,
  "light": 0.35,
  "water": 0.5
 },
 "generations": 80,
 "traits": [
  "insulation",
  "size",
  "limbLength",
  "metabolism",
  "armor",
  "photosynthesis",
  "mobility",
  "structure"
 ],
 "trajectory": [
  [
   0.5003555857558147,
   0.4998556680717013,
   0.5006348919869128,
   0.5002495530544128,
   0.49980677103561183,
   0.4997878594967075,
   0.5001344176920638,
   0.4997591527196754
  ],
  [
   0.4993731847658325,
   0.49731400018753646,
   0.501034140970791,
   0.4992593628645852,
   0.4968655167861489,
   0.4975527597258533,
   0.4989540562680399,
   0.4988744820449136
  ],
  [
   0.4951645524106438,
   0.48498669637744163,
   0.5006512929858856,
   0.4956903741290189,
   0.4911799203799434,
   0.49096089944628263,
   0.49607561525932997,
   0.4957332835619847
  ],
  [
   0.48749800090275186,
   0.46694852496639055,
   0.4998510526279039,
   0.48845374814263515,
   0.478814681669466,
   0.4785977403093821,
   0.4905939726977344,
   0.48565836090562114
  ],
  [
   0.47967894207957656,
   0.4388050680365014,
   0.49892421020742383,
   0.4776635974045184,
   0.46383424577794563,
   0.4588978859565785,
   0.4825049522362361,
   0.4712700339206179
  ],
  [
   0.4689077682989769,
   0.4036369020837625,
   0.499984509362432,
   0.4625067222059142,
   0.44219780897036515,
   0.4354613649206693,
   0.4743347271083385,
   0.45274531155499925
  ],
  [
   0.46096544630263975,
   0.36461784899143984,
   0.5006512883288777,
   0.44296276404671503,
   0.4172717800825001,
   0.4079269201062104,
   0.46686531202525267,
   0.4292631249338051
  ],
  [
   0.4545853738302219,
   0.3239212039991454,
   0.4992244660783476,
   0.4200403727226929,
   0.3904461781611667,
   0.3785528628174679,
   0.45846637633823556,
   0.4067593607020108
  ],
  [
   0.44855481860451674,
   0.27606789119789527,
   0.49920869037160337,
   0.39228059239488794,
   0.3557457525457124,
   0.34527979689026306,
   0.4521018903034196,
   0.3780690571346648
  ],
  [
   0.4454537712557057,
   0.2296443987418307,
   0.4999908660425265,
   0.36183312357813446,
   0.32198804225440614,
   0.3088016817826646,
   0.4480858515412131,
   0.3462847797835637
  ],
  [
   0.44286575397002914,
   0.18947377060787232,
   0.49744452603909495,
   0.33430037048052336,
   0.2838042765271841,
   0.2721661047885824,
   0.43943502722206546,
   0.3076130348510706
  ],
  [
   0.44045607702995054,
   0.1553580011497498,
   0.4954065397962935,
   0.3094013858603612,
   0.24748450817535358,
   0.24256857182107874,
   0.4341504932275391,
   0.2732180196447127
  ],
  [
   0.44124040773449247,
   0.13079485828725448,
   0.490540095291093,
   0.28784984695070387,
   0.2196628035844568,
   0.2151083944411614,
   0.4283259839121403,
   0.24042501481341713
  ],
  [
   0.4412124089808694,
   0.1106525031833334,
   0.4924084607652717,
   0.265951378198026,
   0.19191479285252233,
   0.19312639483830282,
   0.4209587328654662,
   0.21212873804405516
  ],
  [
   0.43687274032708245,
   0.09795228902576995,
   0.49690891007037535,
   0.24505580476440736,
   0.17067934350483235,
   0.17360180550290305,
   0.4150436971062212,
   0.18823297323871357
  ],
  [
   0.43843236756415127,
   0.08900210926087666,
   0.49985690067632443,
   0.2320700788134388,
   0.15295150691316042,
   0.1550759617784853,
   0.4171696284605473,
   0.17072798093283206
  ],
  [
   0.4388574162216099,
   0.08369787084069501,
   0.4991223061636589,
   0.21781325095764972,
   0.1385488552611229,
   0.14110388068505111,
   0.4170964522440798,
   0.15030689214581996
  ],
  [
   0.43817859077486127,
   0.07999853081576447,
   0.4959654571125287,
   0.20499484794683723,
   0.1257209560312375,
   0.12922323789594298,
   0.41501042833647867,
   0.13646128460209392
  ],
  [
   0.4419441805787558,
   0.07830990098015168,
   0.5026481871578109,
   0.19243890469169112,
   0.11876414356880972,
   0.11911593880026167,
   0.4137114951384884,
   0.12304591711488883
  ],
  [
   0.4424081634764451,
   0.07640578907972122,
   0.5019460285937402,
   0.18140320983403457,
   0.1098561083620792,
   0.11289644392501497,
   0.412175769045301,
   0.11509341991436318
  ],
  [
   0.4472429532181908,
   0.077036919446107,
   0.5002224472485128,
   0.17181180359014914,
   0.10575384896608843,
   0.10590815123850143,
   0.4080629307367362,
   0.10797245533099603
  ],
  [
   0.447223878212241,
   0.07775759151847732,
   0.4992433562732201,
   0.1629670703603309,
   0.1040937685014363,
   0.10247813609128038,
   0.40832782522366734,
   0.10205817490730933
  ],
  [
   0.44528748764491155,
   0.07696980899066616,
   0.4981968557305965,
   0.1533183170442963,
   0.10335294732834831,
   0.09904905926792189,
   0.40757918577104674,
   0.09818332666469008
  ],
  [
   0.44585587086362904,
   0.07940120728695148,
   0.5015117293584456,
   0.1452566847801845,
   0.10029543514231286,
   0.09664577660971763,
   0.40237661403443187,
   0.09728298275234819
  ],
  [
   0.44568487320718825,
   0.08026124430810687,
   0.5016044221710545,
   0.1394475262086963,
   0.09596385995937247,
   0.09672267374486183,
   0.397360508630217,
   0.09694150146881536
  ],
  [
   0.44617243207404655,
   0.07916359822977015,
   0.5049509277445834,
   0.13341265243872527,
   0.09501354512738279,
   0.09491530086760695,
   0.39632508918868203,
   0.09709674673826574
  ],
  [
   0.4476240925460166,
   0.07943190040842457,
   0.4956822727905981,
   0.1288231912898209,
   0.0920252701368202,
   0.09486964164776925,
   0.39418420818726113,
   0.09527396084817968
  ],
  [
   0.44583458327017533,
   0.07769678934464143,
   0.49668301811493104,
   0.124889072405768,
   0.092251061525202,
   0.09429088072399816,
   0.39137011984948616,
   0.0962004105400799
  ],
  [
   0.4479400436439815,
   0.07878258814030889,
   0.49373601770680847,
   0.1198407126813365,
   0.0911717616956675,
   0.09345497427652273,
   0.38662469204000977,
   0.09445732325526324
  ],
  [
   0.4490121493655513,
   0.07815902931308062,
   0.49738260280639457,
   0.11804910753189658,
   0.09137156101874773,
   0.09502733799926012,
   0.3749007883235469,
   0.0944120620287342
  ],
  [
   0.44799423406111377,
   0.07796903487826018,
   0.5015773268460786,
   0.11544493740851336,
   0.09332484886138813,
   0.09659760025799329,
   0.3686773687814455,
   0.09448371160266995
  ],
  [
   0.4468474430472705,
   0.07831224844192215,
   0.5029817604164021,
   0.11181586951911247,
   0.09485919178074542,
   0.09787880965345515,
   0.36101202146247924,
   0.09230111047217478
  ],
  [
   0.44689564246041424,
   0.0791293202725666,
   0.5042061966917627,
   0.11150512795020624,
   0.09476047901725197,
   0.09428220623643381,
   0.35006182716279954,
   0.09284917369591299
  ],
  [
   0.44658979293031625,
   0.07765415586352908,
   0.5061319529291082,
   0.10989151072550642,
   0.09386709279680082,
   0.09327353829948994,
   0.34925421440073295,
   0.09173684033736462
  ],
  [
   0.4475296656116347,
   0.0766051184844003,
   0.505113984954078,
   0.1087231481986093,
   0.08997787705498443,
   0.09350221057532583,
   0.34006882126243326,
   0.09125810346138942
  ],
  [
   0.44631411720059216,
   0.07648472348680066,
   0.5104458640715255,
   0.10946912269895531,
   0.0888562500659661,
   0.09495926198058101,
   0.3392420083930778,
   0.09083559757110105
  ],
  [
   0.44430194618598956,
   0.07656777574959964,
   0.515234180429008,
   0.1090145277815,
   0.08946756206119451,
   0.09527267100815984,
   0.3364823248472714,
   0.09160113933897568
  ],
  [
   0.4422970073504169,
   0.07621809481614744,
   0.51135950688335,
   0.10899856461578249,
   0.08892168291929847,
   0.09646521044860022,
   0.3315183364175664,
   0.09135614124628093
  ],
  [
   0.4452465711123182,
   0.07650407237721897,
   0.5155911809150661,
   0.11153788215029413,
   0.09026745229098265,
   0.0976320733580709,
   0.3285306348196133,
   0.09195607123311056
  ],
  [
