{
 "name": "Hungersnot",
 "split": "train",
 "env": {
  "temperature": 0.5,
  "predation": 0.1,
  "foodAbundance": 0.22,
  "foodHeight": 0.1,
  "light": 0.35,
  "water": 0.5
 },
 "generations": 80,
 "traits": [
  "insulation",
  "size",
  "limbLength",
  "metabolism",
  "armor",
  "photosynthesis",
  "mobility",
  "structure"
 ],
 "trajectory": [
  [
   0.5003555857558147,
   0.4998556680717013,
   0.5006348919869128,
   0.5002495530544128,
   0.49980677103561183,
   0.4997878594967075,
   0.5001344176920638,
   0.4997591527196754
  ],
  [
   0.5006555151477705,
   0.49931943091901915,
   0.5012108839748367,
   0.49991068635275715,
   0.4986918207342286,
   0.4988992397771986,
   0.49904282912502107,
   0.4994091639475555
  ],
  [
   0.4984197192496018,
   0.4976387677803947,
   0.49970711185740363,
   0.49946754020918943,
   0.4978403246828916,
   0.4986868756004201,
   0.49849379247130793,
   0.49993439804069656
  ],
  [
   0.4969085517049885,
   0.49584259972929307,
   0.49928753528408604,
   0.49529829644557233,
   0.49593607082478924,
   0.4986411158784325,
   0.4932546637141399,
   0.49812425992545145
  ],
  [
   0.49517309107824975,
   0.4893192707654745,
   0.49802878510936904,
   0.4863885523820737,
   0.49308219946064585,
   0.49347051927296853,
   0.4880288697199547,
   0.49397372120201455
  ],
  [
   0.4891377004241643,
   0.48241079429154204,
   0.4977973832288018,
   0.4748595486290854,
   0.489027418901865,
   0.4873199335288521,
   0.480525561803375,
   0.49000503884860125
  ],
  [
   0.48381624342566737,
   0.47235597953320996,
   0.49629469242199464,
   0.46102281841251497,
   0.4811144237801091,
   0.478742676866808,
   0.47062391024873845,
   0.4853766456447131
  ],
  [
   0.4769867461182593,
   0.46023843450061414,
   0.500052422036405,
   0.4442216238156977,
   0.4741832221568801,
   0.4683658813247271,
   0.4586405574250743,
   0.4732746333653168
  ],
  [
   0.4709578145906506,
   0.4495709540367661,
   0.5051133113117131,
   0.4261791676898872,
   0.4662580192541286,
   0.4522804145155411,
   0.4463730186091102,
   0.4596237044395304
  ],
  [
   0.46255896635304367,
   0.4333806704844734,
   0.5051483449922948,
   0.402296346998805,
   0.4602134393331135,
   0.4422302564592979,
   0.429173580177219,
   0.44921227702903127
  ],
  [
   0.45917109458494054,
   0.4121746691885703,
   0.5070398573075879,
   0.37384274302129566,
   0.4445010824418138,
   0.42913188394775176,
   0.4114711404965126,
   0.43620731524535894
  ],
  [
   0.4534388044215591,
   0.38508337778662877,
   0.5072737703564874,
   0.348106548358464,
   0.4332839917423021,
   0.40853102322866414,
   0.3911259155143141,
   0.4189923373434851
  ],
  [
   0.4484822579877945,
   0.35984042618655104,
   0.5077025486226523,
   0.31812260437039547,
   0.41656390596749104,
   0.384510772403679,
   0.37012682208593367,
   0.39946860633812914
  ],
  [
   0.4418400993028155,
   0.3305284721215515,
   0.5081533660993541,
   0.29315454945846847,
   0.39728776662090076,
   0.3677150000421228,
   0.34807236039147554,
   0.38006598556725196
  ],
  [
   0.43257154408394777,
   0.30027514776259395,
   0.5126706680649772,
   0.26529171773272714,
   0.3757813060486983,
   0.3475645755105341,
   0.3232342510390252,
   0.35785537133446316
  ],
  [
   0.42764081715539426,
   0.2680008127185039,
   0.5103800705343065,
   0.23372548679539537,
   0.3523897294416802,
   0.32732565394425434,
   0.30322815449564716,
   0.3368317748131024
  ],
  [
   0.41899831702481105,
   0.23819693128093591,
   0.5085363831988586,
   0.21053243751642006,
   0.3313020160127995,
   0.3049538979959659,
   0.28400355356878887,
   0.31415164470136203
  ],
  [
   0.41242338123669114,
   0.21478076807406057,
   0.5108791559664416,
   0.1884846063614597,
   0.30506697531292476,
   0.2822774598113969,
   0.26314674044257225,
   0.2916971813427129
  ],
  [
   0.40693728610096835,
   0.19181249279272905,
   0.5095705265452225,
   0.1715168105383823,
   0.284864101288045,
   0.26230975464798517,
   0.24821834558903003,
   0.2677708881793503
  ],
  [
   0.4005597852413501,
   0.16983027927914174,
   0.5075783320563907,
   0.15607458738293056,
   0.2602591674953972,
   0.24420078689118954,
   0.23381545148554908,
   0.24793692180341087
  ],
  [
   0.3973998836158404,
   0.15485068411166278,
   0.5052424095433715,
   0.14624115820055308,
   0.23759017766225823,
   0.22685825969999765,
   0.2207907267324228,
   0.22988148531134678
  ],
  [
   0.3921906423690218,
   0.1463994718697507,
   0.5031245513597152,
   0.13607353790893045,
   0.21898989075931527,
   0.21310280951071073,
   0.21158284393918983,
   0.21464944753285406
  ],
  [
   0.38741171298882243,
   0.13431299809207878,
   0.5020260008447985,
   0.12858277807822735,
   0.1975640944384495,
   0.19936236470238256,
   0.20144242146547597,
   0.19731385698450876
  ],
  [
   0.3871734961437405,
   0.1264299272668785,
   0.4994517082138854,
   0.11920756278682043,
   0.18077961540187545,
   0.18693163505642432,
   0.19421245581908486,
   0.18547448914072595
  ],
  [
   0.3823649902375004,
   0.11690121946795647,
   0.5017943369968608,
   0.1128638989280254,
   0.16653763325503693,
   0.17966477704377012,
   0.18481455904895858,
   0.1677537443773602
  ],
  [
   0.3794299745618727,
   0.11067537792317568,
   0.5066483422614019,
   0.1084577208781865,
   0.15698950240776152,
   0.1694300690444479,
   0.17765178878449206,
   0.15854941131016878
  ],
  [
   0.375060650792787,
   0.10762543631881684,
   0.5084202068068945,
   0.10531441078275326,
   0.15282458411007319,
   0.1627857639216518,
   0.1699008655962219,
   0.15284444035932623
  ],
  [
   0.37640096937794315,
   0.10128232181090503,
   0.5088112190766728,
   0.10368660879425363,
   0.14476659795711808,
   0.15372765387453716,
   0.1631824019566388,
   0.14404309158990555
  ],
  [
   0.37162728212488516,
   0.10040649032842923,
   0.5101393069707605,
   0.10192079263349128,
   0.13948099354531376,
   0.1499150574595098,
   0.1595483330800602,
   0.1384173051418823
  ],
  [
   0.3655075706813182,
   0.09844219978580493,
   0.5088548118272375,
   0.10199355118907684,
   0.13482748601265457,
   0.14530406084693206,
   0.15193147393417974,
   0.13508164296836747
  ],
  [
   0.36461829785980915,
   0.09815314438884078,
   0.5088075518699956,
   0.09995385116696724,
   0.12938350039650567,
   0.13883016849694427,
   0.14705390616792102,
   0.132714351550643
  ],
  [
   0.36249191236339806,
   0.09578151585470547,
   0.5104563745837131,
   0.09878074286847034,
   0.12744690296496883,
   0.13179962068003018,
   0.1449253457368743,
   0.13144810497578202
  ],
  [
   0.3610253394828035,
   0.09583211004054405,
   0.5104731894685782,
   0.09777103213077747,
   0.12479444061632389,
   0.13020825420526197,
   0.1426804334612141,
   0.13015941889123475
  ],
  [
   0.3610742526793906,
   0.09453114698512903,
   0.5076865443796453,
   0.09748505734152853,
   0.12258028532165739,
   0.12932821416203202,
   0.14218649243403633,
   0.12986495489008934
  ],
  [
   0.36363474265017576,
   0.09304886172618919,
   0.499080949472406,
   0.09789087489218763,
   0.12001653823037063,
   0.12967381635303396,
   0.1379406598962062,
   0.12846033912021462
  ],
  [
   0.3602004042390563,
   0.09347039676536971,
   0.5039269050001725,
   0.09666351590822686,
   0.11862893036232942,
   0.1271136619977654,
   0.1370564947251094,
   0.12461738108275555
  ],
  [
   0.3615307249939297,
   0.09474792922548582,
   0.49936498757697007,
   0.09680986109391622,
   0.11672273399088484,
   0.12583500922371874,
   0.1384842262057544,
   0.12079157552354679
  ],
  [
   0.36169207653388863,
   0.09545465282901,
   0.5065888740315396,
   0.09543277481474122,
   0.1153947559531056,
   0.12526435296195973,
   0.13670213003563977,
   0.12133433932045368
  ],
  [
   0.3587029280535679,
   0.09536575680293924,
   0.5025493754015765,
   0.09807367936248863,
   0.11485324342406546,
   0.1250427801513814,
   0.13471384657601485,
   0.11940197520507041
  ],
  [
