{
 "name": "Hungersnot",
 "split": "train",
 "env": {
  "temperature": 0.5,
  "predation": 0.1,
  "foodAbundance": 0.22,
  "foodHeight": 0.1,
  "light": 0.35,
  "water": 0.5
 },
 "generations": 80,
 "traits": [
  "insulation",
  "size",
  "limbLength",
  "metabolism",
  "armor",
  "photosynthesis",
  "mobility",
  "structure"
 ],
 "trajectory": [
  [
   0.5003555857558147,
   0.4998556680717013,
   0.5006348919869128,
   0.5002495530544128,
   0.49980677103561183,
   0.4997878594967075,
   0.5001344176920638,
   0.4997591527196754
  ],
  [
   0.4994986109871071,
   0.4977517862352581,
   0.5009607345072976,
   0.499232588285303,
   0.4971452581102815,
   0.49754889780486394,
   0.4992390635559128,
   0.4992003035069023
  ],
  [
   0.4953691272325504,
   0.4882030913693385,
   0.5005792525398907,
   0.49582734350775204,
   0.49171321014461933,
   0.49129176666646507,
   0.4973755058379943,
   0.4951330104169242
  ],
  [
   0.4859371337996344,
   0.4696803989867733,
   0.5008290112554074,
   0.4877329522843102,
   0.4817083285535595,
   0.47978709983224793,
   0.4928388438809503,
   0.48635234438753233
  ],
  [
   0.475231573968571,
   0.4431689082342701,
   0.5027269307728922,
   0.47421880333947986,
   0.4661564991726879,
   0.46286003329368114,
   0.486163998779751,
   0.4723102094755031
  ],
  [
   0.45678293346579935,
   0.41052316781076215,
   0.5066127308166541,
   0.4600383535900865,
   0.4451906571356115,
   0.4414757099966488,
   0.4803246927172156,
   0.45576067606786524
  ],
  [
   0.43873802588267985,
   0.36774892990032765,
   0.5097450583196601,
   0.4443271755138399,
   0.42155347034774504,
   0.4164564641165181,
   0.47556376764213076,
   0.4360640328053617
  ],
  [
   0.4230404018013341,
   0.3270155241811816,
   0.5112746258645361,
   0.42093372555831515,
   0.39841721171576944,
   0.3874910159759526,
   0.46932191049814037,
   0.4129622573939991
  ],
  [
   0.4094177138234916,
   0.2826341484537685,
   0.5097409458064995,
   0.3998105904225482,
   0.3697841620325657,
   0.3539959036468834,
   0.4701739233242584,
   0.3858135785106329
  ],
  [
   0.39983032061997537,
   0.238982743498907,
   0.5086594359996237,
   0.3781551135172079,
   0.3411129156058849,
   0.3192008705428822,
   0.46912495271565624,
   0.35597171014076223
  ],
  [
   0.3889823635571003,
   0.2019324786356842,
   0.5126941350264437,
   0.35490156069868656,
   0.3073931648125367,
   0.28694970837721967,
   0.469218005924495,
   0.32629867130874873
  ],
  [
   0.3768583206668779,
   0.16639155360377864,
   0.5148464295955983,
   0.3304095849109244,
   0.2746155079674755,
   0.25624586764614427,
   0.4643753963637725,
   0.2992278321899243
  ],
  [
   0.36641481015356,
   0.14249256719084566,
   0.5165190997368517,
   0.3106499136138276,
   0.24454454742706444,
   0.22548430830573918,
   0.46227600698643206,
   0.27466229175461826
  ],
  [
   0.3605615082794178,
   0.12300446854758336,
   0.5174388727887803,
   0.2979844770054259,
   0.2194935137741807,
   0.19996711504112843,
   0.4638990596863862,
   0.24967671048664944
  ],
  [
   0.3518037831525193,
   0.1106870844256655,
   0.517845443290142,
   0.27970535453801676,
   0.1965556003356107,
   0.18049947816871317,
   0.45889339534342777,
   0.22533587357963902
  ],
  [
   0.3422789631730443,
   0.10054741758173753,
   0.5188856566948455,
   0.26543760453205745,
   0.1774772566836079,
   0.1623939928473054,
   0.46423848402483986,
   0.2052797916859683
  ],
  [
   0.33793523382030566,
   0.09497466152162991,
   0.5214219664271488,
   0.25253207026917074,
   0.16206216169678123,
   0.14568525892725237,
   0.4667395960782295,
   0.1874154610019454
  ],
  [
   0.33537061075570684,
   0.09044289979632032,
   0.5231106046864676,
   0.2392017662460991,
   0.14615077910502336,
   0.13516666594133614,
   0.4697789738532381,
   0.17239911211244408
  ],
  [
   0.33342791811862166,
   0.08869546689595738,
   0.5247561820975618,
   0.2250976388982211,
   0.13565473043034124,
   0.12792590455464006,
   0.4729320056766504,
   0.15791224360327982
  ],
  [
   0.32857227263633904,
   0.08590750587691633,
   0.5252507394735325,
   0.21214631358997385,
   0.12484503990911917,
   0.11855676782846021,
   0.47397886814222695,
   0.14797174861937248
  ],
  [
   0.32732740190922444,
   0.08791317568142172,
   0.5254664555487464,
   0.20417448994961537,
   0.11752760401503776,
   0.11246239698104692,
   0.46843349433659687,
   0.1390655307506652
  ],
  [
   0.3244271385525641,
   0.08833573368033333,
   0.521897092024408,
   0.19380339951965322,
   0.11362176580541831,
   0.10879512320333933,
   0.4680747021125768,
   0.1298968848506005
  ],
  [
   0.32052587191706944,
   0.08709133005796622,
   0.527273509879339,
   0.1847444409817843,
   0.1103545836086583,
   0.10269121747330655,
   0.46832874613380415,
   0.12238981029008307
  ],
  [
   0.3191951349192142,
   0.0863018769784073,
   0.5267125664333693,
   0.17916288464035032,
   0.1088726060768891,
   0.10226649813862738,
   0.46770981850266313,
   0.1167548420852761
  ],
  [
   0.3177630367598188,
   0.0866115806276329,
   0.5261676253741999,
   0.17418528552224932,
   0.10779548260706269,
   0.10280628905340844,
   0.4664178171014914,
   0.11354598493158767
  ],
  [
   0.3161056104874454,
   0.08628835675145385,
   0.5296907324118284,
   0.16780556731617957,
   0.1054230788407285,
   0.10266426552926543,
   0.4677674628416892,
   0.11017254304725498
  ],
  [
   0.3161198904975316,
   0.08541716071885397,
   0.5323304520495102,
   0.1622292969285333,
   0.10123059383210149,
   0.09984373044637784,
   0.46613812124648923,
   0.10722981308394801
  ],
  [
   0.3151430975249366,
   0.08442571610481313,
   0.5325600190334386,
   0.1561891526659057,
   0.10164569511837619,
   0.09894897543656589,
   0.4676338998586227,
   0.10449614644366927
  ],
  [
   0.3134539803511694,
   0.08431069867076614,
   0.5296295912349906,
   0.15321505973939673,
   0.1022189962188045,
   0.0983887261573461,
   0.46088777258988806,
   0.10337867406153016
  ],
  [
   0.31370854275876997,
   0.0830658299444896,
   0.5278091548812717,
   0.15420843487521335,
   0.10187925918820424,
   0.09981444039735476,
   0.45211239967133987,
   0.10206079254600882
  ],
  [
   0.31388283977642945,
   0.08340622243020429,
   0.5313721277759225,
   0.14840796498981806,
   0.10212344834930746,
   0.10004831116496082,
   0.4469951932774748,
   0.10178737554247326
  ],
  [
   0.3129589952935063,
   0.0830095533313024,
   0.5338627514278845,
   0.14437289021284674,
   0.10455733021105164,
   0.10243185522206966,
   0.4444451032868571,
   0.101230252425286
  ],
  [
   0.3123873598546569,
   0.08412743492398018,
   0.5356713268723813,
   0.14250734160959777,
   0.10410022730227282,
   0.10175061449170732,
   0.44356782921174726,
   0.10110571797502645
  ],
  [
   0.31489295768016573,
   0.08438614844224802,
   0.5406955506872457,
   0.1419133439473488,
   0.10502514409534586,
   0.09999369054576984,
   0.4411840242695227,
   0.10240463895344874
  ],
  [
   0.3151740478369209,
   0.08390872736398403,
   0.5391697558291558,
   0.14301626191214015,
   0.10507209186819529,
   0.09730119299383623,
   0.4452202585274299,
   0.10282716902678117
  ],
  [
   0.3111928014435328,
   0.0852470879166478,
   0.5431754281796098,
   0.1433171094312795,
   0.10284107695001604,
   0.09834635101543321,
   0.4375156706024766,
   0.10220357153087424
  ],
  [
   0.3125495564234922,
   0.08501962793633921,
   0.5436679380964199,
   0.14076055177576763,
   0.10358178073679154,
   0.09927293821514704,
   0.4377012479332932,
   0.09981960726420795
  ],
  [
   0.3154149806726253,
   0.0866246189781772,
   0.5415381122694901,
   0.14212065055597897,
   0.10305611402051869,
   0.09835345838649194,
   0.43527974808180353,
   0.09988282543670862
  ],
  [
   0.3143961961147535,
   0.08563188102309809,
   0.5429063951961538,
   0.14016942595101134,
   0.10207474231945418,
   0.09990878051764063,
   0.4284748515134591,
   0.10028769757776952
  ],
  [
