{
 "name": "Hungersnot",
 "split": "train",
 "env": {
  "temperature": 0.5,
  "predation": 0.1,
  "foodAbundance": 0.22,
  "foodHeight": 0.1
 },
 "generations": 80,
 "traits": [
  "insulation",
  "size",
  "limbLength",
  "metabolism",
  "armor"
 ],
 "trajectory": [
  [
   0.4997268109640533,
   0.500312412102027,
   0.5000506646514865,
   0.5003685836446564,
   0.5008935668577482
  ],
  [
   0.49824444426618797,
   0.49849454951071626,
   0.4998422948000473,
   0.49858248282144424,
   0.49837513364499664
  ],
  [
   0.4914952864252576,
   0.4856218898929716,
   0.5022029796778665,
   0.4947754609449318,
   0.49030532563028745
  ],
  [
   0.48406867791736063,
   0.4658586220618029,
   0.503711834922793,
   0.491243536987826,
   0.4760358976476775
  ],
  [
   0.4722792500767013,
   0.43315081462796345,
   0.5029070882252832,
   0.48739149224672323,
   0.4534516220012486
  ],
  [
   0.45964774405082426,
   0.3891892127861318,
   0.5031587659605067,
   0.48136811566356724,
   0.4246949669198214
  ],
  [
   0.448978114123844,
   0.33994627542151384,
   0.5028228958924879,
   0.471426978331374,
   0.386206911334648
  ],
  [
   0.4384950990675593,
   0.28997683631383714,
   0.5037850085071787,
   0.4623337023589562,
   0.3460377884326394
  ],
  [
   0.4366518341280381,
   0.23942651169638499,
   0.5038816456330483,
   0.44897955034190234,
   0.3068525162176716
  ],
  [
   0.4322896854848181,
   0.19634698355305294,
   0.49949440598508055,
   0.4381900024500162,
   0.2671904224712195
  ],
  [
   0.42729169503005576,
   0.15919172003436174,
   0.4972211033231517,
   0.4234390335004652,
   0.23271242080056662
  ],
  [
   0.42506922301151934,
   0.13019698897427304,
   0.49505317491534445,
   0.41002940957819706,
   0.19716710043449825
  ],
  [
   0.423726753714297,
   0.10990852370521868,
   0.4930244958982743,
   0.3942863167893333,
   0.16815533398793173
  ],
  [
   0.42409677388509986,
   0.09701220876940059,
   0.49387612676939346,
   0.37731412825022154,
   0.14815660402596403
  ],
  [
   0.42349163697680203,
   0.08741304586709159,
   0.4962235679909241,
   0.3645172005781087,
   0.1333291384241538
  ],
  [
   0.4224562538656987,
   0.08173402582405555,
   0.500553186125371,
   0.34472233192743457,
   0.12138127378302388
  ],
  [
   0.4207485914325901,
   0.07844989059423133,
   0.5040533239732544,
   0.3339461138284668,
   0.10936782325786994
  ],
  [
   0.41957996836130446,
   0.07573345179430001,
   0.5033747891806591,
   0.31608759288846905,
   0.10002911000478965
  ],
  [
   0.42061622840101087,
   0.07315334573728163,
   0.504335115457288,
   0.29705948124924286,
   0.09152455766248435
  ],
  [
   0.4196215675448572,
   0.07180817691264692,
   0.5070661003859077,
   0.28275951472887034,
   0.08846421665505487
  ],
  [
   0.4219179895374488,
   0.07126283217608441,
   0.506964669948392,
   0.2689208754857875,
   0.08615417424128287
  ],
  [
   0.4220376300000848,
   0.07210613847828075,
   0.5082218684883485,
   0.25453395648196175,
   0.08688777182231865
  ],
  [
   0.4227489541214437,
   0.07190199472302344,
   0.5070974215932705,
   0.2443997504194333,
   0.0876303536394919
  ],
  [
   0.4239877085622605,
   0.07133055392538211,
   0.5059461443159837,
   0.23674539789671603,
   0.08526387840073901
  ],
  [
   0.42413933482664595,
   0.07256378811724107,
   0.5064213656514255,
   0.2307992956149051,
   0.08553560413192941
  ],
  [
   0.4232801269100974,
   0.0728393090632178,
   0.5091518594657338,
   0.22236886039305284,
   0.08388569311468198
  ],
  [
   0.42405960293156203,
   0.07310355410320495,
   0.5144510040675736,
   0.213665976345053,
   0.08555857129528764
  ],
  [
   0.4236636129820683,
   0.07336046480196336,
   0.5172799202305297,
   0.20861943441863015,
   0.0856785115961758
  ],
  [
   0.42226392685549,
   0.0725299357160037,
   0.5172347748359709,
   0.20411490897441487,
   0.08519090124896744
  ],
  [
   0.42358469115732134,
   0.070414043913218,
   0.5210984556386588,
   0.19438535498709233,
   0.08273937799976654
  ],
  [
   0.42321356953233263,
   0.07114756191752607,
   0.5281285936496692,
   0.189034755720044,
   0.08121572127006929
  ],
  [
   0.4230282124643603,
   0.06966624158882163,
   0.5331066090382629,
   0.18217803489602516,
   0.08286509526082368
  ],
  [
   0.426317817395466,
   0.07051591997305011,
   0.5391987556995467,
   0.17643384668202966,
   0.08548983117766808
  ],
  [
   0.42650648112311496,
   0.07098292405768071,
   0.5383013036050824,
   0.16987989947956458,
   0.08293672474507292
  ],
  [
   0.4269232950169544,
   0.07092786372457822,
   0.5377443131576801,
   0.16658409405075367,
   0.08249342341295222
  ],
  [
   0.4261765557435071,
   0.07111677627176329,
   0.5408385820843237,
   0.16330235808885116,
   0.08199412093654904
  ],
  [
   0.4249253159086173,
   0.07191422246700267,
   0.5406745708343855,
   0.16264557733513826,
   0.08230151582096602
  ],
  [
   0.42690765720771456,
   0.07168488924564664,
   0.5403087384760711,
   0.16353962304870182,
   0.08343257746102979
  ],
  [
   0.42636566876968923,
   0.07211409381050753,
   0.5368586831580778,
   0.15889210001442325,
   0.08395918731868308
  ],
  [
   0.4278251605520201,
   0.0719913647722075,
   0.5442967072378095,
   0.15546169976368404,
   0.08312303452084056
  ],
  [
   0.4250634859930724,
   0.07291473664919516,
   0.5441623013621443,
   0.153779323332314,
   0.08188766135762694
  ],
  [
   0.4243616539799599,
   0.07225269516160981,
   0.5423014441249602,
   0.15100671753924103,
   0.08269450041345132
  ],
  [
   0.4224837687340684,
   0.07305399781469261,
   0.5383944797687058,
   0.14993651168475822,
   0.08211183664849779
  ],
  [
   0.4213324044135645,
   0.0732422909272293,
   0.5388029119625635,
   0.14766576401257506,
   0.08113780878258638
  ],
  [
   0.4202795685907675,
   0.07264906060808106,
   0.542501591543949,
   0.14473653620909566,
   0.08187245220541285
  ],
  [
   0.42091129243772163,
   0.07199908952066562,
   0.5487647747719078,
   0.1438961493933505,
   0.0823492835826644
  ],
  [
   0.4193218603492537,
   0.07254976783584216,
   0.5488337548731541,
   0.14237506923756496,
   0.08394005513736551
  ],
  [
   0.4164512227154382,
   0.07177959971201439,
   0.5523587765482249,
   0.14267434585190894,
   0.08121300039654968
  ],
  [
   0.41637251416525217,
   0.07134037047499714,
   0.559289622708088,
   0.1450368123794725,
   0.0795992245826246
  ],
  [
   0.41941648385130154,
   0.07223267146068714,
   0.5618917990298204,
   0.14524831619622736,
   0.08107561533852571
  ],
  [
   0.4229636542133926,
   0.07226563072633573,
   0.5567494187544605,
   0.14440266314012468,
   0.0810134925900745
  ],
  [
   0.41944047496532527,
   0.0697134047230504,
   0.5509377301296721,
   0.1451710043698612,
   0.08098451226235291
  ],
  [
   0.4199792196217442,
   0.06925169684978973,
   0.5554305866655287,
   0.1452901588549688,
   0.08221784462752156
  ],
  [
   0.4226731362795795,
   0.06986786014221809,
   0.5611032160250954,
   0.1443102527930679,
   0.08149035099771625
  ],
  [
   0.42116657212510306,
   0.07125008131932811,
   0.5649303880884873,
   0.14400607373078847,
   0.08134779437582916
  ],
  [
   0.4216813550409089,
   0.07245046074638457,
   0.5693620442541113,
   0.1435499541306984,
   0.08126730740539952
  ],
  [
   0.422678491415494,
   0.0724162548140366,
   0.571023213587908,
   0.14202651388650692,
   0.081960042290852
  ],
  [
   0.42397211238343574,
   0.07172512478776633,
   0.5722887089659522,
   0.14255007787468768,
   0.08193975353167299
  ],
  [
   0.4233335165043603,
   0.07222269208501271,
   0.5697648936860914,
   0.14301406244625722,
   0.08246056261861825
  ],
  [
   0.4260581842137772,
   0.07263563644978711,
   0.5705063823556559,
   0.14391734147291282,
   0.08348359912951397
  ],
  [
   0.4246856168278847,
   0.07186976030504232,
   0.575896444454798,
   0.14526426337294743,
   0.08250596798047466
  ],
  [
   0.4243717110529071,
   0.07172620705658442,
   0.5786816090864638,
