{
 "name": "Hungersnot",
 "split": "train",
 "env": {
  "temperature": 0.5,
  "predation": 0.1,
  "foodAbundance": 0.22,
  "foodHeight": 0.1,
  "light": 0.35,
  "water": 0.5
 },
 "generations": 80,
 "traits": [
  "insulation",
  "size",
  "limbLength",
  "metabolism",
  "armor",
  "photosynthesis",
  "mobility",
  "structure",
  "wing"
 ],
 "trajectory": [
  [
   0.4991898287623622,
   0.4997065634827101,
   0.5001561244775644,
   0.5006984386424967,
   0.5003491935357325,
   0.5001629330209723,
   0.5002618699483379,
   0.5001433453474952,
   0.4998505652377894
  ],
  [
   0.5001878394142042,
   0.49923960709135895,
   0.49956901181947627,
   0.4991598776537934,
   0.5006726881145153,
   0.4995634021557711,
   0.4999525744567063,
   0.5003171436148066,
   0.4985891465582341
  ],
  [
   0.4991504555419061,
   0.498880349141331,
   0.4992669249556119,
   0.4973639625444702,
   0.49930273303831935,
   0.5002003720013987,
   0.4964254157134018,
   0.49946246479751566,
   0.4975110670970479
  ],
  [
   0.49667215266434783,
   0.4953157849787448,
   0.4996204853805317,
   0.4922131587200706,
   0.49486327921374357,
   0.4962478053354866,
   0.49240934460366087,
   0.498118045452711,
   0.4950536928181876
  ],
  [
   0.49315109711797667,
   0.48961152882233655,
   0.4998720327723331,
   0.48268095901779157,
   0.48981250511666247,
   0.49147677907059256,
   0.48375821407949005,
   0.49499856279415005,
   0.49040829541309167
  ],
  [
   0.4888019208107832,
   0.4818544956848727,
   0.4983837007431125,
   0.47535889435398104,
   0.48325113158348376,
   0.4841239274521117,
   0.4749625971795391,
   0.4921711897952961,
   0.48572944893235165
  ],
  [
   0.4835855116166358,
   0.4736619633273793,
   0.5005629876177743,
   0.4680027118129466,
   0.47481130154498435,
   0.4768068390778035,
   0.46457262753040235,
   0.49015442760826433,
   0.4795095975467441
  ],
  [
   0.47872137101635454,
   0.46340351871819724,
   0.5016362826893784,
   0.45241852214973527,
   0.45970611463865824,
   0.46615184992134856,
   0.4529238642864668,
   0.48362098603305625,
   0.47202502892492526
  ],
  [
   0.47264041452591044,
   0.4542196826594283,
   0.503172696714505,
   0.43843803875192816,
   0.44353369297431505,
   0.44903741106592227,
   0.4385586254752742,
   0.4751938816338601,
   0.465690273281749
  ],
  [
   0.46738466821834046,
   0.43788449615114633,
   0.5049313216444167,
   0.42227159786413976,
   0.42359415455105726,
   0.4279103687682519,
   0.41785335972043464,
   0.46845331532377,
   0.45141623363501765
  ],
  [
   0.4632238315104638,
   0.4182047500970852,
   0.5062110232210338,
   0.40548042465260375,
   0.40111569291611665,
   0.40901199183858705,
   0.3956219763663849,
   0.456727586373808,
   0.4321106648166057
  ],
  [
   0.46350592636873317,
   0.39483001102041,
   0.5075791368349613,
   0.38492282639936143,
   0.3752617119633694,
   0.38238648964589766,
   0.3690908892310562,
   0.4450584666144488,
   0.41594597252978033
  ],
  [
   0.4589962645382122,
   0.36679534975732553,
   0.5107082754942794,
   0.3619578652422546,
   0.34967156224051904,
   0.3551656795225501,
   0.33929340993384,
   0.42901278003509086,
   0.3965168136109333
  ],
  [
   0.4530947976371253,
   0.3325990065455447,
   0.514818112436623,
   0.34024153834042775,
   0.31771192728564907,
   0.3284900726345329,
   0.3137298444262882,
   0.4135634231789536,
   0.3723104949721779
  ],
  [
   0.4459606725642889,
   0.3003018109050814,
   0.5130788542444283,
   0.3167845706296462,
   0.2897676242997224,
   0.29872759964242224,
   0.2877526912689014,
   0.3892890283431239,
   0.3468435119138055
  ],
  [
   0.4401515963752247,
   0.27166091348030746,
   0.5116384087236342,
   0.29054053784035055,
   0.26012170902357684,
   0.26885428730278643,
   0.25870748920097525,
   0.36531920940660906,
   0.3192824011411431
  ],
  [
   0.43393878630377475,
   0.24178433951434578,
   0.5120883244940293,
   0.2705257173984692,
   0.2298482925341719,
   0.24082807192234637,
   0.23306732016520695,
   0.3399742318656854,
   0.29310881098432445
  ],
  [
   0.42480571118115923,
   0.21472194367808703,
   0.5116558313007189,
   0.2533855155475985,
   0.2071996197961007,
   0.21537786649044702,
   0.20932017060926567,
   0.3181658083108783,
   0.26519965392717243
  ],
  [
   0.41745815005337167,
   0.19228754218650967,
   0.5154786708428891,
   0.23562136461883207,
   0.18516002710447058,
   0.19703003550812748,
   0.19036070360059557,
   0.2973401622392014,
   0.2375367195952833
  ],
  [
   0.4136095747212041,
   0.17013206467948216,
   0.5137606374631162,
   0.2209825567321526,
   0.16806680596646129,
   0.18037638156191527,
   0.17514875328719157,
   0.27626892002845604,
   0.21707964141815708
  ],
  [
   0.40658662146503927,
   0.15149339710822593,
   0.5156179966214782,
   0.20811778957529659,
   0.1515147818899312,
   0.1644005982949374,
   0.16360648357496801,
   0.2534363695895736,
   0.19836327159221687
  ],
  [
   0.4009540637304146,
   0.13866827092235245,
   0.5196370438062599,
   0.19700902756842056,
   0.14048514947069068,
   0.1480507610013676,
   0.15326981560652334,
   0.23537635013261063,
   0.1824158750753996
  ],
  [
   0.3953716792479092,
   0.126667173240726,
   0.5161234124637774,
   0.1871467982017967,
   0.1283560624087807,
   0.13655306647531865,
   0.14250759232257482,
   0.21817260022154772,
   0.16724584524971056
  ],
  [
   0.3895709838336578,
   0.11927801748432781,
   0.5177627936844903,
   0.1812759299696034,
   0.1227823839275598,
   0.12876400553665002,
   0.1366319150093321,
   0.19591204495845474,
   0.15651666712497037
  ],
  [
   0.38248137592048437,
   0.11402600127965545,
   0.5198839534926506,
   0.17567102956183453,
   0.1169051040604468,
   0.12170203265808836,
   0.12925153866272404,
   0.18408418675006102,
   0.14650910665062197
  ],
  [
   0.3788148847809744,
   0.10906263384312143,
   0.523436015284218,
   0.17184438239740762,
   0.11292285962875319,
   0.11507595101990044,
   0.12720516024787967,
   0.17184158367573685,
   0.13890755076684289
  ],
  [
   0.37353051350109734,
   0.10579965453600866,
   0.520842654991514,
   0.16510049952573266,
   0.11269050403899498,
   0.11280091842552575,
   0.12671795685604328,
   0.16143678299027472,
   0.13302392624041035
  ],
  [
   0.3726411975308,
   0.10538812938025056,
   0.5220996164212031,
   0.16102869750310475,
   0.10996296097731029,
   0.10955697071876307,
   0.12290797876841153,
   0.14939489845052256,
   0.12804859260524531
  ],
  [
   0.37187442763716044,
   0.1020957571004143,
   0.5212602347779214,
   0.15589209399656576,
   0.10691942323278238,
   0.10801676971257522,
   0.12002193928675335,
   0.14193349097437014,
   0.12338925261756377
  ],
  [
   0.3690067253620375,
   0.10036963440599878,
   0.5236042151789976,
   0.1515213034368707,
   0.10667736837892494,
   0.10530204234319025,
   0.11875597246221743,
   0.13327099859726074,
   0.11736950463161618
  ],
  [
   0.3685379792769305,
   0.09758692753693458,
   0.5213795059463691,
   0.14797345945290466,
   0.1043782183787577,
   0.10373461456322057,
   0.1141118852803088,
   0.12966847896021325,
   0.11548297244476036
  ],
  [
   0.36715558372602436,
   0.09875793470875714,
   0.5189665927587962,
   0.14315604522656375,
   0.10311767869901589,
   0.10188700985265065,
   0.11255356853083943,
   0.12460206579710341,
   0.11627777576625027
  ],
  [
   0.36296163928074776,
   0.0987021668786109,
   0.5202217504696741,
   0.1389876402286363,
   0.10114684981166183,
   0.1017373094314042,
   0.11283464788357563,
   0.1201915965672682,
   0.11421338387762466
  ],
  [
   0.3644159352016163,
   0.09738101272574867,
   0.5189712051856468,
   0.13790166122954747,
   0.09946996290840077,
   0.09994767551652502,
   0.10955997312662911,
   0.12106179601322402,
   0.11393154810481561
  ],
  [
   0.36484396766002297,
   0.09601830458407141,
   0.5206813398335877,
   0.13539178573279037,
   0.10128071778741943,
   0.1022949055211605,
   0.10946659828427524,
