{
 "name": "Hungersnot",
 "split": "train",
 "env": {
  "temperature": 0.5,
  "predation": 0.1,
  "foodAbundance": 0.22,
  "foodHeight": 0.1,
  "light": 0.35,
  "water": 0.5
 },
 "generations": 80,
 "traits": [
  "insulation",
  "size",
  "limbLength",
  "metabolism",
  "armor",
  "photosynthesis",
  "mobility",
  "structure"
 ],
 "trajectory": [
  [
   0.5003555857558147,
   0.4998556680717013,
   0.5006348919869128,
   0.5002495530544128,
   0.49980677103561183,
   0.4997878594967075,
   0.5001344176920638,
   0.4997591527196754
  ],
  [
   0.5005897482867069,
   0.49953086475845393,
   0.5010605668807868,
   0.5001035262087383,
   0.4984971242810921,
   0.49866851855150146,
   0.4989206193799052,
   0.49945059516920504
  ],
  [
   0.49848790136842663,
   0.4974898611381406,
   0.5004319409585364,
   0.49919889024093306,
   0.4956542518135312,
   0.49695636530112636,
   0.4966862930664675,
   0.5003105221973216
  ],
  [
   0.49743033767322326,
   0.4972332546010488,
   0.500434776219847,
   0.4944692187038029,
   0.4906795799014669,
   0.4934547936661453,
   0.48872600882895684,
   0.4990526787586184
  ],
  [
   0.4947265960319436,
   0.49053338696579957,
   0.5002690573792826,
   0.48704471854894993,
   0.48423182691461203,
   0.4878675324711359,
   0.4803633054868531,
   0.4934718326380803
  ],
  [
   0.48956387473596275,
   0.48231894140518655,
   0.5007408244717116,
   0.47624615199022263,
   0.4750707381008877,
   0.47921481288873075,
   0.46872860442222475,
   0.4885897656442128
  ],
  [
   0.48466068857846634,
   0.4709291376846984,
   0.5003044265967772,
   0.4597221914883017,
   0.4620322122382394,
   0.46718366439433096,
   0.4549729778754505,
   0.48322536292068413
  ],
  [
   0.47898949266259994,
   0.45636170638720125,
   0.5015148234417225,
   0.44651848171973896,
   0.44617931053880305,
   0.45014449281795127,
   0.4355980481643436,
   0.4724558441437663
  ],
  [
   0.4728082910593833,
   0.4399859227969747,
   0.5033135955320807,
   0.43061111564498195,
   0.4270616689227756,
   0.428727200782623,
   0.4117616323370255,
   0.4583337187845303
  ],
  [
   0.46411866053703893,
   0.4200631927497125,
   0.5072438460619393,
   0.4087000876884455,
   0.4072048494009927,
   0.40629731410209063,
   0.38767806674588706,
   0.4458772191659241
  ],
  [
   0.45697336779872727,
   0.3964957814601882,
   0.506358053430057,
   0.3866512343838598,
   0.3812474453005172,
   0.38127113592520406,
   0.3582158511150613,
   0.42876357495734635
  ],
  [
   0.4461245763285628,
   0.3631726645338893,
   0.5095143198264956,
   0.3606362612949827,
   0.34873149795819663,
   0.35308181641356073,
   0.32738851127699703,
   0.41074583287726885
  ],
  [
   0.4404405391870596,
   0.32844720719685255,
   0.5115846108558038,
   0.33756894590654096,
   0.3141743259657949,
   0.31853556299313385,
   0.29152980933760936,
   0.39072392665783867
  ],
  [
   0.4312206971998227,
   0.29714742056925664,
   0.5175347553841948,
   0.31533760898851476,
   0.2836958907794668,
   0.28247340895895695,
   0.25900038953298415,
   0.36589281907988935
  ],
  [
   0.4204425273666235,
   0.2663406033124181,
   0.5143894305095303,
   0.2909933866809478,
   0.25365055593233304,
   0.25720366931125577,
   0.2322769804445202,
   0.34232798354969773
  ],
  [
   0.410442046515723,
   0.2336904813086543,
   0.5171887658962705,
   0.26904263302208775,
   0.2252716177672153,
   0.22679783940508935,
   0.20652888577434658,
   0.31625732734022394
  ],
  [
   0.40478793970125126,
   0.20149025320955524,
   0.5195267785434236,
   0.2510366997211836,
   0.20388313029062166,
   0.20440239251502382,
   0.18681203500272295,
   0.293123819742987
  ],
  [
   0.40048939304851855,
   0.17983751491109176,
   0.5243856741949201,
   0.2337947086927489,
   0.1792450674585979,
   0.18520635655263565,
   0.1688507146696635,
   0.26771273267921863
  ],
  [
   0.3944931055161971,
   0.15984485103537696,
   0.5266108633556704,
   0.219885842527038,
   0.16366630679654628,
   0.1694793665095761,
   0.15709017570053602,
   0.24500365680542535
  ],
  [
   0.386486698378152,
   0.1438736821359472,
   0.5234420368526759,
   0.20880161210430825,
   0.15077233535837029,
   0.15770710322007678,
   0.1483340493903417,
   0.22722291858474827
  ],
  [
   0.38566687808230765,
   0.12820934367479836,
   0.5194616249529657,
   0.19518453394186644,
   0.13855291379618986,
   0.14583892034599374,
   0.1410656043746474,
   0.21239257165591582
  ],
  [
   0.3812599707645097,
   0.12045480013399645,
   0.5260764322502631,
   0.18503268918292978,
   0.1317896737996781,
   0.1358014687653051,
   0.13111731840516133,
   0.1969655430172862
  ],
  [
   0.38063114947778226,
   0.11537533223870212,
   0.5314102096714102,
   0.17722784232294828,
   0.12857072737411793,
   0.12751572977048342,
   0.1267534094914027,
   0.17984933923206461
  ],
  [
   0.379230862919744,
   0.11198914798244876,
   0.5252876559443826,
   0.17134227603457353,
   0.12281085880832471,
   0.12280506644997086,
   0.1253371517366271,
   0.16804227230975932
  ],
  [
   0.3687713034725568,
   0.10822794208128693,
   0.525502681560098,
   0.16649296280453152,
   0.11583273527200456,
   0.1172414740047259,
   0.12139985077505383,
   0.15901419064979402
  ],
  [
   0.36571800437681984,
   0.1043247590570332,
   0.525364567239111,
   0.16349511042898415,
   0.11273096892212468,
   0.11206799314294913,
   0.12007881489652265,
   0.14983068548895745
  ],
  [
   0.36451813262318516,
   0.1023085104140376,
   0.5306297294878873,
   0.15725700136011125,
   0.11153359732223926,
   0.11065459720371999,
   0.11613335375380289,
   0.14643436076560604
  ],
  [
   0.36494710092809896,
   0.09948659948552242,
   0.5295939680923091,
   0.1550658490831611,
   0.1075963169499981,
   0.10755616134764795,
   0.11520163577844571,
   0.14392804618179592
  ],
  [
   0.36509951974454324,
   0.09819751698007478,
   0.5266431612140304,
   0.1526426012866345,
   0.10717433086706331,
   0.10621442252113768,
   0.11575435175835558,
   0.13780308451817946
  ],
  [
   0.3611428319044457,
   0.09965572445001673,
   0.5301650936109945,
   0.1532417321112978,
   0.106061829787343,
   0.10558760758987439,
   0.11387817088867182,
   0.13571584701818942
  ],
  [
   0.36180412643159304,
   0.09873816524676644,
   0.5258961888132622,
   0.1510665628871333,
   0.10358904017392982,
   0.10598233280214787,
   0.11112080653550627,
   0.13430458815572696
  ],
  [
   0.3610019569706952,
   0.0977478902644102,
   0.5172103492156429,
   0.1453635704945501,
   0.1042339590095059,
   0.10589646178835595,
   0.1106102325511366,
   0.1307480610271665
  ],
  [
   0.3596190659806089,
   0.09898557855322533,
   0.5162047454621016,
   0.14346961351245066,
   0.10578044947110264,
   0.10482348650467449,
   0.10739479492997872,
   0.12825158727620964
  ],
  [
   0.36081122448748976,
   0.09797133469293673,
   0.5181122161328693,
   0.14308599425743926,
   0.10447153119019831,
   0.10354538244969179,
   0.1089163217124226,
   0.12852981666156457
  ],
  [
   0.3611691263928069,
   0.0980917490955388,
   0.5121076196778104,
   0.14337494890053992,
   0.10361414917515815,
   0.10087060964349669,
   0.10820268985659931,
   0.12573216831692471
  ],
  [
   0.36032199327621267,
   0.09678158000393948,
   0.5144667820433587,
   0.14316993413040024,
   0.1029879101438495,
   0.09887676721045534,
   0.11041329588828253,
   0.1230723305824719
  ],
  [
   0.3608598463161415,
   0.09665124716206797,
   0.515314810815669,
   0.14086363627135015,
   0.10287977116721446,
   0.09965665312647524,
   0.11046970456296308,
   0.12313978951184011
  ],
  [
   0.3571384339580113,
   0.09707695155010311,
   0.5184729969834666,
   0.14103968376428774,
   0.1028208555787472,
   0.09990241251584032,
   0.10823893935159966,
   0.12403107506504824
  ],
  [
   0.35809480531595717,
   0.09801994831269117,
   0.5192320725523568,
   0.14185253045443932,
   0.1035131337587933,
   0.10093211218152344,
   0.10576195236344126,
   0.12115171357839716
  ],
  [
