{
 "name": "Kaltes Raeuberland",
 "split": "test",
 "env": {
  "temperature": 0.1,
  "predation": 0.85,
  "foodAbundance": 0.75,
  "foodHeight": 0.15
 },
 "generations": 80,
 "traits": [
  "insulation",
  "size",
  "limbLength",
  "metabolism",
  "armor"
 ],
 "trajectory": [
  [
   0.4996433834143544,
   0.4991594094359171,
   0.5000550608007928,
   0.5000850530552066,
   0.5014633631818153
  ],
  [
   0.5033602241889024,
   0.49741323178966823,
   0.5005340026545362,
   0.4997194346183173,
   0.5011912127312689
  ],
  [
   0.5168458577977283,
   0.49477044208434595,
   0.4990249718340584,
   0.5047838084041041,
   0.5034110026922235
  ],
  [
   0.5353963756816964,
   0.49500007298008125,
   0.4979464351380097,
   0.5150258461559848,
   0.5140937159109301
  ],
  [
   0.5618595501348486,
   0.5012093804397317,
   0.4965149678627902,
   0.5354400566458959,
   0.5278740450417648
  ],
  [
   0.5918522725472269,
   0.501726774840349,
   0.49455003405958403,
   0.5537076127142017,
   0.5459977702885767
  ],
  [
   0.6307189721769312,
   0.5009649087932786,
   0.4899858912319787,
   0.5853683376316331,
   0.5597048671191581
  ],
  [
   0.6666514351606988,
   0.5012213372447215,
   0.5015913831309846,
   0.6186974277428374,
   0.5871430373085466
  ],
  [
   0.7009924793720274,
   0.5049476342350229,
   0.49928116974019887,
   0.6517641923698373,
   0.6104758039243537
  ],
  [
   0.7313834030463258,
   0.5047996214797915,
   0.49401756713003864,
   0.6895829955412008,
   0.6332080600833841
  ],
  [
   0.7591183417808033,
   0.5017064724790745,
   0.49311278727155944,
   0.7270607492534733,
   0.656438667334719
  ],
  [
   0.776157178861029,
   0.5032318197347266,
   0.4839863859438296,
   0.7588685322568586,
   0.6825495568419626
  ],
  [
   0.8003729417604527,
   0.5071622291596397,
   0.48314051250986617,
   0.7878349820742985,
   0.7086992146954261
  ],
  [
   0.8167555465466343,
   0.5096339318677883,
   0.482325973448032,
   0.8135159986389295,
   0.7316128892319579
  ],
  [
   0.8291757467754223,
   0.5065609412699185,
   0.48325349556634567,
   0.83185673057829,
   0.7476793248141416
  ],
  [
   0.8362712516581788,
   0.509574672383928,
   0.48894454518863295,
   0.849259797028715,
   0.7671336442479886
  ],
  [
   0.8422492471376849,
   0.5074500399059738,
   0.4814130952824471,
   0.8646413082301293,
   0.7896712777233761
  ],
  [
   0.8479742329299129,
   0.510436283370109,
   0.493662076148929,
   0.8788325245965449,
   0.8102174438871107
  ],
  [
   0.8536926872519435,
   0.5097271546493891,
   0.5010944554294221,
   0.8931834068753582,
   0.8247056828159539
  ],
  [
   0.8561306118915643,
   0.513646140680205,
   0.5032418537310043,
   0.8961925631130621,
   0.8319639483868008
  ],
  [
   0.8645875076966051,
   0.5074995616254586,
   0.5046927429793812,
   0.9031926238372477,
   0.8416195732509064
  ],
  [
   0.8608295690027679,
   0.5131982185667588,
   0.5002561585154489,
   0.9061279981099314,
   0.8550226148726047
  ],
  [
   0.8612871970433345,
   0.5163005777438311,
   0.49733563539934483,
   0.9063355533735824,
   0.8609922540611049
  ],
  [
   0.8642010468180498,
   0.5137255684227686,
   0.5010400856468897,
   0.9080749214398102,
   0.8670132986671649
  ],
  [
   0.8657227045787949,
   0.5208713000324833,
   0.5010776149690036,
   0.9119896900468661,
   0.8747866259192726
  ],
  [
   0.8664272525586315,
   0.5219133403414987,
   0.5014321057590646,
   0.9128715428641764,
   0.8794644989054959
  ],
  [
   0.8675771677132934,
   0.5183029467607195,
   0.49868337596102186,
   0.9137181889337262,
   0.8848865655129065
  ],
  [
   0.8707605056754059,
   0.5227933604802082,
   0.505958294815482,
   0.9124839671166775,
   0.8931739623230581
  ],
  [
   0.8716207158833514,
   0.5156684617699676,
   0.5107721947987013,
   0.9136313711533864,
   0.8923725368950738
  ],
  [
   0.8721449009951918,
   0.5151998606686544,
   0.49818819863568214,
   0.9138673056114875,
   0.8917501770707129
  ],
  [
   0.8681089782209614,
   0.519182938891408,
   0.4936281117078658,
   0.9096333430239115,
   0.8867448498469376
  ],
  [
   0.8678282739308748,
   0.5141867491813368,
   0.4998791461522935,
   0.9107055884485232,
   0.887453159937587
  ],
  [
   0.8721838364445662,
   0.504015584190059,
   0.5071100150171923,
   0.9142084157893057,
   0.8857319873061903
  ],
  [
   0.873141709722893,
   0.508216820810463,
   0.5010377524246318,
   0.9160121510278573,
   0.8869635362467854
  ],
  [
   0.8680671148893447,
   0.5117007627520471,
   0.5091726393025525,
   0.9150229855177159,
   0.8819623137663858
  ],
  [
   0.8648951708753175,
   0.5129042753686783,
   0.5147431683130782,
   0.918793280388348,
   0.8809100983818495
  ],
  [
   0.8645572516873822,
   0.5059433057710215,
   0.517022857652696,
   0.9187721706230173,
   0.8813303515520036
  ],
  [
   0.8709810393620859,
   0.5025732865570436,
   0.5270929093414868,
   0.9208682297450133,
   0.8824143068582503
  ],
  [
   0.8736573584292922,
   0.5075073133358099,
   0.5240153824217142,
   0.9174767612948639,
   0.8847287891808743
  ],
  [
   0.872949680988896,
   0.5037405616818045,
   0.5113370280698809,
   0.9132585278677517,
   0.8866784287589639
  ],
  [
   0.867581912308423,
   0.5029866654423448,
   0.5092279771816991,
   0.9077334722725287,
   0.8903786721831444
  ],
  [
   0.8648133776868726,
   0.4985599303004316,
   0.5025204781641611,
   0.9091136384363271,
   0.8881473763472947
  ],
  [
   0.8662153683353214,
   0.49782026859772327,
   0.511576725562755,
   0.914564996624359,
   0.8880020996460227
  ],
  [
   0.8657012800423861,
   0.5024467078638982,
   0.5145294273441955,
   0.9166677350292667,
   0.8889963882831663
  ],
  [
   0.8659194423041429,
   0.4949543585123875,
   0.5264467104448758,
   0.9166634910455439,
   0.8869436021623244
  ],
  [
   0.865763922389677,
   0.4937818719702278,
   0.5178241506675932,
   0.9150118889169977,
   0.8841801384680016
  ],
  [
   0.8657044029826292,
   0.4936179319266594,
   0.517572306621178,
   0.9183634118941777,
   0.8836107919071449
  ],
  [
   0.8631422422817606,
   0.5021820946723913,
   0.5213266797884959,
   0.9189487267920736,
   0.8834257557099212
  ],
  [
   0.8680824325044675,
   0.503169842356649,
   0.5294551903422258,
   0.9183855869312662,
   0.8806194062075746
  ],
  [
   0.8682064312928578,
   0.49969829545741495,
   0.5228211449211667,
   0.9227466017923618,
   0.8830545249569282
  ],
  [
   0.8708303502903134,
   0.5008721842121996,
   0.5237728381516155,
   0.9238426907580876,
   0.8884102988010243
  ],
  [
   0.867954151795998,
   0.4946777221899474,
   0.522923214125032,
   0.9196803237732533,
   0.8850134844698507
  ],
  [
   0.8686022448260943,
   0.49454903103747655,
   0.5257409849483498,
   0.9190619457486274,
   0.8856869408081237
  ],
  [
   0.8668719440669624,
   0.4926089476820714,
   0.5270519208074197,
   0.9165486134894315,
   0.8907163160967996
  ],
  [
   0.8663897440875922,
   0.4988301180454992,
   0.5269993075873768,
   0.9143723373574377,
   0.8915160192658479
  ],
  [
   0.8639104540162474,
   0.4887176001535984,
   0.5165963873365916,
   0.914164458506391,
   0.8926767701358354
  ],
  [
   0.865762635493223,
   0.48474359588985205,
   0.516352198575855,
   0.9140368085295606,
   0.8929083222040188
  ],
  [
   0.8635267804752303,
   0.4945403769970161,
   0.5213470750732477,
   0.9130853305572955,
   0.8916291547695413
  ],
  [
   0.8650363710318953,
   0.49603921959946096,
   0.5255034211797286,
   0.9177683307124558,
   0.8923378492424968
  ],
  [
   0.8689171953261803,
   0.497052703259467,
   0.5094862593285399,
   0.9149823729084631,
   0.894390931709002
  ],
  [
   0.8728812279136028,
   0.49347936407156484,
   0.5099028182887761,
   0.9161085929851649,
   0.8905709589701414
  ],
  [
   0.8727375052868939,
   0.4955072410059169,
   0.5205272902637655,
   0.9161258364899082,
   0.8919476228975306
  ],
  [
   0.8733496900793319,
   0.4975309980006708,
   0.5187170808961419,
   0.9174377837213555,
