{
 "name": "Kaltes Raeuberland",
 "split": "test",
 "env": {
  "temperature": 0.1,
  "predation": 0.85,
  "foodAbundance": 0.75,
  "foodHeight": 0.15,
  "light": 0.35,
  "water": 0.5
 },
 "generations": 80,
 "traits": [
  "insulation",
  "size",
  "limbLength",
  "metabolism",
  "armor",
  "photosynthesis",
  "mobility",
  "structure"
 ],
 "trajectory": [
  [
   0.5003555857558147,
   0.4998556680717013,
   0.5006348919869128,
   0.5002495530544128,
   0.49980677103561183,
   0.4997878594967075,
   0.5001344176920638,
   0.4997591527196754
  ],
  [
   0.501160878139384,
   0.49763193280913626,
   0.5010890377302117,
   0.5013605113214438,
   0.498365421713618,
   0.4958903361835365,
   0.5020205636881178,
   0.4995133555805635
  ],
  [
   0.5067423431973924,
   0.49089485715629183,
   0.5013300031972053,
   0.5035821125894772,
   0.5001431956092298,
   0.48044163066201473,
   0.5169044666509158,
   0.4999512632160843
  ],
  [
   0.5140688623243075,
   0.47931253788331896,
   0.5014282628322336,
   0.5094886894917444,
   0.49834835770381924,
   0.4545982237732323,
   0.5433333084120731,
   0.4989804272466866
  ],
  [
   0.5227247773449012,
   0.46343125728660056,
   0.5019675677478406,
   0.5209211807576579,
   0.49703933133842365,
   0.41677728669020286,
   0.582272814096039,
   0.49772443623017565
  ],
  [
   0.5335835147999577,
   0.44968048579921627,
   0.5030917706925951,
   0.5361587224921801,
   0.4961054495613209,
   0.3673136848634593,
   0.6344920598493208,
   0.49556253468452355
  ],
  [
   0.546910970317216,
   0.43656022097748476,
   0.5035804720962317,
   0.5563284478847978,
   0.4944380750837738,
   0.31077029410851303,
   0.6979220816148467,
   0.4957345878716172
  ],
  [
   0.5625234971709145,
   0.42800751018433963,
   0.5037094104440062,
   0.5827043057547493,
   0.49580950141926,
   0.25225358569102657,
   0.7579562616775409,
   0.4961519472616576
  ],
  [
   0.5847979008465138,
   0.42039199513551345,
   0.50275662164036,
   0.611883871328036,
   0.5015195420208115,
   0.2020558057733555,
   0.8120281395162497,
   0.4940601235486686
  ],
  [
   0.6061592598056958,
   0.4095640826312208,
   0.5012523758969714,
   0.6453900362855134,
   0.5103870860957118,
   0.16078475488936442,
   0.8560757256493631,
   0.49595852064776275
  ],
  [
   0.6274878280768077,
   0.4002968492119567,
   0.4990552176342152,
   0.6782707689240189,
   0.5258608606035925,
   0.1331970112137977,
   0.8866756317832108,
   0.5046527810866736
  ],
  [
   0.6460524779539744,
   0.3977130474320956,
   0.49775738371783823,
   0.7076313530198027,
   0.5368065677331023,
   0.11197775565263667,
   0.9027876180850848,
   0.5163243848964367
  ],
  [
   0.6635423056339517,
   0.3947482210943744,
   0.5003746700453292,
   0.7339430044264531,
   0.5502654272491326,
   0.09794793288009691,
   0.9143339254218837,
   0.5265303826632801
  ],
  [
   0.678298843616424,
   0.3876437109297604,
   0.5043664160212605,
   0.7611006907827624,
   0.5671526806099015,
   0.08855969633106793,
   0.921884142970112,
   0.5353842511980876
  ],
  [
   0.6952666399813823,
   0.3890640384017345,
   0.5067189660438619,
   0.786247622075061,
   0.5847066866223875,
   0.08422993825160167,
   0.9248223829806496,
   0.5427258742315776
  ],
  [
   0.7094322114644508,
   0.38880856046130613,
   0.5070784370228465,
   0.8069606083507227,
   0.5994537573561636,
   0.07848036628082297,
   0.9279592563656833,
   0.5557010965852485
  ],
  [
   0.7257454789565134,
   0.3860308015295692,
   0.5096335014268503,
   0.8257995524187375,
   0.6147471043150136,
   0.0760553511939906,
   0.9283576582806532,
   0.5665531699400624
  ],
  [
   0.741302064686078,
   0.38236564561250486,
   0.5094671184444458,
   0.8422926497326765,
   0.6256262504829394,
   0.07566796201857896,
   0.9310751067132673,
   0.5768987267069366
  ],
  [
   0.7516964730993413,
   0.3800459896769783,
   0.5098920910336271,
   0.8543281727093635,
   0.6378319703394708,
   0.07398176786154477,
   0.9321005233976885,
   0.5882543659457634
  ],
  [
   0.7608915346930475,
   0.37374286290414976,
   0.5087656220527322,
   0.8627830731084614,
   0.6498483316345748,
   0.0737503241571772,
   0.9310527188046658,
   0.5941222058803742
  ],
  [
   0.7686911879392678,
   0.3670696973704343,
   0.5091601815870924,
   0.8707130141365448,
   0.6655603963221953,
   0.07279981564088127,
   0.9298356322726328,
   0.6023576346573688
  ],
  [
   0.7741810390958314,
   0.3633247267976632,
   0.5139541857813904,
   0.878949685036983,
   0.673171983193643,
   0.07358665757425868,
   0.9307169794250819,
   0.6138678388397973
  ],
  [
   0.7802239031104854,
   0.35600905244528164,
   0.5192518933541292,
   0.8841947775261286,
   0.6885620181740166,
   0.07185441811728259,
   0.9314026040095774,
   0.617833001420719
  ],
  [
   0.7854250245613627,
   0.3499852047976522,
   0.5181648448170195,
   0.889977231107799,
   0.6986696849542865,
   0.07315365227444966,
   0.9311289023149522,
   0.6199048508094552
  ],
  [
   0.7892214137332253,
   0.3410330126466294,
   0.5192163321145985,
   0.890315354202636,
   0.7066124321619797,
   0.07252450685181543,
   0.9307019942542817,
   0.6249529359394641
  ],
  [
   0.7946307561667015,
   0.3335955990260429,
   0.5162969081495755,
   0.8933008257219419,
   0.7146853325416656,
   0.07150448816138895,
   0.9308582458184337,
   0.6296351400546182
  ],
  [
   0.801260596117977,
   0.3236353050932994,
   0.5211656692449042,
   0.8955841722884199,
   0.7212873076473416,
   0.07291605177601443,
   0.9297747005827581,
   0.6334338101847053
  ],
  [
   0.8023286148590829,
   0.31632236346090087,
   0.5209876493227931,
   0.8957587166367125,
   0.7265653960267904,
   0.07202032017262383,
   0.9290783207771071,
   0.6341888111870313
  ],
  [
   0.8059888151985052,
   0.31452092696962886,
   0.5271315420766213,
   0.8956858085376281,
   0.7319549086895938,
   0.0724836564828306,
   0.9295077259927015,
   0.6364745522609653
  ],
  [
   0.8071438936788756,
   0.3122354034032751,
   0.5299858043504219,
   0.89994549063844,
   0.7373124301835228,
   0.07277800837283417,
   0.9282406486019769,
   0.6433114338490169
  ],
  [
   0.8105692948094342,
   0.3093367807650253,
   0.538904010138707,
   0.9009210717493582,
   0.7403347399646673,
   0.07298774788676887,
   0.9291227803056051,
   0.6502361574493831
  ],
  [
   0.808981652449726,
   0.2991352320721257,
   0.5427239491408741,
   0.899982168028965,
   0.745688514473258,
   0.07215200921364025,
   0.9296637597141938,
   0.6474294454156712
  ],
  [
   0.8111165624211853,
   0.2939978261570821,
   0.5445179232548526,
   0.9003676843849306,
   0.7489583633068081,
   0.0718915138535222,
   0.9300586960412387,
   0.6477799349036008
  ],
  [
   0.8151175975624846,
   0.28155919254208,
   0.5463072884702428,
   0.9004873054522058,
   0.7529266710456691,
   0.07061124526104955,
   0.9285706749229998,
   0.6461586378884258
  ],
  [
   0.8181433439192024,
   0.27475476501279666,
   0.5431724650847127,
   0.9014102090751157,
   0.760074864026841,
   0.07068552797921433,
   0.9288496417739035,
   0.6499110569346775
  ],
  [
   0.8191190599753807,
   0.2720941048677004,
   0.5407601412844031,
   0.9024093963007602,
   0.7662407021542612,
   0.07132956446291204,
   0.928959101267036,
   0.6510230758324725
  ],
  [
   0.8196976521280099,
   0.2687684151847463,
   0.537924222101057,
   0.9024770848772293,
   0.7723222436106715,
   0.0724833249083527,
   0.9291251875861416,
   0.6508270287632325
  ],
  [
   0.8219318287901282,
   0.26240719342513685,
   0.5408098755741312,
   0.9011554903473469,
   0.7753579005608325,
   0.07220207581208972,
   0.9288666210518725,
   0.6512901456980663
  ],
  [
   0.8248077406432861,
   0.26269680234632303,
   0.5369588870962241,
   0.9043214974029574,
   0.7811143221647966,
   0.07251233075060869,
   0.9288740592232698,
   0.6515126320704869
  ],
  [
   0.8228733533785341,
   0.25999726158669373,
   0.5420127049435127,
   0.9039284999868161,
   0.7821951378911772,
