{
 "name": "Kaltes Raeuberland",
 "split": "test",
 "env": {
  "temperature": 0.1,
  "predation": 0.85,
  "foodAbundance": 0.75,
  "foodHeight": 0.15,
  "light": 0.35,
  "water": 0.5
 },
 "generations": 80,
 "traits": [
  "insulation",
  "size",
  "limbLength",
  "metabolism",
  "armor",
  "photosynthesis",
  "mobility",
  "structure"
 ],
 "trajectory": [
  [
   0.5003555857558147,
   0.4998556680717013,
   0.5006348919869128,
   0.5002495530544128,
   0.49980677103561183,
   0.4997878594967075,
   0.5001344176920638,
   0.4997591527196754
  ],
  [
   0.5022376819486283,
   0.49935475017775505,
   0.5007839431136792,
   0.501075221054217,
   0.49843758420402,
   0.49645209171914284,
   0.4992535505443132,
   0.49949065126552955
  ],
  [
   0.5089831353785584,
   0.49723659969239725,
   0.500009396370705,
   0.5028685460213916,
   0.4980267953583571,
   0.48365880923974913,
   0.49999554461289253,
   0.5019122571604927
  ],
  [
   0.5186923660024632,
   0.4931033118547399,
   0.49666029718439714,
   0.5059422309213807,
   0.4948360623786771,
   0.4579273279950174,
   0.4958552836515833,
   0.5040386795291528
  ],
  [
   0.5312662289197555,
   0.48654505418235267,
   0.49633541617922033,
   0.509246593777391,
   0.49055389545122036,
   0.4217124379781812,
   0.494116235626497,
   0.5060382359754737
  ],
  [
   0.5457526602154498,
   0.479667829498817,
   0.4950692751383641,
   0.517013167691562,
   0.48479569055020283,
   0.371440100807181,
   0.4926441423685943,
   0.5029178900527246
  ],
  [
   0.5635037322524138,
   0.47047080953071757,
   0.49558614782291827,
   0.532724189972274,
   0.47592860822380817,
   0.3087146502334416,
   0.49523670746261383,
   0.5033963860153061
  ],
  [
   0.5842796041998316,
   0.46135077848231437,
   0.4981969695882817,
   0.5483150056610387,
   0.46617361990207146,
   0.24577990391782398,
   0.49859186494982816,
   0.5062783304989901
  ],
  [
   0.6006027676576194,
   0.45455834712986865,
   0.4974175364036189,
   0.5640535382120783,
   0.4593279981601357,
   0.18441528910474903,
   0.5056048634210585,
   0.509677057200082
  ],
  [
   0.6140129557702435,
   0.45170144195325396,
   0.4964303246743078,
   0.5870322854974367,
   0.4523465784264868,
   0.13588516321181912,
   0.5169994796246496,
   0.5133320726805366
  ],
  [
   0.630845360317553,
   0.43886762486183334,
   0.49399609350577284,
   0.6121241361601791,
   0.44760649569445393,
   0.10315894073641697,
   0.5282495089116946,
   0.5150559946436551
  ],
  [
   0.6477773517969891,
   0.42865966537528233,
   0.49010109372759136,
   0.6416713280485209,
   0.4453036123244574,
   0.08420130938438741,
   0.5400271847746143,
   0.5190830080101917
  ],
  [
   0.660507064012856,
   0.41470755040648744,
   0.4867423100369695,
   0.6684212483220162,
   0.44068466855588223,
   0.07264776893629746,
   0.5478906215429639,
   0.5271660664022347
  ],
  [
   0.6746711334294967,
   0.39726050260028084,
   0.4856473131195193,
   0.6985931874527759,
   0.44055856215307937,
   0.06669130725825761,
   0.5638888944416501,
   0.5363825463626491
  ],
  [
   0.6889912552383803,
   0.38434733287493,
   0.4904132667946925,
   0.7212122801552144,
   0.4375239708292114,
   0.06443463162278378,
   0.5813508184768554,
   0.5411012782079726
  ],
  [
   0.6989813078881312,
   0.3710435025820491,
   0.4927065908276668,
   0.7415495624214409,
   0.4377433178244868,
   0.061121863749662324,
   0.6007076497026188,
   0.5572288351668765
  ],
  [
   0.7110153446702827,
   0.35518809694649817,
   0.4885862806662056,
   0.7640719782235443,
   0.43443294955388795,
   0.059943280113106866,
   0.6184001599443765,
   0.5726394095057704
  ],
  [
   0.7217596827229532,
   0.3421446417289735,
   0.48990272426465903,
   0.7828279382479947,
   0.42782645114238377,
   0.05950425082755719,
   0.6332606682158962,
   0.5828404590083588
  ],
  [
   0.7312907610127634,
   0.3309779881255598,
   0.4933316371015298,
   0.7958065872085743,
   0.4288002151749772,
   0.059401367451078026,
   0.648202868532458,
   0.5912435506685195
  ],
  [
   0.7368933444812741,
   0.3186475300428962,
   0.49706801811179924,
   0.8070383113391616,
   0.42757971009317725,
   0.05910771006781779,
   0.6635892587030868,
   0.5992402550081956
  ],
  [
   0.7433773030508525,
   0.3054103484011415,
   0.496643788971684,
   0.8196203829453226,
   0.42240024094967343,
   0.05770133370531246,
   0.6764011358961709,
   0.604893078405644
  ],
  [
   0.746698543049496,
   0.2952132234628782,
   0.5056276792062078,
   0.8320604300803391,
   0.4202428811954686,
   0.0578845613687769,
   0.6865746760218908,
   0.610556673781723
  ],
  [
   0.7521696706427062,
   0.28206353032388537,
   0.5109236678679087,
   0.8392942756296627,
   0.4154766821346912,
   0.056103233033481574,
   0.7023838984190728,
   0.6215055146025873
  ],
  [
   0.7562334265696699,
   0.2772351863795854,
   0.5149647672062954,
   0.8472776277889498,
   0.4148416056888938,
   0.05503329621724826,
   0.7151121542174836,
   0.630798315512212
  ],
  [
   0.7617930696122346,
   0.2712044606887754,
   0.5204204530950399,
   0.852740568163934,
   0.4104119170590608,
   0.05558252004634378,
   0.7243458173867298,
   0.638446018375625
  ],
  [
   0.7699569040510427,
   0.2617147335541171,
   0.5257378698787915,
   0.8584401050035896,
   0.4101420206680886,
   0.055955832559548724,
   0.7367024552143304,
   0.6488194609588841
  ],
  [
   0.7741469984944881,
   0.25718591281593123,
   0.533482736263195,
   0.8620593756142957,
   0.4043949889211036,
   0.05621287983652922,
   0.7479729389874147,
   0.6497725317394468
  ],
  [
   0.7746793027237655,
   0.2479420621086479,
   0.5378975742239366,
   0.8676819099683094,
   0.4029398989824599,
   0.055329305940175245,
   0.7600572817662005,
   0.659946323427775
  ],
  [
   0.7764056924305668,
   0.24269189197953744,
   0.5408156780750822,
   0.8708736025921654,
   0.40098184256511105,
   0.05447939532260259,
   0.7715374041701212,
   0.6721037337127763
  ],
  [
   0.7768503033133234,
   0.23678594080373971,
   0.5447693142742819,
   0.8751986725595203,
   0.4010454596908422,
   0.05622716235242144,
   0.7775555218631447,
   0.6777943866971751
  ],
  [
   0.7755210958790251,
   0.2320794551802834,
   0.5482178759774134,
   0.8767317537020953,
   0.39230643295542267,
   0.05561272976097498,
   0.7825089350237224,
   0.6899787974012642
  ],
  [
   0.7777630808189534,
   0.22314296154939675,
   0.5497937958169449,
   0.8783062468925252,
   0.38999750335594974,
   0.05622852639491121,
   0.7874076589252268,
   0.6970602671521925
  ],
  [
   0.7804930019083237,
   0.21669816595604038,
   0.5560634821659343,
   0.8791939467864432,
   0.38469411221186434,
   0.05467673557489158,
   0.7960844895972549,
   0.7033747209996278
  ],
  [
   0.7829094822837415,
   0.21221470165734566,
   0.5555297009504587,
   0.8810235617919281,
   0.3812564056893899,
   0.05452839852946814,
   0.7990298380812663,
   0.7136841894873612
  ],
  [
   0.7841540702335044,
   0.20789376539363813,
   0.5622375086405126,
   0.8838664408226952,
   0.3759218970788669,
   0.055059089175596126,
   0.8031659244889284,
   0.7210781869752138
  ],
  [
   0.7845855633422415,
   0.20509558242241133,
   0.5695378442625662,
   0.8863894367150826,
   0.37220344065692984,
   0.05634713114146561,
   0.8070718100000502,
   0.7234863229201812
  ],
  [
   0.7845106347719835,
   0.19971821229189157,
   0.5697675546743125,
   0.8875238179561812,
   0.37401179387741373,
   0.05543306104253146,
   0.8105224995794575,
   0.7309157159332703
  ],
  [
   0.7874047463826391,
   0.19439734280586396,
   0.5718310398488065,
   0.8875423985372842,
   0.37326852385798226,
   0.05515159232156202,
   0.8134268165334215,
   0.7387353457124811
  ],
  [
   0.7875127721078691,
   0.19183760471432343,
   0.5802697311362954,
   0.8891570013509206,
   0.37131072000090426,
   0.05518620325232068,
   0.8146418368984522,
   0.7371699154602697
  ],
  [
   0.7865072761912972,
   0.19059146946541272,
   0.587485832080824,
