{
 "name": "Kaltes Raeuberland",
 "split": "test",
 "env": {
  "temperature": 0.1,
  "predation": 0.85,
  "foodAbundance": 0.75,
  "foodHeight": 0.15,
  "light": 0.35,
  "water": 0.5
 },
 "generations": 80,
 "traits": [
  "insulation",
  "size",
  "limbLength",
  "metabolism",
  "armor",
  "photosynthesis",
  "mobility",
  "structure"
 ],
 "trajectory": [
  [
   0.5003555857558147,
   0.4998556680717013,
   0.5006348919869128,
   0.5002495530544128,
   0.49980677103561183,
   0.4997878594967075,
   0.5001344176920638,
   0.4997591527196754
  ],
  [
   0.5024617443457087,
   0.4974488768363348,
   0.5010459372912804,
   0.5010938526151179,
   0.4981246516869631,
   0.4954778158328783,
   0.5025705250528684,
   0.4991662150508442
  ],
  [
   0.5123808320172368,
   0.49077125431700064,
   0.5000322842018063,
   0.5052601494732607,
   0.49757555406517534,
   0.47888184213576573,
   0.5194174878982271,
   0.5000494783169585
  ],
  [
   0.529120556386727,
   0.4782369900276542,
   0.49910923784141076,
   0.5138333788834761,
   0.4954143457450422,
   0.4477990542514188,
   0.5497194482720399,
   0.49800216783467177
  ],
  [
   0.5517724471171813,
   0.45926967880928576,
   0.5007114605959204,
   0.5265709765307017,
   0.49256060389965167,
   0.39810198030574045,
   0.5988826417682019,
   0.4923952887183361
  ],
  [
   0.5775579864099611,
   0.4419344069616442,
   0.5008478336937542,
   0.5484730293980458,
   0.48987265929026935,
   0.33806263683105736,
   0.6603039629379819,
   0.490270079456391
  ],
  [
   0.6112237029114354,
   0.42182563121025063,
   0.5014637299230998,
   0.5830145673763566,
   0.48603536613793347,
   0.2703310871215744,
   0.7302542269208211,
   0.4883058687962521
  ],
  [
   0.6450233560004173,
   0.4059343716089578,
   0.5046668501408764,
   0.6249012316532468,
   0.48321768419875394,
   0.20947118067055515,
   0.7953383815946976,
   0.4816917048278912
  ],
  [
   0.6805892082957649,
   0.3908235639531857,
   0.5061263624703848,
   0.665918136795869,
   0.48508466691332824,
   0.15961796234067574,
   0.8476268304244293,
   0.4802289658812995
  ],
  [
   0.7130089003739589,
   0.38242325408195366,
   0.5095675154541492,
   0.7092935019726713,
   0.4966275058688084,
   0.12116646817043437,
   0.885464692243723,
   0.47937176950787364
  ],
  [
   0.7430200328782554,
   0.37126273483736255,
   0.5125926753717188,
   0.745946765286612,
   0.5041787754579351,
   0.09913163685787074,
   0.9070267317153663,
   0.48219072425402715
  ],
  [
   0.7718266386061101,
   0.3639953711129715,
   0.514805689568595,
   0.780221526413362,
   0.5166925954180951,
   0.0848579771140518,
   0.9201700067589117,
   0.4869968440270313
  ],
  [
   0.7954465643329302,
   0.35901456968083684,
   0.5162600053348331,
   0.8115440958222302,
   0.5279818044645582,
   0.07535119966900845,
   0.9278634965714491,
   0.49361098796442765
  ],
  [
   0.8138017663096587,
   0.3538082833845344,
   0.5136185638275467,
   0.8382604970204578,
   0.5417504323261513,
   0.07139442863680194,
   0.9338282702463142,
   0.5025711881646077
  ],
  [
   0.8287839999134458,
   0.3473587021614901,
   0.5190569582485766,
   0.8591208215404298,
   0.555709946866209,
   0.06835991066169385,
   0.9356903946964955,
   0.5080925055860602
  ],
  [
   0.839997612664141,
   0.33791058589096695,
   0.52236817997179,
   0.8700308930220317,
   0.5735400420723199,
   0.06691368736340038,
   0.937972855501029,
   0.5176485558918232
  ],
  [
   0.8481728260205103,
   0.3305618207354408,
   0.5254382030689783,
   0.8833648266013983,
   0.5875413672801796,
   0.06592848643400263,
   0.9382370806728907,
   0.5262682267459589
  ],
  [
   0.8547589207590608,
   0.3278327199381865,
   0.5247059468457302,
   0.8913557018982097,
   0.6009577964819145,
   0.06508927794228157,
   0.9386117065564195,
   0.5350480023886309
  ],
  [
   0.8633256461056322,
   0.32267765187492387,
   0.530344678243215,
   0.8990160481494894,
   0.6167181450201221,
   0.06394416077143884,
   0.9393373955721162,
   0.5378606519803554
  ],
  [
   0.8671239429843124,
   0.31487282918511533,
   0.531013728615311,
   0.9032187643400942,
   0.6277256137406917,
   0.06423508734624596,
   0.9390990737289248,
   0.541540349580279
  ],
  [
   0.8711014578189226,
   0.3068446606537279,
   0.529963060037157,
   0.9042287035862347,
   0.6421972661742736,
   0.06447649406117462,
   0.9384623319646225,
   0.5473471159269314
  ],
  [
   0.8733302423301129,
   0.29775846095357084,
   0.5343662093169996,
   0.9073253786117131,
   0.6489082185633723,
   0.06469441629111082,
   0.9390495380118294,
   0.55828254040884
  ],
  [
   0.8756780607486433,
   0.2914357843003707,
   0.5347410295772159,
   0.9089567436746931,
   0.6568455774609626,
   0.06290132583527035,
   0.938876981126825,
   0.5656105400863939
  ],
  [
   0.8756839384698045,
   0.28651277025294397,
   0.5331553935478744,
   0.9096559156380456,
   0.6665875202034202,
   0.06231594699578971,
   0.9386265224690667,
   0.5712367763327795
  ],
  [
   0.8751077138909644,
   0.2783522487705186,
   0.5323015458741951,
   0.9118614862163991,
   0.6720640926302117,
   0.06255628924362062,
   0.9393603875878959,
   0.5819955910500356
  ],
  [
   0.8784459799871424,
   0.2661070610479264,
   0.5348467283504845,
   0.9122412449622733,
   0.6829984646320967,
   0.06403798854094717,
   0.9395500912688578,
   0.5896988017589992
  ],
  [
   0.8782050894540708,
   0.2608999737649572,
   0.5356666716592434,
   0.9121159436008401,
   0.6953251084235338,
   0.0647673124383659,
   0.9384345453066826,
   0.5899813118877388
  ],
  [
   0.8771699363237068,
   0.25150424005753474,
   0.5415032120102011,
   0.9131005975314151,
   0.7009239878755653,
   0.06302271640469534,
   0.9391343527089266,
   0.5936065631029862
  ],
  [
   0.8777507877700641,
   0.2443471183335669,
   0.5407971678263896,
   0.9138104162773685,
   0.7086391351802376,
   0.06366936007074407,
   0.9384943680057728,
   0.5970630048949191
  ],
  [
   0.8774364423346205,
   0.23914852153140398,
   0.5458626813671931,
   0.9148165760886896,
   0.7195913592810502,
   0.06365527355546902,
   0.9369017953506553,
   0.6005540979036464
  ],
  [
   0.8769355049853716,
   0.23368447500514244,
   0.5503443173081317,
   0.9163504860235618,
   0.721646077941187,
   0.06326752652214224,
   0.9364174140443945,
   0.6031505229279676
  ],
  [
   0.8776808999870509,
   0.2297441355820344,
   0.5529215943867175,
   0.9140033073885833,
   0.7300655500597918,
   0.06451764701003317,
   0.936611859657515,
   0.6067798112293264
  ],
  [
   0.8778550288442889,
   0.2239526140512478,
   0.5536342274456368,
   0.91393252345369,
   0.7450362277128195,
   0.0630228758879333,
   0.9364548579585686,
   0.6110583611163848
  ],
  [
   0.8786324361693909,
   0.21369142424775855,
   0.5596436504244772,
   0.9126418855410151,
   0.7497313291576905,
   0.06286054440764378,
   0.9364173925423827,
   0.613870526302184
  ],
  [
   0.8809086557372171,
   0.21132418063182803,
   0.5627274262896476,
   0.9142840593282471,
   0.7553775281780509,
   0.06351641517332694,
   0.9365044108245401,
   0.6166790572739449
  ],
  [
   0.8801702183340413,
   0.2087064824026905,
   0.5686971008334013,
   0.9147603572720185,
   0.7533251631733987,
   0.0638396468162994,
   0.9375096826842424,
   0.6143218001874001
  ],
  [
   0.8777636101518493,
   0.2059982839227045,
   0.5704472325167554,
   0.9135612219713151,
   0.7606421225224874,
   0.06407539570676517,
   0.9369596791223493,
   0.6118632106148446
  ],
  [
   0.879280519231191,
   0.20285201661182858,
   0.5739075506690471,
   0.9161809974840364,
   0.7614977436044562,
   0.06432291156291826,
   0.9375510680541902,
   0.617635737153838
  ],
  [
   0.8786111841781238,
   0.20020915938633665,
   0.5701264705139777,
   0.9167152031368322,
   0.767714197633636,
   0.06464907741467198,
   0.9377899378143323,
   0.6158348567605041
  ],
  [
   0.8771416350832207,
   0.19813356533033954,
   0.5695523211888918,
   0.9155025667627644,
   0.7729202200071029,
