{
 "name": "Kaltes Raeuberland",
 "split": "test",
 "env": {
  "temperature": 0.1,
  "predation": 0.85,
  "foodAbundance": 0.75,
  "foodHeight": 0.15
 },
 "generations": 80,
 "traits": [
  "insulation",
  "size",
  "limbLength",
  "metabolism",
  "armor"
 ],
 "trajectory": [
  [
   0.4997268109640533,
   0.500312412102027,
   0.5000506646514865,
   0.5003685836446564,
   0.5008935668577482
  ],
  [
   0.502542367740747,
   0.4999501328566062,
   0.5001882936863091,
   0.5011989995693212,
   0.5015578272149169
  ],
  [
   0.5154070846748391,
   0.4994357961673126,
   0.5006627880861808,
   0.5079077943299896,
   0.5049748454357291
  ],
  [
   0.5377416457024057,
   0.5005105782879836,
   0.5004410157493627,
   0.5182376787932468,
   0.5148592743054489
  ],
  [
   0.5644736371574125,
   0.5054430998222206,
   0.5022546367595698,
   0.5353554578565499,
   0.5246094951121689
  ],
  [
   0.5978700724511713,
   0.5064413446417028,
   0.5021390659767279,
   0.5561259786056675,
   0.5410481671363792
  ],
  [
   0.6348680702578836,
   0.5071842657468569,
   0.5017414151357896,
   0.5821985123365077,
   0.5580315126013106
  ],
  [
   0.6702558531227415,
   0.5101565580120108,
   0.5051560804942973,
   0.6109890169760259,
   0.579339385324823
  ],
  [
   0.70679279585148,
   0.5155266083417858,
   0.5049441880240905,
   0.6461943884806477,
   0.5985035658625337
  ],
  [
   0.7379005869605004,
   0.5168716001415988,
   0.5027744723832888,
   0.6830142175654458,
   0.6213247131775725
  ],
  [
   0.7610848402533797,
   0.5156037504655426,
   0.5011583910703649,
   0.717893093012822,
   0.646324371104655
  ],
  [
   0.7811383842836174,
   0.5152942781213482,
   0.5003026042719438,
   0.7506236001481019,
   0.6752839146673352
  ],
  [
   0.8003199074270153,
   0.514067927752749,
   0.5004008117681736,
   0.7823626018479356,
   0.6987896845142295
  ],
  [
   0.8145275270325539,
   0.5175256295442555,
   0.5009369847280933,
   0.8077633266405547,
   0.7201679988101134
  ],
  [
   0.8261103617508776,
   0.5170405562363354,
   0.4988971835970852,
   0.8304846397636078,
   0.7403081683469833
  ],
  [
   0.8343630504015671,
   0.517103834519178,
   0.5003720585960647,
   0.84888165084468,
   0.7600017342472118
  ],
  [
   0.8394195031778257,
   0.5178162253109796,
   0.49745863735869617,
   0.8653149206888834,
   0.7841396923134595
  ],
  [
   0.8469557144083102,
   0.5187869212931325,
   0.4942705878985015,
   0.8772021902790876,
   0.7998809704960669
  ],
  [
   0.8523370873284595,
   0.5203422430583238,
   0.49759583963056686,
   0.8860717239943453,
   0.8121640470929238
  ],
  [
   0.8560474645687058,
   0.5199357503509874,
   0.4992027928511438,
   0.8929825683093583,
   0.8267585325477952
  ],
  [
   0.8603638818975609,
   0.5158954594818201,
   0.4986410133584041,
   0.8999881832573137,
   0.8375725627699558
  ],
  [
   0.8621323209875621,
   0.5217956904504363,
   0.49702277397727684,
   0.9055318328454943,
   0.8464214685414341
  ],
  [
   0.8633427614088927,
   0.5217504513178227,
   0.4962805444763972,
   0.9075975679894658,
   0.8561717758070052
  ],
  [
   0.8633344735381524,
   0.5210450443786098,
   0.4940570518260798,
   0.9105413763498779,
   0.8618428107273082
  ],
  [
   0.8643204750054382,
   0.5212325797202915,
   0.5000817119174624,
   0.9125914075688296,
   0.8677130936598205
  ],
  [
   0.8646974976167003,
   0.522628334860236,
   0.5018130921185066,
   0.9130302424082491,
   0.8728401999003372
  ],
  [
   0.8652569227574914,
   0.5231423930448756,
   0.5038892580419442,
   0.9137947289356586,
   0.8761876757157455
  ],
  [
   0.8658060275029578,
   0.5259300297388773,
   0.5095414862627837,
   0.9129761619200442,
   0.8786762379412633
  ],
  [
   0.8654318512402153,
   0.5239791072881701,
   0.5098131277063388,
   0.9125481528827611,
   0.8789423149470336
  ],
  [
   0.8657538503268484,
   0.522475306377794,
   0.5099834864888028,
   0.9135276904614883,
   0.8801482959523194
  ],
  [
   0.8653124766382859,
   0.5211655974522317,
   0.5087396818903798,
   0.9133664562150758,
   0.8792094332530515
  ],
  [
   0.8651411750363279,
   0.5168042214601195,
   0.5116442577277512,
   0.9147041709025153,
   0.8825290333838162
  ],
  [
   0.8687207698543107,
   0.51444129954359,
   0.5153973424734707,
   0.915536192283302,
   0.8847581547336282
  ],
  [
   0.868344353019983,
   0.5131380589497307,
   0.5154344948783628,
   0.9158587278582107,
   0.8849738818308825
  ],
  [
   0.8689303231750292,
   0.5122586248628979,
   0.5141637416874141,
   0.9165182768228832,
   0.882494429951485
  ],
  [
   0.8694562280583545,
   0.5140430990626642,
   0.5132680120161496,
   0.9155322396792012,
   0.8845902992757407
  ],
  [
   0.8696601609120606,
   0.5109404035988352,
   0.514946041986316,
   0.9143657550220384,
   0.8856196651425718
  ],
  [
   0.8699261533327024,
   0.5083913573178165,
   0.5179290986846058,
   0.9160884648122533,
   0.886779386588651
  ],
  [
   0.8685140122366605,
   0.5078732122743351,
   0.5179269675178434,
   0.9149127303281124,
   0.8886243583809664
  ],
  [
   0.8696762887324762,
   0.5055230079847045,
   0.5182821680483471,
   0.9129224241923182,
   0.8888049586497705
  ],
  [
   0.867974768561233,
   0.5050281943714389,
   0.5179814572047493,
   0.9093481247504228,
   0.8902471052880748
  ],
  [
   0.8673969096952567,
   0.5050723082896802,
   0.5149263794825101,
   0.9104298088399242,
   0.8897114778302045
  ],
  [
   0.8680520644098052,
   0.5034290582864699,
   0.5200482454675104,
   0.9142729861879332,
   0.8881452850443025
  ],
  [
   0.8671777539537889,
   0.5093427679582941,
   0.5167056192124105,
   0.9144095147674051,
   0.8876597717465349
  ],
  [
   0.8678676618817528,
   0.5047298433384094,
   0.5181757890839674,
   0.9136549720035441,
   0.8856602249736115
  ],
  [
   0.8675632579984643,
   0.506236013437286,
   0.519030684384645,
   0.9126062019082705,
   0.8853832466940955
  ],
  [
   0.8666352457768055,
   0.5040655421853725,
   0.5191896958146559,
   0.9126450321412422,
   0.8845326817767916
  ],
  [
   0.8670024456116169,
   0.5008032561877895,
   0.5188821492434356,
   0.9133399801164889,
   0.8856710796080437
  ],
  [
   0.8684929421437939,
   0.5011727656721298,
   0.522223383451349,
   0.9137969319865804,
   0.8843198930315467
  ],
  [
   0.8698936076333829,
   0.5034258857707877,
   0.5226219269704474,
   0.9151729179569023,
   0.885260577575184
  ],
  [
   0.8711555535963043,
   0.5012807752119744,
   0.5217584967111134,
   0.9148670994555971,
   0.8860700965539755
  ],
  [
   0.8689742026229893,
   0.49567002747997857,
   0.5181613743411069,
   0.9143986471279147,
   0.885469224823417
  ],
  [
   0.8691468742658407,
   0.4944324464412682,
   0.5210367687458298,
   0.914218458844556,
   0.8839811114263654
  ],
  [
   0.8698053018605466,
   0.4938157859614371,
   0.5213384700341622,
   0.9148025460247986,
   0.884787456521498
  ],
  [
   0.8698159543400549,
   0.4975438584928129,
   0.528368421019568,
   0.9148325868624819,
   0.8852920577422564
  ],
  [
   0.8693734116057993,
   0.49267101084293174,
   0.5307643767426872,
   0.9141142573069408,
   0.8869555393062593
  ],
  [
   0.868352394863071,
   0.49374732702795204,
   0.5289000191808327,
   0.9146303037783307,
   0.8861324573913639
  ],
  [
   0.8674874029639121,
   0.4936560297066623,
   0.5300310275375594,
   0.9160604669053444,
   0.8861209164983624
  ],
  [
   0.8661789151143183,
   0.49460187802472927,
   0.5352849596352472,
   0.9161936151563944,
   0.8867451074874477
  ],
  [
   0.8664416860673511,
   0.4971279188195939,
   0.5312613498308395,
   0.9155756177914319,
   0.8895029230988082
  ],
  [
   0.8667782580956005,
   0.496686545124811,
   0.534564608401308,
   0.9142583562851643,
   0.8889623312030084
  ],
  [
   0.8663724696572809,
   0.49641872142492555,
   0.5356266730729938,
   0.9123696869225614,
   0.8881555251584139
  ],
  [
   0.8657610032626817,
   0.4901763412699793,
   0.5357628447755198,
   0.9143116975584555,
   0.8909732129067045
