{
 "name": "Kaltes Raeuberland",
 "split": "test",
 "env": {
  "temperature": 0.1,
  "predation": 0.85,
  "foodAbundance": 0.75,
  "foodHeight": 0.15,
  "light": 0.35,
  "water": 0.5
 },
 "generations": 80,
 "traits": [
  "insulation",
  "size",
  "limbLength",
  "metabolism",
  "armor",
  "photosynthesis",
  "mobility",
  "structure"
 ],
 "trajectory": [
  [
   0.5003555857558147,
   0.4998556680717013,
   0.5006348919869128,
   0.5002495530544128,
   0.49980677103561183,
   0.4997878594967075,
   0.5001344176920638,
   0.4997591527196754
  ],
  [
   0.5019959511622131,
   0.49926145153540585,
   0.5009860684787525,
   0.5010729175449349,
   0.4989115599524025,
   0.49632874742524846,
   0.4989738548456035,
   0.4997994582896268
  ],
  [
   0.50830788499428,
   0.4957941853183201,
   0.4990902258804167,
   0.5032317293773939,
   0.5020643401975841,
   0.48207459676335057,
   0.49923629391314434,
   0.5017561151886452
  ],
  [
   0.5200772972410048,
   0.4921907842601736,
   0.4980671843429601,
   0.506669606661175,
   0.5057931282954299,
   0.4559031791188947,
   0.49588384493563636,
   0.5035478440442543
  ],
  [
   0.5340248806993789,
   0.484599720282213,
   0.4979136061249731,
   0.5105249243591022,
   0.5096468740261425,
   0.41655868029982895,
   0.4938988287322372,
   0.5057603274364836
  ],
  [
   0.5497733776005987,
   0.47744310158587594,
   0.4965685110196629,
   0.5172412722905463,
   0.5183983402464122,
   0.365763795661886,
   0.4952495689493808,
   0.5073059024746914
  ],
  [
   0.5633375689728021,
   0.46966573344585033,
   0.4972604523857427,
   0.529107682755634,
   0.5255135052801334,
   0.30450556328042905,
   0.4989911516578825,
   0.5093886685197072
  ],
  [
   0.5788439196538152,
   0.4592202406362606,
   0.4963534670084547,
   0.5442722109631972,
   0.5296002846619237,
   0.2388433349797595,
   0.49897229121970926,
   0.5088121955959563
  ],
  [
   0.5980474466309037,
   0.4496634020948282,
   0.4996732274076187,
   0.5617545001806842,
   0.5351917475648712,
   0.18199813007506546,
   0.5061377387810796,
   0.5094122228063559
  ],
  [
   0.6122477977952182,
   0.43862011269958784,
   0.5022698787937566,
   0.5827868722601538,
   0.5432309461831527,
   0.1363444239190788,
   0.5152051942524748,
   0.5133768536192572
  ],
  [
   0.6299521866039678,
   0.4204071796751843,
   0.49820281036347785,
   0.6022732703425276,
   0.5549130281639642,
   0.10425416984878155,
   0.5269193589197434,
   0.510969108825973
  ],
  [
   0.6456182965286028,
   0.4061375851588484,
   0.4917097201597212,
   0.6290178027448093,
   0.5648193633945034,
   0.0863548870735623,
   0.5376068802101519,
   0.5153168471827233
  ],
  [
   0.661402759472701,
   0.39461405533763455,
   0.4940580839144682,
   0.6567418064700431,
   0.5732030426189373,
   0.07420815570625987,
   0.5501614175091472,
   0.5210733022402817
  ],
  [
   0.6756747092627154,
   0.3846766724600084,
   0.4950354928679272,
   0.6812257163477993,
   0.5884589759768551,
   0.06669956145910434,
   0.5646752158319625,
   0.5246474716018938
  ],
  [
   0.6874461689909431,
   0.37108536728581326,
   0.4966002089040075,
   0.7054690794343093,
   0.6001321697904307,
   0.06445714019971512,
   0.5789659796888981,
   0.5323157114846714
  ],
  [
   0.6980945672171252,
   0.35680169946153506,
   0.4977828563640509,
   0.7296676677912259,
   0.6129284408086823,
   0.061800857217904355,
   0.5934839289416177,
   0.5397819931648434
  ],
  [
   0.7058913836353239,
   0.3430273947718816,
   0.498704783867092,
   0.7516741135649806,
   0.626287202318795,
   0.060055586028957435,
   0.6063105983977531,
   0.5469159449458021
  ],
  [
   0.7142656146312899,
   0.33001513596638454,
   0.5007884363867136,
   0.7709341247379234,
   0.639660286523192,
   0.059646658185679734,
   0.615177764007642,
   0.5566493139650374
  ],
  [
   0.7238204440284922,
   0.31918509787658883,
   0.5004513069854569,
   0.7852817364127435,
   0.6493288353180493,
   0.058500650486170154,
   0.6281303484076465,
   0.5636175406267204
  ],
  [
   0.7309429583596235,
   0.3084726326561901,
   0.5015276041247614,
   0.8008752716664905,
   0.6592261715263669,
   0.057605885553327844,
   0.6403354878261951,
   0.5632666342253578
  ],
  [
   0.7386026752052461,
   0.29809684418281795,
   0.5063185222414318,
   0.8140912574252762,
   0.671739107797498,
   0.05638129888757148,
   0.6499268190318995,
   0.5684147343455958
  ],
  [
   0.743606624165095,
   0.28333246661899664,
   0.5096178482693174,
   0.8252645566429462,
   0.6824894142326511,
   0.05678179308058318,
   0.6610667977475108,
   0.5755348411469886
  ],
  [
   0.7503279771597305,
   0.2749318976841409,
   0.5128219380016183,
   0.830179983747639,
   0.6903673273561317,
   0.0553827067737046,
   0.6727161720739444,
   0.5755223880178069
  ],
  [
   0.7555464250697453,
   0.264328201316021,
   0.5163356090096757,
   0.8411196226872574,
   0.7027024754453786,
   0.055452650422316764,
   0.6795103109190608,
   0.5737273850600783
  ],
  [
   0.7600516330271884,
   0.25372608316081796,
   0.5168077708017806,
   0.8478605840136385,
   0.7112162870193726,
   0.05579954400858094,
   0.689244388587147,
   0.5764192153467257
  ],
  [
   0.7632852171241491,
   0.2429598676999735,
   0.5208010834211524,
   0.8556485255973497,
   0.7217128764891806,
   0.05666983513748285,
   0.6965047110718078,
   0.5768895163826148
  ],
  [
   0.765236757577115,
   0.23278591323103362,
   0.523635189157132,
   0.8606619091551294,
   0.7328336869971975,
   0.05677649055503136,
   0.7057389517525207,
   0.5777288628283427
  ],
  [
   0.7642387724851051,
   0.21994665369345737,
   0.534547725954205,
   0.8645524332771671,
   0.7367417611313448,
   0.055777742727555396,
   0.7119496230271732,
   0.5753135332587999
  ],
  [
   0.7659204469539594,
   0.21273522741802323,
   0.54672747927068,
   0.8706100419667943,
   0.7456757698430051,
   0.05559298595037482,
   0.7174191242168472,
   0.572441811691092
  ],
  [
   0.7669116281059095,
   0.20144807137192142,
   0.5508422932513336,
   0.8711950500164277,
   0.7538052678899163,
   0.056440488228201746,
   0.723263026687945,
   0.5776678067470714
  ],
  [
   0.7677392233489996,
   0.18924284846070685,
   0.5559575064097565,
   0.8729510195907116,
   0.7579792161530964,
   0.055840488558663526,
   0.7321527695711647,
   0.5764802394136467
  ],
  [
   0.7686653878143584,
   0.18175646751759,
   0.5613084010006884,
   0.8749940597161245,
   0.7639591415823701,
   0.05628263251357574,
   0.7356028569437765,
   0.578871135311016
  ],
  [
   0.7734610174608182,
   0.17431680344728914,
   0.5622370185413715,
   0.8754095650664171,
   0.7688215355543004,
   0.05385878370388016,
   0.7385289913834581,
   0.5758176381082466
  ],
  [
   0.7758626425465119,
   0.17073179066339403,
   0.5633529139313967,
   0.8780758900605198,
   0.7739024976733083,
   0.054037039285056744,
   0.7444050671325265,
   0.576988768447444
  ],
  [
   0.7822608203203455,
   0.16417174361625952,
   0.5691447459636528,
   0.8803314504777903,
   0.7740427058942072,
   0.05356257340474641,
   0.7506355346741674,
   0.5775431832548145
  ],
  [
   0.7840775297634971,
   0.1632293909727016,
   0.5747626214108619,
   0.8818151623607936,
   0.7750057088804332,
   0.05506918778658113,
   0.7536477306818242,
   0.5771535055527258
  ],
  [
   0.7845816104083783,
   0.16213999264697246,
   0.5820835223014574,
   0.8854300894103088,
   0.7729724796230154,
   0.05500467933136647,
   0.7605330517920397,
   0.577853112971311
  ],
  [
   0.7841844806517995,
   0.16063561474316077,
   0.583267543960646,
   0.8871585094291189,
   0.7713656093780713,
   0.05477407011409403,
   0.7646089007479794,
   0.584565416674767
  ],
  [
   0.7827798829037524,
   0.15728457103330418,
   0.5879412286906656,
   0.8859741426188661,
   0.7766637002673016,
   0.05501655966320184,
   0.7675545660402756,
   0.5849267057526873
  ],
  [
   0.7800628208581669,
   0.15560156782912138,
   0.5900860426728616,
   0.8860221564361951,
