{
 "name": "Kaltes Raeuberland",
 "split": "test",
 "env": {
  "temperature": 0.1,
  "predation": 0.85,
  "foodAbundance": 0.75,
  "foodHeight": 0.15,
  "light": 0.35,
  "water": 0.5
 },
 "generations": 80,
 "traits": [
  "insulation",
  "size",
  "limbLength",
  "metabolism",
  "armor",
  "photosynthesis",
  "mobility",
  "structure"
 ],
 "trajectory": [
  [
   0.5003555857558147,
   0.4998556680717013,
   0.5006348919869128,
   0.5002495530544128,
   0.49980677103561183,
   0.4997878594967075,
   0.5001344176920638,
   0.4997591527196754
  ],
  [
   0.5024868023497966,
   0.49915081211869095,
   0.5008999984325405,
   0.5004050723398091,
   0.49908769424049776,
   0.4978231207038353,
   0.50027067901918,
   0.4995825892669257
  ],
  [
   0.5090785329753423,
   0.49683249846702426,
   0.5000542360884718,
   0.4980385293412799,
   0.5032647080845077,
   0.49094448458667445,
   0.5075836826884843,
   0.5011453826550684
  ],
  [
   0.5202762257545425,
   0.4935791835231493,
   0.49924557923996987,
   0.49422813912222746,
   0.5061123451939685,
   0.4794859363407517,
   0.5141861675728514,
   0.5047619079614006
  ],
  [
   0.5354734721122886,
   0.4919230103718312,
   0.4990611348788286,
   0.48798764276305323,
   0.5129122345667981,
   0.4606751398923457,
   0.5289427198881405,
   0.5063319500735116
  ],
  [
   0.5509603155864914,
   0.48674381512554726,
   0.49912725530104685,
   0.4805464023983263,
   0.5202377639108355,
   0.4354636547672824,
   0.5490787822811125,
   0.5097103512418037
  ],
  [
   0.5691788132752565,
   0.4821789611962999,
   0.49908718770832167,
   0.4756205433777505,
   0.527854726094571,
   0.3997871485196928,
   0.568453701071851,
   0.5137077540647349
  ],
  [
   0.586047868015185,
   0.4734692853380312,
   0.495906386427346,
   0.468988717337989,
   0.536165466697693,
   0.3557263234929999,
   0.5963221878185315,
   0.5163582249550062
  ],
  [
   0.6014869140578256,
   0.4619955303524903,
   0.4964174410653637,
   0.46802696591832255,
   0.5427273460815952,
   0.30412579301486425,
   0.6273215112413957,
   0.5208744583131741
  ],
  [
   0.6168883824406216,
   0.4450417105574183,
   0.5011538960763705,
   0.4714158676648674,
   0.5482952394450158,
   0.24355605991328014,
   0.6698251752820227,
   0.524526556005855
  ],
  [
   0.6296709782099104,
   0.42106838338049074,
   0.5040615353438384,
   0.4785942064937104,
   0.5535877446123855,
   0.19244099056023978,
   0.7164461088760747,
   0.5239686101795386
  ],
  [
   0.6426384213818918,
   0.3986891671725079,
   0.500146483752722,
   0.498363966765165,
   0.559017005947934,
   0.1458681071649178,
   0.7610637403619523,
   0.5226143606509931
  ],
  [
   0.6551217624104279,
   0.3760392488864505,
   0.50277014070076,
   0.5199507041294065,
   0.5655198035825237,
   0.11164459631244672,
   0.8033606519903951,
   0.5245525944976742
  ],
  [
   0.6667834553949051,
   0.35167872338516815,
   0.5130904461776689,
   0.5485503302137543,
   0.5697633605644602,
   0.09120266814798521,
   0.8360974084433545,
   0.5207616467044088
  ],
  [
   0.6776902741649539,
   0.3319974217584715,
   0.521279534509044,
   0.5780267040490636,
   0.5755640964710426,
   0.07762697859054782,
   0.8615419172146556,
   0.5178634063294637
  ],
  [
   0.68489385014154,
   0.30938636199490765,
   0.5267428637142216,
   0.6084357862440962,
   0.5781201998655999,
   0.06865167291974268,
   0.8837642145718562,
   0.5139896027195918
  ],
  [
   0.6923539157878474,
   0.2901069060161309,
   0.5317015175942844,
   0.6427997411164338,
   0.5840342541972651,
   0.06334020353922636,
   0.9006741628167324,
   0.5097321550802594
  ],
  [
   0.6999554715892993,
   0.27466548136850955,
   0.5318228891236919,
   0.6749738485999094,
   0.5864715757150964,
   0.06085533925822614,
   0.9098418997429488,
   0.5099116420121147
  ],
  [
   0.7083454539297261,
   0.255051985969805,
   0.5388926524040779,
   0.6967074878135614,
   0.588085941942829,
   0.05838598837082057,
   0.9172081642582582,
   0.5060701015236363
  ],
  [
   0.7142823415611934,
   0.236640622877663,
   0.5397316382924426,
   0.71954610277517,
   0.5909725843100125,
   0.05667966724455096,
   0.9233773644981854,
   0.5015168857783214
  ],
  [
   0.7207858047246987,
   0.22211035795534448,
   0.5406184245495226,
   0.7359402330433853,
   0.596979556433454,
   0.05505616644273978,
   0.9242110850596242,
   0.49718292108056755
  ],
  [
   0.7260190818302706,
   0.20987746164427243,
   0.5480837624049878,
   0.7545332393826327,
   0.60375233500234,
   0.05605542453389901,
   0.9280190404396994,
   0.4956348048934798
  ],
  [
   0.7316008193704563,
   0.19848683933072772,
   0.5532002323563919,
   0.768937995771933,
   0.6109765359563124,
   0.055186591310570014,
   0.9297123827090203,
   0.49125105189036833
  ],
  [
   0.7383885278980423,
   0.19110888345282181,
   0.5601445112457196,
   0.7845739740854386,
   0.6204062372408302,
   0.055229153257348895,
   0.930862486569581,
   0.487611116780677
  ],
  [
   0.7425231251125427,
   0.18670354874815165,
   0.563533963262785,
   0.7995671396336589,
   0.6271105738116579,
   0.05571805892997933,
   0.9321862516811077,
   0.4814075090890999
  ],
  [
   0.7465380699008461,
   0.17739418287455508,
   0.5681413836997882,
   0.8107301300641087,
   0.6336484478053889,
   0.054900326861352315,
   0.9336569494835482,
   0.4768194170311053
  ],
  [
   0.751090650844402,
   0.17051658601018826,
   0.5728432220507198,
   0.816906623040412,
   0.6405533053446643,
   0.055323345250610556,
   0.9329722124817436,
   0.47414721101833884
  ],
  [
   0.7541341468282803,
   0.16445198022084984,
   0.5768730694655604,
   0.8247654347933092,
   0.649005465781699,
   0.054977510345737744,
   0.9340205300605738,
   0.47136958128741796
  ],
  [
   0.7545831166159679,
   0.15994120402554496,
   0.5824513138920051,
   0.8332782457479123,
   0.6538658739563149,
   0.05476655091747182,
   0.9352596666103902,
   0.4675683814226012
  ],
  [
   0.7544160805013186,
   0.15715615804087738,
   0.5872402546970462,
   0.8402900974054547,
   0.6590871678985656,
   0.05541726488413545,
   0.9334732508242181,
   0.4611814587841694
  ],
  [
   0.7568148003848055,
   0.15320478283755873,
   0.5960580290078781,
   0.844905542075443,
   0.6680654212729857,
   0.05412511917504503,
   0.9336170170483222,
   0.4551100972193532
  ],
  [
   0.7573049921828491,
   0.1460056860506926,
   0.6016324879730433,
   0.8465843691574402,
   0.6763825075205617,
   0.05391664275713315,
   0.934160135354953,
   0.444596586023899
  ],
  [
   0.759294105949313,
   0.13916509267487573,
   0.6024932852848198,
   0.8500875973875558,
   0.683615211908977,
   0.05401358945722226,
   0.9336695303307508,
   0.4440060649660087
  ],
  [
   0.7608952767102625,
   0.13304355892757677,
   0.6057149519807427,
   0.8507427475443424,
   0.6879537125711659,
   0.055032056062900354,
   0.9333514405403336,
   0.4450944527860973
  ],
  [
   0.7653716355495214,
   0.1281279621042341,
   0.614410316647887,
   0.8563745837822617,
   0.6946002048571711,
   0.05370877752602513,
   0.9347002115024905,
   0.4477280216812847
  ],
  [
   0.7660977771797691,
   0.12541846087204087,
   0.6109752591592773,
   0.8598582844737716,
   0.6972671181141749,
   0.05396509524366055,
   0.9361115724981691,
   0.44272864668410894
  ],
  [
   0.767065487079098,
   0.12511369864670718,
   0.6142943904423973,
   0.8627454569804754,
   0.7031996887163224,
   0.05496529186105928,
   0.9357624391473411,
   0.4396499657496142
  ],
  [
   0.7662254276165061,
   0.12512790985016817,
   0.6213534868757061,
   0.8631524620714536,
   0.7082541453502368,
   0.05426840918564929,
   0.9357437714320703,
   0.43784374622402694
  ],
  [
   0.7668720114505803,
   0.12425034736249253,
   0.6231704074032604,
   0.864560033982019,
   0.7138631953898158,
   0.0545863892098117,
   0.9348324940456202,
   0.4372895838671025
  ],
  [
   0.7661974306007907,
   0.1252987435004113,
   0.6251497776042036,
   0.8660020519624615,
   0.7181754744657428,
