{
 "name": "Kaltes Raeuberland",
 "split": "test",
 "env": {
  "temperature": 0.1,
  "predation": 0.85,
  "foodAbundance": 0.75,
  "foodHeight": 0.15,
  "light": 0.35,
  "water": 0.5
 },
 "generations": 80,
 "traits": [
  "insulation",
  "size",
  "limbLength",
  "metabolism",
  "armor",
  "photosynthesis",
  "mobility",
  "structure",
  "wing"
 ],
 "trajectory": [
  [
   0.4991898287623622,
   0.4997065634827101,
   0.5001561244775644,
   0.5006984386424967,
   0.5003491935357325,
   0.5001629330209723,
   0.5002618699483379,
   0.5001433453474952,
   0.4998505652377894
  ],
  [
   0.5008896768801508,
   0.49914987148724904,
   0.5001965881888296,
   0.5001317888713037,
   0.5006037267929139,
   0.4974353742108923,
   0.5005199652791242,
   0.5006848750609585,
   0.49802608870561976
  ],
  [
   0.5075021821993813,
   0.4978837754486838,
   0.5011636576614951,
   0.5018689825986319,
   0.4991484928245226,
   0.4878859275653163,
   0.4987526917568312,
   0.5013085130880773,
   0.49565600042358143
  ],
  [
   0.5184358140708543,
   0.4935000650509462,
   0.49983071566820536,
   0.5038015598406143,
   0.49643469675711444,
   0.4683675379414937,
   0.49659182300393984,
   0.501305357190612,
   0.4932990895751527
  ],
  [
   0.5319772381996072,
   0.48354142100786585,
   0.5021324097029508,
   0.5073583029805988,
   0.4901492937122401,
   0.4354712867255653,
   0.49418553792192305,
   0.5020565738881456,
   0.4864196385453759
  ],
  [
   0.548889931527289,
   0.4729949619703245,
   0.5014071871203104,
   0.5129092830908678,
   0.4849555441725634,
   0.3897507852195404,
   0.4946275579798394,
   0.5027822387926971,
   0.47769848252540853
  ],
  [
   0.5634815073921905,
   0.45716018123514485,
   0.5026373021711262,
   0.5214407534036551,
   0.4768160336217739,
   0.3338787085356764,
   0.49644643688022744,
   0.5035264352617655,
   0.4644670892238593
  ],
  [
   0.5784171737362466,
   0.4413426223975964,
   0.504910938788608,
   0.5371517433100038,
   0.4692285520733455,
   0.27242060088787107,
   0.4936250602567163,
   0.4994674734707016,
   0.44986773145907927
  ],
  [
   0.5963215743079434,
   0.4233853739236421,
   0.5076808220632003,
   0.5586755608584341,
   0.4626428707984333,
   0.20883387884434387,
   0.5015875083214113,
   0.49788778322485,
   0.43220662755677774
  ],
  [
   0.6115974709963788,
   0.4027747690375403,
   0.5082063573523999,
   0.581014793956447,
   0.455884688865841,
   0.15093160724020654,
   0.5148132862443446,
   0.4964327206208228,
   0.4158575103109512
  ],
  [
   0.6268852901304415,
   0.38372788174287487,
   0.507394639435038,
   0.6100100300903226,
   0.44422426417360406,
   0.11273091283413478,
   0.5271659752127943,
   0.5017207603838538,
   0.3993274250664127
  ],
  [
   0.6412920714274581,
   0.36459639617081874,
   0.5076222944481718,
   0.6393023899541744,
   0.4384296548166215,
   0.09039188616012407,
   0.5430034612792018,
   0.5051132406034552,
   0.3780346331191469
  ],
  [
   0.6548511176890416,
   0.34107635513137796,
   0.5062662273452135,
   0.6640121201104278,
   0.4298337310853657,
   0.07441407198266545,
   0.5585919519711338,
   0.5073982693346278,
   0.3656844632016914
  ],
  [
   0.6688939670391242,
   0.3246321374823971,
   0.5046571293311761,
   0.6893777245370108,
   0.4213102547284167,
   0.06701100222509457,
   0.5776953651953951,
   0.5161612152708598,
   0.3452938055206818
  ],
  [
   0.680273827505469,
   0.3026704117499152,
   0.5019306038662726,
   0.7172315366032102,
   0.41801127763542634,
   0.06273559914619177,
   0.5982841650950225,
   0.524079415724474,
   0.3311116248177361
  ],
  [
   0.6912750462117904,
   0.2900151516173258,
   0.4999978950398834,
   0.7411758312639654,
   0.4151354017598521,
   0.06034876413474258,
   0.6169323661567764,
   0.5323547226092175,
   0.3202837109621652
  ],
  [
   0.7025478834880511,
   0.27463246535252867,
   0.5029544605948053,
   0.7627193472925339,
   0.41114123119724777,
   0.05893119974043572,
   0.633192634561211,
   0.5460362893845637,
   0.3041501898889031
  ],
  [
   0.7141143065754679,
   0.2590703891853015,
   0.5012451366769711,
   0.7824265864045854,
   0.40947086343722283,
   0.05757357153520192,
   0.6463387690450105,
   0.558150130576852,
   0.28832297275908225
  ],
  [
   0.7248571060387929,
   0.246323123858066,
   0.4952256194802842,
   0.8024296318954889,
   0.4025518473108381,
   0.057144930099223085,
   0.660840345731576,
   0.569916455484906,
   0.27309238023792076
  ],
  [
   0.7310389383728576,
   0.23247724878244172,
   0.49488736094919417,
   0.818353490485879,
   0.39843511901081413,
   0.05777201523377321,
   0.675674065600619,
   0.5786328099317638,
   0.2648716949389833
  ],
  [
   0.7399128756821968,
   0.21747134318249942,
   0.49830738171148475,
   0.8320575836801102,
   0.3934192993981725,
   0.05905246011570966,
   0.6923542955370389,
   0.5842254671298569,
   0.25633040910782934
  ],
  [
   0.7439639760412001,
   0.21081529743745117,
   0.5001783826915275,
   0.8453389902857525,
   0.3854819358153374,
   0.05691853404473796,
   0.7056098524183932,
   0.5927123549042325,
   0.24809412333122835
  ],
  [
   0.7497780102821338,
   0.2017523226036261,
   0.5006220868208863,
   0.8524652245453032,
   0.3839309483474693,
   0.05697430540071618,
   0.7178802435817899,
   0.6051618398060886,
   0.23857835414427556
  ],
  [
   0.7553853486441668,
   0.1901983476291588,
   0.5057571568998294,
   0.8621525584950588,
   0.3795885286026119,
   0.05741196889180424,
   0.7297368339799611,
   0.6169595150541981,
   0.23171141295352682
  ],
  [
   0.758068665576035,
   0.1806393909101723,
   0.5104449980143639,
   0.8642338911157621,
   0.37950364048714197,
   0.05520267414902483,
   0.7394352944613597,
   0.6300654889997,
   0.223015827181675
  ],
  [
   0.7605867299285317,
   0.1738170780162209,
   0.5135278085914414,
   0.8678647991188561,
   0.3786034033844495,
   0.054791633508044245,
   0.751985298455302,
   0.637808325077687,
   0.21997145982978886
  ],
  [
   0.7619463295547669,
   0.16898905857139593,
   0.5217717178229272,
   0.8703342228112306,
   0.3750320924833032,
   0.054283836232626975,
   0.7589696355041754,
   0.6490080230726415,
   0.21343305310465485
  ],
  [
   0.7675513504353336,
   0.16696058539600378,
   0.5176738490599359,
   0.8744081383417153,
   0.3697131102003446,
   0.05450260821110047,
   0.7691477062165121,
   0.6585376751694544,
   0.2068255773177359
  ],
  [
   0.7685512598396534,
   0.1636454105376642,
   0.5204813104072011,
   0.8781577580529727,
   0.36575966784429853,
   0.05422558546797388,
   0.7759260994037684,
   0.6660224364552046,
   0.20153454400898985
  ],
  [
   0.7721589266213432,
   0.161561966814929,
   0.5255727693383535,
   0.8786756555060866,
   0.3629174921722946,
   0.055259445931769256,
   0.7808398789390548,
   0.6774613439036691,
   0.19515571872968163
  ],
  [
   0.7733963338570903,
   0.15784536553786946,
   0.5204342159544134,
   0.8792821329679797,
   0.36463694125948937,
   0.055523475380973554,
   0.7871176480302741,
   0.6827200295113917,
   0.1908591991263738
  ],
  [
   0.7731366057424771,
   0.15574531772071712,
   0.5169235786369973,
   0.8813443461225612,
   0.358509626606694,
   0.054967273746242495,
   0.79135280444323,
   0.6922953468634095,
   0.1891399231946986
  ],
  [
   0.7755681528933698,
   0.15204075057333977,
   0.5167537941126292,
   0.8832539015869084,
   0.35314644042455406,
   0.0543150088460041,
   0.795090650424943,
   0.7021309447051167,
   0.18617413164459737
  ],
  [
   0.7770275811630639,
   0.1501695976115656,
   0.5210884995571705,
   0.8859037620557504,
   0.34499327104144645,
   0.05566312476459733,
   0.7968092348441586,
   0.7100418428372853,
   0.18105198787787627
  ],
  [
   0.7800073813047383,
   0.14901856118226572,
   0.5260457473695296,
   0.8888944676687428,
   0.34784096512008106,
   0.05589307675554638,
   0.7999793133911902,
   0.7144512773957424,
   0.18118893380739273
  ],
  [
   0.7829983369257043,
   0.14657939523832644,
