{
 "name": "Karge Hoehe",
 "split": "test",
 "env": {
  "temperature": 0.5,
  "predation": 0.1,
  "foodAbundance": 0.35,
  "foodHeight": 0.8
 },
 "generations": 80,
 "traits": [
  "insulation",
  "size",
  "limbLength",
  "metabolism",
  "armor"
 ],
 "trajectory": [
  [
   0.4997268109640533,
   0.500312412102027,
   0.5000506646514865,
   0.5003685836446564,
   0.5008935668577482
  ],
  [
   0.49779873675238534,
   0.5002961505361984,
   0.5028706651650765,
   0.4980345598391372,
   0.49903746591384107
  ],
  [
   0.4909521467446716,
   0.4953426403973695,
   0.51924884537867,
   0.4940407519818815,
   0.4884919485280772
  ],
  [
   0.48394103022688556,
   0.4855341937021674,
   0.54910761862273,
   0.48888396963782216,
   0.4736896869362865
  ],
  [
   0.47240114007046824,
   0.47424740188453596,
   0.5875899920823209,
   0.4824577622496236,
   0.4511755883396715
  ],
  [
   0.45947230127015226,
   0.46248046459040704,
   0.6328982379041225,
   0.4775919902337018,
   0.42178326216463774
  ],
  [
   0.4486666023553896,
   0.4440261621821637,
   0.6882405545621074,
   0.4727847501374269,
   0.3890759674301603
  ],
  [
   0.43983980490564895,
   0.4279067275679798,
   0.7444862347133552,
   0.4700095658091468,
   0.34794311490593494
  ],
  [
   0.43422602361036194,
   0.4025716554106396,
   0.7973325878536638,
   0.4713303842243514,
   0.31122102297296844
  ],
  [
   0.42762477165016305,
   0.3783247771528331,
   0.8370510515771473,
   0.47796458096541894,
   0.2741215937390215
  ],
  [
   0.4246742844012276,
   0.351177052186811,
   0.8706324069142046,
   0.48330524243829104,
   0.23852234864175867
  ],
  [
   0.4229353719274711,
   0.3243415188041419,
   0.8916627712817237,
   0.48887009715844115,
   0.20665244783526585
  ],
  [
   0.4254626835735937,
   0.29850552956651477,
   0.906796220690952,
   0.49329131780353186,
   0.1777716086118903
  ],
  [
   0.42772713976295207,
   0.2719445793756003,
   0.9150251865920483,
   0.4998468759873298,
   0.1574673025543038
  ],
  [
   0.4271637068392888,
   0.2510150018601,
   0.9213403813980579,
   0.5066098556318335,
   0.14063169487786858
  ],
  [
   0.4260576531961103,
   0.22784351248148985,
   0.9240700093747124,
   0.5130366821384994,
   0.12640924988700944
  ],
  [
   0.42631627188658033,
   0.20766607487199026,
   0.9264064667285484,
   0.5151048460492521,
   0.11567062240208546
  ],
  [
   0.42659211971957783,
   0.1935826641260601,
   0.9271679414581313,
   0.5185716946406037,
   0.10512722202039793
  ],
  [
   0.4276089230728404,
   0.1843757725580659,
   0.9268859412494416,
   0.5172538370493885,
   0.09857927839804514
  ],
  [
   0.4264538054750171,
   0.1746451682111345,
   0.9297139371106468,
   0.5183183583677428,
   0.09615750907413344
  ],
  [
   0.4281128268260541,
   0.16515345615390806,
   0.929244150889486,
   0.5230717602755576,
   0.09128297013611214
  ],
  [
   0.42853400191538976,
   0.15765892963063627,
   0.9300545561062789,
   0.5238860164115936,
   0.0908718291488642
  ],
  [
   0.43017431334819173,
   0.152193206425054,
   0.9310312556491978,
   0.5254965823671498,
   0.0879711560205228
  ],
  [
   0.42848363937948203,
   0.14331252118956864,
   0.9328937810510611,
   0.5232852347506193,
   0.08454336028624
  ],
  [
   0.4292425865470298,
   0.13689337069953172,
   0.9334306881442402,
   0.520668457332873,
   0.08535048907532898
  ],
  [
   0.42772620906909453,
   0.12942048869502534,
   0.9336861120604217,
   0.5175221459005315,
   0.08556817578288513
  ],
  [
   0.4258138515890045,
   0.12489716125508332,
   0.9335651733526635,
   0.5213838767614482,
   0.08390610216445121
  ],
  [
   0.42654789235322127,
   0.11987075464928988,
   0.932683678904869,
   0.518666543475839,
   0.08317572511281661
  ],
  [
   0.4256628758170286,
   0.11753984969069536,
   0.9326798399278187,
   0.519357720040171,
   0.08347578106874888
  ],
  [
   0.42721847340260277,
   0.11444917011367299,
   0.9316750779495272,
   0.5138056451409976,
   0.08284541334326502
  ],
  [
   0.42526783441907084,
   0.11592221939095627,
   0.9306311302129343,
   0.5111262121410004,
   0.08321737329909619
  ],
  [
   0.4221517531898595,
   0.11320926786915914,
   0.931613902966018,
   0.5040596423832334,
   0.08467908959368113
  ],
  [
   0.42401593286627454,
   0.11427748240225571,
   0.9308606225149711,
   0.5045170205625295,
   0.08729259616451146
  ],
  [
   0.42369874561935883,
   0.11570573984225925,
   0.9311115865992695,
   0.5019085531060872,
   0.08640013917860727
  ],
  [
   0.4263053753426264,
   0.11527993489784527,
   0.9326372368126434,
   0.5013200215045239,
   0.08503419342647879
  ],
  [
   0.42655054498012435,
   0.11612734484224434,
   0.9303799672678207,
   0.49970538092854366,
   0.08514005288723327
  ],
  [
   0.4271858299222368,
   0.1155022439856322,
   0.9315408526160827,
   0.4979823111757884,
   0.08484655202351155
  ],
  [
   0.4296748117900914,
   0.11686228580070646,
   0.9314248779062261,
   0.49301938325778366,
   0.0837274814847143
  ],
  [
   0.42933700356931653,
   0.11650379712498776,
   0.9318972749706678,
   0.48901249722751366,
   0.0830773857680107
  ],
  [
   0.43181681167391056,
   0.11573475169511528,
   0.9331498649173425,
   0.48340455935821997,
   0.0825967080543647
  ],
  [
   0.42940864959487896,
   0.11510870854963662,
   0.9319547249408204,
   0.4764013555958393,
   0.08136046921387771
  ],
  [
   0.42570095787093143,
   0.11441292356196901,
   0.9320290720820471,
   0.4711399114494652,
   0.08149303505419046
  ],
  [
   0.4243345003887831,
   0.11484244855911097,
   0.9315475323477035,
   0.46892253100022363,
   0.08198659019667219
  ],
  [
   0.4258722703596058,
   0.11354134771567942,
   0.9303882418505084,
   0.46413868148637355,
   0.08368293334421717
  ],
  [
   0.42796649299042233,
   0.11168986324868013,
   0.9304625810981437,
   0.4622279852836681,
   0.08407628814756828
  ],
  [
   0.4281088321367588,
   0.11022608399337334,
   0.9298602795154643,
   0.4556232417217623,
   0.08284045212438372
  ],
  [
   0.428324605170364,
   0.11164161157628677,
   0.9288475843289986,
   0.44930548800020903,
   0.0842330632398468
  ],
  [
   0.4262897501214213,
   0.111072793819198,
   0.9287251272463458,
   0.4475127565054355,
   0.08355522230532929
  ],
  [
   0.42565636305919824,
   0.11077394470236994,
   0.9303540657351924,
   0.440972430845808,
   0.0820468095884541
  ],
  [
   0.4267349343168789,
   0.11019109696531924,
   0.9290811107834257,
   0.441556346707584,
   0.08216889584522562
  ],
  [
   0.42845954559826915,
   0.10978755922768858,
   0.927730339521642,
   0.43906447428610007,
   0.08162847500827096
  ],
  [
   0.42791921033282243,
   0.10971089776790853,
   0.9290681238571336,
   0.43921406445082306,
   0.08215961900934633
  ],
  [
   0.4274580378114426,
   0.1101191375169605,
   0.9304631721819705,
   0.4290615109108278,
   0.08185943996523148
  ],
  [
   0.42937487032601923,
   0.11060902345061598,
   0.9313098851184791,
   0.43461856373152347,
   0.0819070035552535
  ],
  [
   0.4284205681310233,
   0.1127758641992806,
   0.9321068353653912,
   0.43541427719296005,
   0.08245925075821069
  ],
  [
   0.42565847896287967,
   0.11286236224284636,
   0.931847604563043,
   0.43353121411471346,
   0.08463537282758538
  ],
  [
   0.4271371091587766,
   0.1113578745436256,
   0.9313612305815164,
   0.42816680245715477,
   0.08497184232671466
  ],
  [
   0.4280444626955176,
   0.11175271342473246,
   0.9300965530685442,
   0.43036932951120904,
   0.0839176670416023
  ],
  [
   0.4254823679223118,
   0.11071049599134841,
   0.9286163386679477,
   0.4250296416589066,
   0.08454434463316877
  ],
  [
   0.4237628067367257,
   0.1099520161319351,
   0.9266620271023543,
   0.4224685611181855,
   0.08661339447296192
  ],
  [
   0.4256314803387835,
   0.11046270448791991,
   0.9280792306900566,
   0.42430312072135484,
   0.08566788281828379
  ],
  [
   0.4255640210036032,
   0.11190231762979556,
   0.9286927508268205,
   0.42009454735958635,
   0.08555807648216018
