{
 "name": "Karge Hoehe",
 "split": "test",
 "env": {
  "temperature": 0.5,
  "predation": 0.1,
  "foodAbundance": 0.35,
  "foodHeight": 0.8,
  "light": 0.5,
  "water": 0.6
 },
 "generations": 80,
 "traits": [
  "insulation",
  "size",
  "limbLength",
  "metabolism",
  "armor",
  "photosynthesis",
  "mobility",
  "structure",
  "wing"
 ],
 "trajectory": [
  [
   0.4991898287623622,
   0.4997065634827101,
   0.5001561244775644,
   0.5006984386424967,
   0.5003491935357325,
   0.5001629330209723,
   0.5002618699483379,
   0.5001433453474952,
   0.4998505652377894
  ],
  [
   0.5000904809066485,
   0.49903503879985384,
   0.500002573883397,
   0.4992189093621456,
   0.5004772226305095,
   0.49941254592470513,
   0.49980986853336984,
   0.5002957622034996,
   0.49856905132166035
  ],
  [
   0.498945864201837,
   0.49808262726630576,
   0.5004392495304033,
   0.4972839002237944,
   0.49887984749954684,
   0.4994479861365257,
   0.49424765807469284,
   0.5000446582780887,
   0.49783724169584564
  ],
  [
   0.49595188377235616,
   0.494223983916279,
   0.5027714634593933,
   0.49214467205901785,
   0.49240227199277625,
   0.49552136825817433,
   0.48613696100089143,
   0.4968267042122141,
   0.4953811720231149
  ],
  [
   0.4942950686532299,
   0.4876224308493174,
   0.5056733287617087,
   0.4840074883967078,
   0.48491753473176225,
   0.4879518671015986,
   0.4718087490021126,
   0.49365031618823746,
   0.49268189624865966
  ],
  [
   0.48779105660965233,
   0.48003900247459946,
   0.5079946279041624,
   0.47526481186077035,
   0.47335431409617335,
   0.4786739898484158,
   0.4580165194150911,
   0.4907981696508991,
   0.48947320883522
  ],
  [
   0.48403918874317253,
   0.4683120425676519,
   0.5112413319652366,
   0.4655486358492693,
   0.46088446661134835,
   0.4674081849017293,
   0.43563631163079863,
   0.48693973738922575,
   0.4837522787422284
  ],
  [
   0.4780499735105017,
   0.45716883001708,
   0.5148943365971066,
   0.4550740598746024,
   0.4446294624326393,
   0.45062397437482354,
   0.41082071026262795,
   0.4788095283290628,
   0.4746551164413237
  ],
  [
   0.46945926748992045,
   0.44141170242228195,
   0.5231676079810882,
   0.4432923455591638,
   0.4244689558845902,
   0.42948206567786373,
   0.3828858605841115,
   0.46957564171075733,
   0.46518824227095895
  ],
  [
   0.4650446800541405,
   0.4174390642590809,
   0.530896790198334,
   0.43009325420169064,
   0.3972398489301372,
   0.40587711159082823,
   0.352377466144475,
   0.45570010479807915,
   0.4519778896260913
  ],
  [
   0.45835134043636,
   0.3966704546632785,
   0.5406309074890322,
   0.4129940273085337,
   0.36755935238005244,
   0.3726846043823056,
   0.3190622182316638,
   0.4404260842426671,
   0.4314560098672339
  ],
  [
   0.4560523811372974,
   0.36750244592086984,
   0.5483756681967966,
   0.40010916345263364,
   0.33676897214902723,
   0.34756714656979754,
   0.2839631827408649,
   0.42373832183462423,
   0.40601087155217735
  ],
  [
   0.4491221130687582,
   0.3402700957680349,
   0.556616201963969,
   0.381051989753933,
   0.31165958318424664,
   0.3132525335139195,
   0.2523464445414037,
   0.40414432331369105,
   0.382257487215166
  ],
  [
   0.4415460126426593,
   0.3073212547102046,
   0.5635339006034203,
   0.36794828049780137,
   0.27795552198463985,
   0.2832641684311318,
   0.22297885324779665,
   0.38881111768156984,
   0.3553963374493711
  ],
  [
   0.4306754904163312,
   0.27759842192720735,
   0.5760930170454197,
   0.34973185148697716,
   0.25278693303284555,
   0.25194082350169544,
   0.19696344189884982,
   0.365085251829013,
   0.3347253977204903
  ],
  [
   0.4232654486722287,
   0.24721975821862366,
   0.586766149437511,
   0.3366652239471389,
   0.22672919410874715,
   0.2216368334610398,
   0.1770097316696382,
   0.3403968491293377,
   0.30737350107413286
  ],
  [
   0.41180690283163307,
   0.21895759051488295,
   0.598073645205275,
   0.32784790441705974,
   0.2026345341803829,
   0.19768011026496038,
   0.1564837329411388,
   0.3181915490254181,
   0.28430465146476763
  ],
  [
   0.4049990496619078,
   0.19031013376662365,
   0.6039622480910478,
   0.3186191611720118,
   0.1844361060719231,
   0.1749924240226217,
   0.13992886288263595,
   0.29660878271921387,
   0.2642321031515103
  ],
  [
   0.40013035916457595,
   0.1691290162244773,
   0.6100156879008828,
   0.3089759306515019,
   0.1645074156038223,
   0.1591075974285351,
   0.1311940350680652,
   0.27224208009730555,
   0.23869290372217197
  ],
  [
   0.39602200510349944,
   0.1524189184329384,
   0.6126395978368616,
   0.30664819248599173,
   0.15261990717732982,
   0.1481150647731628,
   0.12262971847518563,
   0.2512649564884122,
   0.21843898546929527
  ],
  [
   0.3915793995604943,
   0.13913192452320197,
   0.6170796113757285,
   0.29883375453707794,
   0.1404912327992877,
   0.1366820299849603,
   0.11659736783491563,
   0.23451943618286486,
   0.20145671084839048
  ],
  [
   0.39123743612674283,
   0.1298268774821958,
   0.6192085733937818,
   0.2896407829154812,
   0.1341736750833076,
   0.12537182039723418,
   0.11093148994376788,
   0.216732842264856,
   0.18928169921213112
  ],
  [
   0.3900676341369795,
   0.12348305830741697,
   0.6214916449012897,
   0.2864811772562454,
   0.12467672862557684,
   0.11999319111554245,
   0.107357471213062,
   0.203825170119487,
   0.1767422603660744
  ],
  [
   0.38715287396085873,
   0.11668253433200047,
   0.6301399975443952,
   0.27902597396065637,
   0.11786973637551564,
   0.11453971066837865,
   0.10235057700656519,
   0.19253027198307496,
   0.16674891003729161
  ],
  [
   0.3771315758451576,
   0.11092271153652965,
   0.6403875832381821,
   0.27615760134580225,
   0.11632457154993203,
   0.10954767643240809,
   0.09902950919874176,
   0.1825540771231475,
   0.1608871299834008
  ],
  [
   0.3761563696851172,
   0.10775906363948323,
   0.643671213298427,
   0.2770273899384638,
   0.11183422953655832,
   0.10753795021777507,
   0.09811809001520992,
   0.174052979565812,
   0.15307103462654395
  ],
  [
   0.37437680718817057,
   0.10457488695008305,
   0.646876000033932,
   0.27199532205520416,
   0.10993062674325987,
   0.10452924750152653,
   0.0962503371333796,
   0.16256364061955228,
   0.14752505147080933
  ],
  [
   0.37336943162476116,
   0.10592851114551631,
   0.6475880050973415,
   0.26981051076888635,
   0.10628192152475953,
   0.1050772508873107,
   0.0968022858267773,
   0.15491263745206965,
   0.13911860734278544
  ],
  [
   0.3712931621559199,
   0.104619083102012,
   0.6542475971420549,
   0.2660104778505965,
   0.10714888387664971,
   0.10310004344966645,
   0.0960651365306534,
   0.14740006755496207,
   0.13201819189281358
  ],
  [
   0.36844499542523573,
   0.10412754717054486,
   0.6549717509073737,
   0.2622022024006765,
   0.107440973635571,
   0.10055956298225628,
   0.09684845297692589,
   0.1411875458278306,
   0.12459911106054407
  ],
  [
   0.3708137466756025,
   0.1042706598182579,
   0.6608289198384212,
   0.2615016388092119,
   0.10545787096130509,
   0.09905225293898905,
   0.09663100867006848,
   0.13556273187210655,
   0.12158700766796428
  ],
  [
   0.368173013805378,
   0.10412719186151263,
   0.6636259400500195,
   0.2602298016834072,
   0.10459017633081956,
   0.10060513532126919,
   0.09558854817406226,
   0.13168927933666624,
   0.11990724730710474
  ],
  [
   0.3660617184659742,
   0.09948892016425648,
   0.6695204323931491,
   0.2540637194242497,
   0.10358894000481152,
   0.10046781361396567,
   0.0974687788078188,
   0.12995301039604207,
   0.11869882444043821
  ],
  [
   0.36577971000696735,
   0.10090216966727623,
   0.6748949686433511,
   0.2514346578665165,
   0.10209089580915338,
   0.10031241803305496,
   0.09528966035925256,
   0.13039402317042106,
   0.1151693057187423
  ],
  [
   0.3686013926765246,
   0.09967038567357928,
   0.6778563067274131,
   0.24892446086510744,
   0.10326532724445324,
   0.09984142989840132,
   0.09671243900124521,
   0.1274603731923126,
