{
 "name": "Karge Hoehe",
 "split": "test",
 "env": {
  "temperature": 0.5,
  "predation": 0.1,
  "foodAbundance": 0.35,
  "foodHeight": 0.8,
  "light": 0.5,
  "water": 0.6
 },
 "generations": 80,
 "traits": [
  "insulation",
  "size",
  "limbLength",
  "metabolism",
  "armor",
  "photosynthesis",
  "mobility",
  "structure"
 ],
 "trajectory": [
  [
   0.5003555857558147,
   0.4998556680717013,
   0.5006348919869128,
   0.5002495530544128,
   0.49980677103561183,
   0.4997878594967075,
   0.5001344176920638,
   0.4997591527196754
  ],
  [
   0.4998243585799486,
   0.49837934837306164,
   0.5018092630120817,
   0.49909358131955184,
   0.49720692842337005,
   0.49816485837050006,
   0.49866969692972624,
   0.49919861099488566
  ],
  [
   0.4950794186350482,
   0.49123945554426646,
   0.506354137896981,
   0.4946447121254325,
   0.4912245256921093,
   0.4940738435237199,
   0.4947197508499144,
   0.4962000789966301
  ],
  [
   0.4855728280622227,
   0.47911503282125856,
   0.512927024864332,
   0.48548037114085935,
   0.4786104037141865,
   0.4884036886749308,
   0.48568428667257457,
   0.4914510187823016
  ],
  [
   0.4749460435433728,
   0.4604998941483331,
   0.5237807870411302,
   0.4727148334783209,
   0.4611891361982729,
   0.4785355658596178,
   0.4746875638919879,
   0.47929419868132245
  ],
  [
   0.4556965805480024,
   0.43652124279956617,
   0.5348939432320379,
   0.45590423518310974,
   0.44219294837121415,
   0.468572200500156,
   0.46023160653710016,
   0.46432242147634106
  ],
  [
   0.44176848229217897,
   0.40828151599668044,
   0.5486496477905181,
   0.43860291295224046,
   0.4155563251727941,
   0.45668975153290975,
   0.43902263135141184,
   0.44529822860778223
  ],
  [
   0.4235011204910754,
   0.37425356438318835,
   0.5651006230909214,
   0.4148685445823326,
   0.3862141142334934,
   0.44364977656668564,
   0.42143931075708285,
   0.4271351754176435
  ],
  [
   0.40646128751290406,
   0.3366484415558819,
   0.5827567781203014,
   0.38983188728884416,
   0.3524319271304976,
   0.4282393121140171,
   0.4052924367820209,
   0.40325583831284
  ],
  [
   0.38933296734224737,
   0.29823246588037655,
   0.6047993430356878,
   0.365192038172851,
   0.32002517019879917,
   0.40805951723022466,
   0.3855151991726323,
   0.37878172320066533
  ],
  [
   0.3802325086708369,
   0.2580258648560128,
   0.6282107348687966,
   0.34082731663404586,
   0.29039788305770226,
   0.39648981042171144,
   0.36328863015890184,
   0.35420006815821564
  ],
  [
   0.36996921686018824,
   0.22270244069057585,
   0.6445690326184076,
   0.3126775522293445,
   0.259463827854641,
   0.38471525737202406,
   0.34247643473655587,
   0.3321159036630134
  ],
  [
   0.35813374654565916,
   0.194320896292936,
   0.6590534798168095,
   0.2860971596677792,
   0.2320253978513912,
   0.3725920435069959,
   0.3187527332086072,
   0.3093563138322348
  ],
  [
   0.3535107738085428,
   0.1662214675813087,
   0.6738451331969101,
   0.2609999160321104,
   0.20632336175539287,
   0.3630785421954131,
   0.29741140530833465,
   0.2927983908397523
  ],
  [
   0.34757421394905225,
   0.14495531168911627,
   0.6913426181867219,
   0.2316801392447587,
   0.18780099788372803,
   0.3568300179920627,
   0.2832792301515467,
   0.2732585466605199
  ],
  [
   0.34259403123507676,
   0.12928853312765565,
   0.7002886976188036,
   0.20938150307431655,
   0.17037450501303184,
   0.34967174227503145,
   0.26778214873810274,
   0.2559660612892463
  ],
  [
   0.33704242967491616,
   0.11728026983273974,
   0.7070987066831543,
   0.1899255381593509,
   0.16019927567578465,
   0.338342843604658,
   0.2541859160805238,
   0.24011562162827146
  ],
  [
   0.331976598150683,
   0.10931478702469567,
   0.7133855801397436,
   0.17496679229672898,
   0.14919018143557242,
   0.32770280206919616,
   0.23980082173163042,
   0.22545291236286247
  ],
  [
   0.3315999075073202,
   0.1041552263306794,
   0.7213411262183173,
   0.16218205918415188,
   0.13746174044826587,
   0.31854087477199783,
   0.22661617322339203,
   0.21346895348082986
  ],
  [
   0.33012164482482986,
   0.09649349198555136,
   0.7246609395752782,
   0.14918837031233678,
   0.12986769737167914,
   0.3126679693404341,
   0.21750843710252854,
   0.19968371047756425
  ],
  [
   0.33032268416922733,
   0.09505514714547714,
   0.7280001827635972,
   0.1400412239708568,
   0.12259462439513691,
   0.30393147707289475,
   0.2075083715882088,
   0.18863548174162378
  ],
  [
   0.33270092141585217,
   0.09490282005384532,
   0.7359517273936089,
   0.13271457644266366,
   0.11744284574733942,
   0.3047156625519855,
   0.20155786573195852,
   0.1786628655979353
  ],
  [
   0.3346256646588055,
   0.09212173021150721,
   0.7468497883370082,
   0.12780493827352254,
   0.11458934126771671,
   0.29428944697885656,
   0.19943263928119917,
   0.17016604378049907
  ],
  [
   0.3359546227966066,
   0.090332493397777,
   0.7469663171425581,
   0.12446799544495872,
   0.11258407682091548,
   0.29178862860248905,
   0.19998977922580638,
   0.16327193770790824
  ],
  [
   0.33792002974165225,
   0.08863624266202715,
   0.754013572226118,
   0.11908525785369221,
   0.11088577758607294,
   0.2887002019929582,
   0.1942558230604888,
   0.15874927319715723
  ],
  [
   0.3353615768760578,
   0.08819173299412868,
   0.7584144369815666,
   0.11628489556651157,
   0.10957027674911364,
   0.2861171987246722,
   0.1903031187404994,
   0.1537295257803318
  ],
  [
   0.3359473375466025,
   0.08815309563056262,
   0.7609832659070257,
   0.11459551065018485,
   0.10676708014330628,
   0.2815558481667387,
   0.18615415029476004,
   0.15037318508212985
  ],
  [
   0.3345844817087203,
   0.08856972250014493,
   0.7643722630611488,
   0.11263439706921584,
   0.10432895738082741,
   0.2745690177976493,
   0.1841129160263212,
   0.14469080439519177
  ],
  [
   0.33547078861711627,
   0.08730394489913133,
   0.7661345379332011,
   0.10902258889083179,
   0.10361170998619153,
   0.2731825004845216,
   0.18315225371346674,
   0.1407843431859944
  ],
  [
   0.33275365577886445,
   0.08803864358625636,
   0.7663805335348773,
   0.11009513193050617,
   0.10277137960017108,
   0.27521942881939265,
   0.17962434849245,
   0.134902093709147
  ],
  [
   0.3306559033681578,
   0.08856455592395802,
   0.7708315486223687,
   0.10685202690752187,
   0.10202910825196036,
   0.26493576680504866,
   0.17498189449203969,
   0.13244396937869304
  ],
  [
   0.32697267492347687,
   0.0885738357240053,
   0.7751964449519358,
   0.10529328072203292,
   0.10664629496323462,
   0.26170639908071924,
   0.17449200801385092,
   0.13145943909702504
  ],
  [
   0.3280288930699193,
   0.08785807858995327,
   0.7769203060827485,
   0.1057299154986132,
   0.10406476338981717,
   0.2568436040006948,
   0.17689258053934054,
   0.12891064566696858
  ],
  [
   0.32657069654142196,
   0.08756257006138594,
   0.7776762409957997,
   0.10603971798253216,
   0.1027495314185964,
   0.25297850670049177,
   0.17936622117335013,
   0.1280409518121752
  ],
  [
   0.32633712274638393,
   0.08768870909204567,
   0.7828549657857525,
   0.10802658462877283,
   0.100927713655938,
   0.25454863132794897,
   0.17969959230463908,
   0.12623108026619315
  ],
  [
   0.32385957421581135,
   0.08869568964819759,
   0.7855492057149916,
   0.10825229051263247,
   0.09934248289271456,
   0.2525073954011376,
   0.18098308134975705,
   0.12541074871894933
  ],
  [
   0.3213982926900258,
   0.08888826907235585,
   0.7866012353898895,
   0.11072599730397749,
   0.10199741019866555,
   0.2536846418296987,
   0.18222720242236023,
   0.12381169592340711
  ],
  [
   0.3225698396658083,
   0.08934081294539682,
   0.7893912820280562,
   0.10894776000285333,
   0.10292628060645131,
   0.2530228021849684,
   0.18013855406829796,
   0.1241793096693923
  ],
  [
   0.325399134536648,
   0.08931206920241645,
   0.790463287511651,
   0.10831420057310316,
   0.1036810373473165,
   0.24770317754267035,
   0.17946985774708532,
   0.1237496515628088
  ],
  [
