{
 "name": "Karge Hoehe",
 "split": "test",
 "env": {
  "temperature": 0.5,
  "predation": 0.1,
  "foodAbundance": 0.35,
  "foodHeight": 0.8,
  "light": 0.5,
  "water": 0.6
 },
 "generations": 80,
 "traits": [
  "insulation",
  "size",
  "limbLength",
  "metabolism",
  "armor",
  "photosynthesis",
  "mobility",
  "structure"
 ],
 "trajectory": [
  [
   0.5003555857558147,
   0.4998556680717013,
   0.5006348919869128,
   0.5002495530544128,
   0.49980677103561183,
   0.4997878594967075,
   0.5001344176920638,
   0.4997591527196754
  ],
  [
   0.49964571198549224,
   0.4981433550866603,
   0.5017927572818995,
   0.4990857476313629,
   0.497351609318294,
   0.49816555594598305,
   0.49866125555737434,
   0.49887697528419345
  ],
  [
   0.49475625408908225,
   0.4893352549767281,
   0.5060611239345104,
   0.49507514294206256,
   0.4916830633333569,
   0.49393929606875525,
   0.4940355070007461,
   0.4952561572233638
  ],
  [
   0.4885027340726748,
   0.47695253271422194,
   0.5123534314752025,
   0.48596924861622703,
   0.48138171640819083,
   0.4886037499176053,
   0.4839807381345444,
   0.4877139030031794
  ],
  [
   0.47931687008689994,
   0.451090262205853,
   0.52499714048458,
   0.47280579722816723,
   0.4637466921828517,
   0.47867704799054467,
   0.47084897809869536,
   0.47595421543940536
  ],
  [
   0.46920342154812217,
   0.4218729480470817,
   0.5397373516338244,
   0.4549046722834742,
   0.43878170874806804,
   0.4659043849866995,
   0.45397919785138624,
   0.4596868045839748
  ],
  [
   0.46434418121198706,
   0.38872931660173354,
   0.5597290315048045,
   0.43155484231777147,
   0.4106560293719342,
   0.45408176560461105,
   0.43406508069337774,
   0.4429171479534788
  ],
  [
   0.4555219891567815,
   0.3529951947948053,
   0.5773828071480321,
   0.40162408296083246,
   0.3785810551985418,
   0.4369217901730352,
   0.4124189266276634,
   0.42430627428027323
  ],
  [
   0.44738082354472314,
   0.3162671867750506,
   0.6007005180065953,
   0.3757589377137464,
   0.3431190213300028,
   0.4203445398323565,
   0.38908345109937975,
   0.4006907169332456
  ],
  [
   0.4429273218731265,
   0.27755355955070643,
   0.622298224912878,
   0.3447591648064548,
   0.30893257707694827,
   0.4043850960399618,
   0.3680072732690425,
   0.3771594400443508
  ],
  [
   0.4415210234752389,
   0.24337594712091057,
   0.6428747838588157,
   0.3113039602233019,
   0.2733444044912445,
   0.3901155057514573,
   0.34459707589420363,
   0.3490373709443693
  ],
  [
   0.43701711261436654,
   0.20588587970078964,
   0.6592219517369979,
   0.282622890962748,
   0.23828305763523716,
   0.37673506511605664,
   0.3237403558452066,
   0.32302272587022607
  ],
  [
   0.43638411804915367,
   0.17545006824488715,
   0.672850796572858,
   0.25619339031898664,
   0.20717629498322984,
   0.3638041967211822,
   0.30333656811695814,
   0.3033855206484379
  ],
  [
   0.4344927424766172,
   0.14708784425732582,
   0.6892423701603388,
   0.23310014233209095,
   0.1802664375493911,
   0.3518859616786663,
   0.283523827113274,
   0.2831191786729304
  ],
  [
   0.43513519550704666,
   0.12764401712785928,
   0.7022447890646424,
   0.2090647725620296,
   0.1599452290043659,
   0.3415288140270394,
   0.26524010481945054,
   0.26040346644762913
  ],
  [
   0.43509303598293814,
   0.11268988504209926,
   0.7149184181800273,
   0.18683689629159564,
   0.14397459784260946,
   0.32958887768955253,
   0.24707934789738895,
   0.23942303078551833
  ],
  [
   0.4389426469825753,
   0.10510609041220002,
   0.725599204270683,
   0.16742717085222134,
   0.1306027105065904,
   0.31912997168347434,
   0.228430310360654,
   0.2217939129022529
  ],
  [
   0.44277862040821186,
   0.09612810642458808,
   0.7365584042565799,
   0.15032996392512601,
   0.12052468741415252,
   0.3140913160447558,
   0.21571693872163825,
   0.20592005021957868
  ],
  [
   0.4431610832668605,
   0.09237722812251863,
   0.7439680960433878,
   0.13683381465250996,
   0.1116965900928602,
   0.30844315035384867,
   0.20593591745328307,
   0.19167126187896066
  ],
  [
   0.4404184326806376,
   0.08752950516458247,
   0.7494354640262114,
   0.12831889379916572,
   0.10734199508449928,
   0.3018058363480405,
   0.19598558169765046,
   0.17693154564418223
  ],
  [
   0.4400456422244517,
   0.0865389876247215,
   0.7585739829360262,
   0.11953066803325176,
   0.10501670417894628,
   0.2956961312124734,
   0.18195918345521442,
   0.16970087495582176
  ],
  [
   0.44295520271631283,
   0.08618867961802705,
   0.7656146414955544,
   0.11646105759831439,
   0.10135926504414577,
   0.2919197743337791,
   0.17805226428685314,
   0.15803287126813662
  ],
  [
   0.4411931700295481,
   0.08421935005813537,
   0.7672969101564445,
   0.10914247744981541,
   0.09874975148571707,
   0.28366276509002236,
   0.1769920539195776,
   0.14714248655368312
  ],
  [
   0.444487990279729,
   0.08443157356735335,
   0.7689705662248154,
   0.10666709723888664,
   0.09749303651605663,
   0.2810716439292553,
   0.17329382605185317,
   0.13903531115327852
  ],
  [
   0.4440977555851518,
   0.08237804009722165,
   0.7699207473603745,
   0.10500808633136793,
   0.09561193900194155,
   0.2764967700515851,
   0.1715195999302768,
   0.1332269387902079
  ],
  [
   0.4449295064949577,
   0.08259983406418965,
   0.7720445912625418,
   0.10407276182445836,
   0.09435483811939666,
   0.26909971997316645,
   0.1713964551429741,
   0.13117338255400576
  ],
  [
   0.44595607883671434,
   0.08253804232141383,
   0.778247634074919,
   0.10315869339496371,
   0.09332956281668532,
   0.26607989551151834,
   0.1719112040223463,
   0.12620215120777947
  ],
  [
   0.443310920256135,
   0.08126950418754988,
   0.7740719474880469,
   0.1017493145486812,
   0.09192329587826716,
   0.2594586585979145,
   0.1694634946058345,
   0.12217134131881074
  ],
  [
   0.4430944469698434,
   0.08225717208084254,
   0.7787798530245683,
   0.10085243045666668,
   0.09054816264450848,
   0.254803063241891,
   0.16960627675889886,
   0.11890157891825304
  ],
  [
   0.44402048929981625,
   0.08221971625040109,
   0.7808415242992077,
   0.10065788860420438,
   0.09171709623450507,
   0.25266597275550934,
   0.17185662314332473,
   0.11613403251262648
  ],
  [
   0.44206369895042386,
   0.08186134783164782,
   0.7793607592179294,
   0.09904061166832327,
   0.08881095993823908,
   0.2478837753203007,
   0.1679829581238078,
   0.11631946783870707
  ],
  [
   0.4432811004323995,
   0.08209806002062807,
   0.7810028309969158,
   0.09809340902950937,
   0.09119866631639816,
   0.24572581615818292,
   0.1656571545762854,
   0.11650767288133368
  ],
  [
   0.4443305853586275,
   0.08046939811862162,
   0.7814174696229367,
   0.09800839837900233,
   0.09132226618168486,
   0.2378461527673692,
   0.16955740541954364,
   0.11523880469541146
  ],
  [
   0.44418181942974155,
   0.08038454871049057,
   0.7850293030952259,
   0.0978726606807645,
   0.09183078549082004,
   0.2355133214254782,
   0.17193130891567196,
   0.11365734222910463
  ],
  [
   0.4428538281906249,
   0.07850408047754225,
   0.7847156086014967,
   0.09928466908865995,
   0.09060829428996119,
   0.23249602661959237,
   0.17305350801156785,
   0.11290780594060934
  ],
  [
   0.4440390830080532,
   0.07829900867557062,
   0.7872059607396142,
   0.09961914980135134,
   0.08920082818858255,
   0.2312064063121455,
   0.1753764023385215,
   0.11156249707706344
  ],
  [
   0.4470468921196246,
   0.07927196882648498,
   0.784167958046106,
   0.10022508098942663,
   0.08910189025483194,
   0.22786384639048907,
   0.17995611061842087,
   0.11126878819106756
  ],
  [
   0.4487536380289306,
   0.07816914684019531,
   0.7832728277526598,
   0.09826585693046075,
   0.08876311428246793,
   0.22401496801658763,
   0.17913439019262192,
   0.11030001141912611
  ],
  [
   0.4472223791677889,
   0.08014987273519468,
   0.787048100465184,
   0.10162525553363595,
   0.0900852925072864,
   0.21947601461065402,
   0.17888098078160616,
   0.1101512602812975
  ],
  [
