{
 "name": "Karge Hoehe",
 "split": "test",
 "env": {
  "temperature": 0.5,
  "predation": 0.1,
  "foodAbundance": 0.35,
  "foodHeight": 0.8,
  "light": 0.5,
  "water": 0.6
 },
 "generations": 80,
 "traits": [
  "insulation",
  "size",
  "limbLength",
  "metabolism",
  "armor",
  "photosynthesis",
  "mobility",
  "structure"
 ],
 "trajectory": [
  [
   0.5003555857558147,
   0.4998556680717013,
   0.5006348919869128,
   0.5002495530544128,
   0.49980677103561183,
   0.4997878594967075,
   0.5001344176920638,
   0.4997591527196754
  ],
  [
   0.5005640992230386,
   0.4995780123007188,
   0.501422808268898,
   0.5000293519118756,
   0.49823608626746835,
   0.4985797530800202,
   0.4985137871895439,
   0.4995671099872443
  ],
  [
   0.4978422894114751,
   0.4977421282022516,
   0.5020983095493089,
   0.4987162400118535,
   0.4944565807373095,
   0.4967509147471181,
   0.49386271688534555,
   0.49942979643071
  ],
  [
   0.49427813200430154,
   0.49928178038170135,
   0.5048764229825908,
   0.49417571200948895,
   0.4880174321532585,
   0.4914859200893773,
   0.48241875927724126,
   0.4981024813826802
  ],
  [
   0.49163793328255734,
   0.4946187054263791,
   0.5085520310115706,
   0.48530015930386255,
   0.48037855735108687,
   0.48224880466527553,
   0.46897225697542394,
   0.49553640410807515
  ],
  [
   0.4853393505260148,
   0.4869305887200921,
   0.5123178835330189,
   0.4723055986345474,
   0.46786134184080036,
   0.4707029029947624,
   0.4489826789978695,
   0.49110350813083276
  ],
  [
   0.4779375320916451,
   0.4733207322836807,
   0.5173985635998618,
   0.4611301902914236,
   0.45064674887680867,
   0.45605485563423986,
   0.4186175467547136,
   0.4861645215161671
  ],
  [
   0.47007485466743765,
   0.45944296225974085,
   0.526220897027107,
   0.4462650553138167,
   0.4308092341832764,
   0.4382421111464759,
   0.3869201419816242,
   0.4797147577762105
  ],
  [
   0.4585491829596536,
   0.4411800558263332,
   0.5341035911268661,
   0.4324938921784491,
   0.4036871098717553,
   0.41154394941607286,
   0.350188503192049,
   0.4663353915364797
  ],
  [
   0.44878159358295805,
   0.4243566732723374,
   0.5437583050854479,
   0.41196644431736024,
   0.37512838873777693,
   0.3840614483024997,
   0.3113421346313521,
   0.4505997286474576
  ],
  [
   0.4432783365939263,
   0.3979555332104674,
   0.5529680679912762,
   0.3920912695419804,
   0.34343040959973115,
   0.3530966003124813,
   0.27295502746162087,
   0.4327678554527901
  ],
  [
   0.434571918157243,
   0.36907552031598123,
   0.561288817628445,
   0.3770467726918849,
   0.3132779578168981,
   0.3259949925373859,
   0.23322244510722123,
   0.41587310789873816
  ],
  [
   0.42960170097975797,
   0.34338593504146203,
   0.5707626978248804,
   0.360364753494719,
   0.2808869763924912,
   0.29503206127423254,
   0.2038346501706291,
   0.39661844102331956
  ],
  [
   0.42194463504169927,
   0.31227490957990905,
   0.5779069203629988,
   0.3459617465435523,
   0.24716539174497335,
   0.26663865052580643,
   0.17747454427528098,
   0.3809014966313012
  ],
  [
   0.4139696734798468,
   0.28443638655729797,
   0.5835616949236658,
   0.32987196711476197,
   0.21741710484649848,
   0.2395810509387599,
   0.15684815835251745,
   0.3530700338960484
  ],
  [
   0.40918729369978957,
   0.25716108920988123,
   0.5880695869660001,
   0.3207016432593699,
   0.19426896571923657,
   0.2102575736154182,
   0.1411887471261347,
   0.33440573994764083
  ],
  [
   0.4043434593611535,
   0.22675235213921177,
   0.5931980064716612,
   0.3128155237643416,
   0.1790184818127023,
   0.18683499120768202,
   0.1292204683038997,
   0.3099445661082996
  ],
  [
   0.40142359928557175,
   0.2029481545472388,
   0.592925576581696,
   0.30316465921092456,
   0.16467601027744297,
   0.1705963010681157,
   0.11810898029345447,
   0.28986031107957316
  ],
  [
   0.39660369297418313,
   0.1797189054211784,
   0.5957054608507879,
   0.2934601616253504,
   0.15226968123064583,
   0.1586273200955152,
   0.10912973216939943,
   0.271998172730902
  ],
  [
   0.3933081751281136,
   0.16430638973500294,
   0.5932217983453533,
   0.2867136923230948,
   0.1441642068008792,
   0.1471357952988541,
   0.10477796242722377,
   0.25468184730197246
  ],
  [
   0.39148777022481734,
   0.15101048634295147,
   0.594109374369865,
   0.2815863580952164,
   0.1347573627670822,
   0.1368332049949831,
   0.10045096145086502,
   0.2372741152865101
  ],
  [
   0.3899826964822153,
   0.14537506733630418,
   0.5987109867714604,
   0.27183171605353357,
   0.12897558837067297,
   0.12718411478353486,
   0.09745415288640659,
   0.22235233576919153
  ],
  [
   0.3842537175190038,
   0.1349270215339471,
   0.6034897284109279,
   0.2679628505626879,
   0.1271894018597727,
   0.11923182863440503,
   0.09581347811163693,
   0.2033738742914987
  ],
  [
   0.3818673809696946,
   0.12773506452306807,
   0.6039914624363586,
   0.2621356297098524,
   0.12441247979552388,
   0.11521318151459266,
   0.09377355139735227,
   0.18845925686147416
  ],
  [
   0.37876362923532425,
   0.12397408821619267,
   0.6098127425284725,
   0.2609694203654887,
   0.12139808769763749,
   0.1107694861526201,
   0.09320968367193794,
   0.17634297295311666
  ],
  [
   0.3798656434291043,
   0.11804752901335654,
   0.6107147623737832,
   0.2601111071647106,
   0.11669100406025733,
   0.10689266681059885,
   0.09295551204310015,
   0.16872285769279635
  ],
  [
   0.3782077938201154,
   0.11469552078760381,
   0.6191750815120675,
   0.2571483696459697,
   0.11084381568329393,
   0.1060095669034954,
   0.09230797559466493,
   0.15877314902762735
  ],
  [
   0.37663613495789244,
   0.112038470432325,
   0.6238340986085654,
   0.25328725324327306,
   0.10695739908361934,
   0.10388680256504529,
   0.090952184550047,
   0.15075815203750567
  ],
  [
   0.37650587710595534,
   0.10931046357650138,
   0.6323736827101897,
   0.25207300862502974,
   0.10663579797625396,
   0.1007446772951139,
   0.09091014437905943,
   0.14781246477402157
  ],
  [
   0.37383224061554693,
   0.10760831099722125,
   0.6303874610312384,
   0.25096040474985143,
   0.10657912723713941,
   0.10097849573159118,
   0.08940368108353765,
   0.1402198050512091
  ],
  [
   0.37184565223548655,
   0.10599595798636903,
   0.6364311868093785,
   0.24988802518197073,
   0.10343142012660735,
   0.10098728759142898,
   0.08969996972600071,
   0.13636303247954623
  ],
  [
   0.3679549896496257,
   0.1028495622956755,
   0.6427329677276749,
   0.2437066160763032,
   0.10472203299067866,
   0.1016053206827915,
   0.09103770361431117,
   0.13075016763357264
  ],
  [
   0.3649620979233412,
   0.10134241603009479,
   0.6440314878183252,
   0.24217376439702668,
   0.10511359380487208,
   0.09973419255443715,
   0.0911307230798144,
   0.1269155728433887
  ],
  [
   0.36774724218813365,
   0.10032966939569804,
   0.6454367596756264,
   0.23674655675051093,
   0.10642665521549854,
   0.09934478496683373,
   0.09289413935425357,
   0.1275511582538038
  ],
  [
   0.36582599222017853,
   0.10075453930087658,
   0.641084485444188,
   0.23300209286149495,
   0.1052460373548923,
   0.10051718695761812,
   0.09308555677965409,
   0.1269540856554432
  ],
  [
   0.3692844479324344,
   0.09907066799491325,
   0.648171143174447,
   0.23185877893002985,
   0.10424299664662408,
   0.10007123573439279,
   0.09220124771518157,
   0.12668090524369433
  ],
  [
   0.3661258693039496,
   0.09833845015253291,
   0.6483959056812344,
   0.23070018147914625,
   0.10398799084115606,
   0.09871992757629887,
   0.09476362853360598,
   0.1271915066637148
  ],
  [
   0.3686615974188776,
   0.09965006599640236,
   0.6461680002707512,
   0.22845269048826103,
   0.10384262945328665,
   0.09757968419696629,
   0.09404988582359854,
   0.12864828013187188
  ],
  [
   0.3688322121411565,
   0.10064618035026346,
   0.64728434223196,
   0.22986776400795617,
   0.10465514603577825,
   0.09871537890067499,
   0.09397465175465702,
   0.1287326565550435
  ],
  [
   0.36510623339241016,
