{
 "name": "Karge Hoehe",
 "split": "test",
 "env": {
  "temperature": 0.5,
  "predation": 0.1,
  "foodAbundance": 0.35,
  "foodHeight": 0.8
 },
 "generations": 80,
 "traits": [
  "insulation",
  "size",
  "limbLength",
  "metabolism",
  "armor"
 ],
 "trajectory": [
  [
   0.4996433834143544,
   0.4991594094359171,
   0.5000550608007928,
   0.5000850530552066,
   0.5014633631818153
  ],
  [
   0.49841070954290884,
   0.4987457963725568,
   0.5033601423517814,
   0.4969084828950053,
   0.4988753246997802
  ],
  [
   0.49213817933294907,
   0.4917051587846104,
   0.5177823674502915,
   0.4913841016119429,
   0.48750358240938296
  ],
  [
   0.48298183219378626,
   0.4798317861530195,
   0.5445064824688531,
   0.48437346032484424,
   0.47330931262374537
  ],
  [
   0.4727832112173682,
   0.47172229291518625,
   0.588250629069404,
   0.4809040328750174,
   0.4501711335026822
  ],
  [
   0.45840642103194873,
   0.4615382711603062,
   0.6364883428593832,
   0.47346687320730685,
   0.4221285297810778
  ],
  [
   0.4441422915538313,
   0.4485209524424672,
   0.6969851646252817,
   0.4616429058809985,
   0.38813869269540585
  ],
  [
   0.43620818788637533,
   0.43928519079035944,
   0.7509721086005688,
   0.4542261163998073,
   0.3435245048404654
  ],
  [
   0.43153260948509825,
   0.41712195565772703,
   0.808006325180389,
   0.46165709365053614,
   0.30606382275775984
  ],
  [
   0.4275819757446097,
   0.3952834074788307,
   0.8389070352694984,
   0.4579660756331603,
   0.26618607246643083
  ],
  [
   0.428928398045749,
   0.3695785209887905,
   0.8694663912193968,
   0.4584723856650992,
   0.22948252117338833
  ],
  [
   0.42696951483190965,
   0.34136139597206827,
   0.8884044501303684,
   0.4573063419390268,
   0.20211148788229824
  ],
  [
   0.42953546048458735,
   0.31482235607794856,
   0.9051773141509988,
   0.4668862036463443,
   0.17018527425314997
  ],
  [
   0.42877318851247265,
   0.28193578265177216,
   0.9136046107283916,
   0.47374119698248723,
   0.15256210011840063
  ],
  [
   0.4267815515893238,
   0.2568653861940909,
   0.9194414882464041,
   0.47309612381467475,
   0.13708340659196633
  ],
  [
   0.42820575421220836,
   0.23104224596587483,
   0.9198976273447786,
   0.4883063822469826,
   0.12373719558724917
  ],
  [
   0.42781551119834366,
   0.20458703485462612,
   0.9211321812646096,
   0.491707717272015,
   0.11692993087865299
  ],
  [
   0.4297391744518091,
   0.1891307233481138,
   0.9254774491581351,
   0.5056563998264527,
   0.11220699073771996
  ],
  [
   0.4291581071292672,
   0.18787542939238233,
   0.9270388802538773,
   0.5060016943651249,
   0.1005324790929256
  ],
  [
   0.4208768472700654,
   0.17824407627733718,
   0.9283286877533828,
   0.5039807754750799,
   0.09917091749728373
  ],
  [
   0.4228559329203769,
   0.170360408527596,
   0.9264095844122017,
   0.5180558402211255,
   0.08832834508662109
  ],
  [
   0.42647800564113153,
   0.16288876630692292,
   0.9278928177372091,
   0.5149338331598183,
   0.09009881429955642
  ],
  [
   0.43219162465156735,
   0.14942448273366082,
   0.9296594286859755,
   0.5166300830018163,
   0.0850600625982821
  ],
  [
   0.4322832137821892,
   0.13957910150180305,
   0.9312490926413703,
   0.5134501150287146,
   0.08171933730199403
  ],
  [
   0.4295422486239773,
   0.13384635881849408,
   0.930665118051574,
   0.5152427652880402,
   0.08343923779747946
  ],
  [
   0.4266672201030847,
   0.12639911714154753,
   0.9315556358648852,
   0.5133179311027486,
   0.08674716205101847
  ],
  [
   0.43251609533796814,
   0.12082539703967238,
   0.9303029085208259,
   0.5152970251616015,
   0.08637312748967131
  ],
  [
   0.43083399909123693,
   0.11648145752767382,
   0.9284766461334444,
   0.5039991152833485,
   0.0884905475908581
  ],
  [
   0.42854611839654105,
   0.1140363137480811,
   0.9284620839160148,
   0.49829382201398076,
   0.08989201524160671
  ],
  [
   0.43121314268510025,
   0.1156024329401477,
   0.9249491898403348,
   0.49275012886423286,
   0.08640337986453007
  ],
  [
   0.42815426105151194,
   0.11901505012266152,
   0.925422930513359,
   0.48501743060529084,
   0.08847190132017986
  ],
  [
   0.41969447777394847,
   0.11756204845935925,
   0.929461066778277,
   0.4744977978088436,
   0.08821040464384823
  ],
  [
   0.4212889108627165,
   0.11573450366994457,
   0.9295579161301514,
   0.4818941829098747,
   0.08914039857234
  ],
  [
   0.4196045922762864,
   0.11208503096768342,
   0.9304207261979239,
   0.4770718640295562,
   0.0844660420101282
  ],
  [
   0.4214731346665061,
   0.11203378744470693,
   0.9330737800126414,
   0.47824343647310114,
   0.08411265577505507
  ],
  [
   0.42275538757613873,
   0.11301372137176802,
   0.9301822589822318,
   0.4793371137000347,
   0.08201796040960957
  ],
  [
   0.42074396061541797,
   0.10910847567505468,
   0.9308934759582521,
   0.4750440165024256,
   0.08308972525799696
  ],
  [
   0.4220507276559428,
   0.11005929290150986,
   0.9323634165060257,
   0.4826027471404106,
   0.08015927401953808
  ],
  [
   0.4205549427640876,
   0.10844575467150631,
   0.9361561473392346,
   0.4729583749957622,
   0.08256249648502592
  ],
  [
   0.42896226639252427,
   0.1075489119914353,
   0.9342491948493375,
   0.4670605012132027,
   0.08354355920925911
  ],
  [
   0.42597689727476945,
   0.10615424779721518,
   0.9331100576355533,
   0.46132269734410186,
   0.08170446337933253
  ],
  [
   0.4204848939113302,
   0.10407771997320843,
   0.9323611138133724,
   0.45769965333982016,
   0.08137730642503244
  ],
  [
   0.4145889689026871,
   0.10351956920493016,
   0.931052084510721,
   0.4523426007173797,
   0.08061566320139761
  ],
  [
   0.41604238319151415,
   0.1033957050639344,
   0.92964549271929,
   0.43671194238829236,
   0.08347666771593827
  ],
  [
   0.4180794057319523,
   0.1048977221746568,
   0.9291696899817586,
   0.43063851644903495,
   0.08571673788450479
  ],
  [
   0.41402010795788496,
   0.10373072080510258,
   0.9299111235771705,
   0.42624536261832285,
   0.08627262694946303
  ],
  [
   0.41721521391943833,
   0.1048672278582573,
   0.9265869891121968,
   0.43517264234868397,
   0.08637460937629558
  ],
  [
   0.41893486738625,
   0.10602903792108813,
   0.9257760370484034,
   0.4318635858909614,
   0.08542386943030045
  ],
  [
   0.41703595816815514,
   0.10587510415807531,
   0.9302387118822351,
   0.43469182940854384,
   0.08495865944046573
  ],
  [
   0.42207415527200803,
   0.10246385839675247,
   0.9309597301612711,
   0.44719845029968797,
   0.08308152975601336
  ],
  [
   0.4223745426351954,
   0.10222471285390618,
   0.9283907095782564,
   0.4404566366272045,
   0.08542414219011885
  ],
  [
   0.424022299163652,
   0.10199254334901693,
   0.9290989436015732,
   0.44482595478621006,
   0.08398023738150234
  ],
  [
   0.4244512170395487,
   0.10759972105754227,
   0.9316069908668251,
   0.4250802580255482,
   0.08303613751511792
  ],
  [
   0.4248873147685517,
   0.10960299281344621,
   0.932176239109657,
   0.4313972850178733,
   0.08613581364935863
  ],
  [
   0.42463715253209894,
   0.11097071509814371,
   0.9307360337041306,
   0.4318702434299008,
   0.08687704858238075
  ],
  [
   0.41912307522153275,
   0.10926527100179846,
   0.9291448839223581,
   0.41832058546216927,
   0.08523820368404579
  ],
  [
   0.4201785740508055,
   0.10731329339335809,
   0.9272855111210722,
   0.41431134692144106,
   0.08357664941274924
  ],
  [
   0.42109783696689346,
   0.11107141808774446,
   0.9259314311772803,
   0.4110803906401607,
   0.08150165664823357
  ],
  [
   0.42005156485229556,
   0.10766674974806101,
   0.9279105911350061,
   0.41651197235615034,
   0.08193050934842061
  ],
  [
   0.42150071058800265,
   0.11048158559164738,
   0.9247358035287614,
   0.427062981142601,
   0.08370724073094221
  ],
  [
   0.42756599613221263,
   0.11054942535158362,
   0.9261890310174558,
   0.4326445954136032,
   0.08178041154640109
  ],
  [
   0.42922594620861404,
   0.1123383618429115,
   0.9274732644523138,
   0.4244204225915554,
