{
 "name": "Karge Hoehe",
 "split": "test",
 "env": {
  "temperature": 0.5,
  "predation": 0.1,
  "foodAbundance": 0.35,
  "foodHeight": 0.8,
  "light": 0.5,
  "water": 0.6
 },
 "generations": 80,
 "traits": [
  "insulation",
  "size",
  "limbLength",
  "metabolism",
  "armor",
  "photosynthesis",
  "mobility",
  "structure"
 ],
 "trajectory": [
  [
   0.5003555857558147,
   0.4998556680717013,
   0.5006348919869128,
   0.5002495530544128,
   0.49980677103561183,
   0.4997878594967075,
   0.5001344176920638,
   0.4997591527196754
  ],
  [
   0.5004943167872229,
   0.49922409953428887,
   0.5013457928940598,
   0.49991402817510266,
   0.4986268117265101,
   0.4990384889025059,
   0.4988348410059742,
   0.4996132789246601
  ],
  [
   0.4980391841397223,
   0.4983883538404648,
   0.5012856555767736,
   0.49937805861127077,
   0.49776088397858126,
   0.49938993422623495,
   0.4969070664617992,
   0.5007434588894674
  ],
  [
   0.49577376128308503,
   0.49694148293362184,
   0.5028998936550237,
   0.4941175428099199,
   0.49541007944347176,
   0.4982330301481399,
   0.49004741775917887,
   0.49983531791855623
  ],
  [
   0.4933059502578825,
   0.49290114852559275,
   0.5051208199025147,
   0.4845310281367376,
   0.4912342161374257,
   0.49471356094772373,
   0.48477151161589976,
   0.4958101133266613
  ],
  [
   0.487177786775907,
   0.48857039275621617,
   0.5090698902564087,
   0.47087582657076865,
   0.48474910115646525,
   0.48907084071212426,
   0.47619898687444756,
   0.4956531481250395
  ],
  [
   0.4813904877268274,
   0.48243187017716177,
   0.5136313864113713,
   0.45343178463727196,
   0.47939157482687295,
   0.48595064162329704,
   0.4619597074967337,
   0.49111710896864746
  ],
  [
   0.4770296995827969,
   0.4744880360736041,
   0.5189396448168117,
   0.4332211181914025,
   0.47399609997636194,
   0.48161491565737896,
   0.447316718296151,
   0.48479079874284103
  ],
  [
   0.4730852714261862,
   0.46222573840888986,
   0.5254367084274472,
   0.410903784621758,
   0.4641710639814154,
   0.4760290444820743,
   0.43050829631439,
   0.47872034983433315
  ],
  [
   0.4676713199880991,
   0.4517414538809698,
   0.5354932813392438,
   0.3858204335859308,
   0.45272212290360025,
   0.46589933697581837,
   0.41017681295342184,
   0.4658350715470296
  ],
  [
   0.4632097231675538,
   0.4331046744200934,
   0.5413429076896487,
   0.35375953628753404,
   0.439384701549179,
   0.46038909663213085,
   0.3886271902645675,
   0.450375673487247
  ],
  [
   0.4594479387912424,
   0.41341157841564025,
   0.5440935760875318,
   0.3262761540015168,
   0.4230578514773427,
   0.4504203087745025,
   0.36366747054037357,
   0.43842387949975903
  ],
  [
   0.45198103392887296,
   0.38993984516999886,
   0.5459557233626082,
   0.30067573339747566,
   0.40557830202512585,
   0.44145850663461367,
   0.3321027133728723,
   0.42670720053283756
  ],
  [
   0.44510677357319994,
   0.3677641120759007,
   0.5528759527025257,
   0.2720244245615,
   0.3838551547712032,
   0.433963271528833,
   0.3004567150151282,
   0.41571852693423544
  ],
  [
   0.43774325623135635,
   0.34174522099812443,
   0.5572603581017637,
   0.24199358972642296,
   0.3619289607606797,
   0.4228074074941592,
   0.2739108583070054,
   0.40092033435086233
  ],
  [
   0.43220800629720807,
   0.3094621648878198,
   0.5642189258554593,
   0.2179043034752586,
   0.339770875623927,
   0.4110546354381835,
   0.24901575868798123,
   0.3858645630606889
  ],
  [
   0.42299744316811383,
   0.2834615032122471,
   0.5656405237759284,
   0.1956991842138839,
   0.31645709789984755,
   0.40517870324997407,
   0.22527895879582138,
   0.36769336275780934
  ],
  [
   0.415714348898282,
   0.2550562117880117,
   0.5710300324284953,
   0.1773820647466389,
   0.28841418127932356,
   0.395992380033429,
   0.2037319998070488,
   0.3462140671367276
  ],
  [
   0.40904263551053616,
   0.23715282137374002,
   0.5768920208523012,
   0.15692679691251107,
   0.26577163811438775,
   0.38277284379596227,
   0.1854574398353116,
   0.3289156830155719
  ],
  [
   0.40116556358892613,
   0.20988766455869604,
   0.5832664569263285,
   0.14235614938434535,
   0.24058035530477354,
   0.3721091270298522,
   0.16913111802958322,
   0.30743247853917927
  ],
  [
   0.3985260453900059,
   0.18763956775175128,
   0.5894424189360473,
   0.13123115077918812,
   0.2192564771449795,
   0.3595919584294558,
   0.15891233231998317,
   0.2859906210683371
  ],
  [
   0.3935814819098895,
   0.171252951423992,
   0.5912657554296276,
   0.12429496086541053,
   0.20144882848495227,
   0.35520401855958816,
   0.14966087779129053,
   0.26966963020180906
  ],
  [
   0.3896289260906643,
   0.15669441584125823,
   0.5976053925174637,
   0.11680305208542784,
   0.18814831062095913,
   0.35040785492322574,
   0.1426930334153362,
   0.2517149183185488
  ],
  [
   0.3871796716686977,
   0.145199452980285,
   0.6036842352487184,
   0.10947436718896746,
   0.17125736748129192,
   0.3423534278328966,
   0.13327821500151016,
   0.23607539660212318
  ],
  [
   0.38464545128170236,
   0.13347621960225534,
   0.6116607772351236,
   0.10422809200012895,
   0.15773554068609233,
   0.3360988386969697,
   0.12960190833704677,
   0.21959654223315975
  ],
  [
   0.38295561770128445,
   0.1253881488838324,
   0.6155152565058234,
   0.100006942507007,
   0.14778776929334933,
   0.3255740585660564,
   0.12703045762851525,
   0.20479208424452663
  ],
  [
   0.3814101235448841,
   0.11683749917138753,
   0.6162624095959469,
   0.09710103400922898,
   0.14082782428222126,
   0.3095168891702222,
   0.12226883058633387,
   0.19566935782892883
  ],
  [
   0.37434266241916464,
   0.11008944989545523,
   0.6219800168639379,
   0.09611909739874425,
   0.13775777654170548,
   0.301529303560015,
   0.11880943103203373,
   0.18624075805473214
  ],
  [
   0.37485344221015965,
   0.10796794700362489,
   0.6268764230505265,
   0.09369891044628781,
   0.13274088346947574,
   0.2926562335387038,
   0.11749068737886027,
   0.17362188672786213
  ],
  [
   0.3744639948342592,
   0.10753606953948595,
   0.6261024836260957,
   0.0958374594520877,
   0.12927637523359256,
   0.27924190610425026,
   0.11467948858082878,
   0.16453921760353377
  ],
  [
   0.3736005914323273,
   0.10683699372073886,
   0.626751224196449,
   0.09638550272806322,
   0.12577462347723692,
   0.2674826597088686,
   0.11273218994492847,
   0.1589592240771828
  ],
  [
   0.368234254845139,
   0.10359723422982285,
   0.6307080157583428,
   0.09371677980509839,
   0.12596978056508587,
   0.2562685086629208,
   0.11163453642419552,
   0.15403662757342595
  ],
  [
   0.36551461499864596,
   0.10086856912392261,
   0.6368856959866077,
   0.0933763510287356,
   0.12425171968300523,
   0.2489080403675535,
   0.10995539936789715,
   0.14719978495468916
  ],
  [
   0.36667214452049496,
   0.09995847304878956,
   0.6452994292258828,
   0.09391985314517716,
   0.12176403213524079,
   0.2404119126506644,
   0.10915022981074125,
   0.14312249349575984
  ],
  [
   0.36714945024074513,
   0.09879257154820116,
   0.6461080646124017,
   0.09337292976634114,
   0.12005266067943493,
   0.23079289481658263,
   0.10886257806214451,
   0.1382587238306055
  ],
  [
   0.3650783303683595,
   0.09923440761046398,
   0.654002597855227,
   0.09479295135309439,
   0.11814601294012433,
   0.22583691482568194,
   0.10928301238844533,
   0.13503720831207752
  ],
  [
   0.36795045385226804,
   0.09866713566293255,
   0.6602157808834748,
   0.09573678187240892,
   0.1173197513748677,
   0.22413955041821032,
   0.11265540337809832,
   0.13325305669188994
  ],
  [
   0.36272477305838974,
   0.09866974876042577,
   0.6633294530313624,
   0.09395496508508626,
   0.1159633512682869,
   0.21710406971004037,
   0.11275477448885658,
   0.13451607040250654
  ],
  [
   0.3624282437518023,
   0.10013015774957228,
   0.6689230283628684,
   0.09559553170863665,
   0.11494086881887115,
   0.20819755427126185,
   0.11307461656659389,
   0.13587653742490344
  ],
  [
