{
 "name": "Karge Hoehe",
 "split": "test",
 "env": {
  "temperature": 0.5,
  "predation": 0.1,
  "foodAbundance": 0.35,
  "foodHeight": 0.8,
  "light": 0.5,
  "water": 0.6
 },
 "generations": 80,
 "traits": [
  "insulation",
  "size",
  "limbLength",
  "metabolism",
  "armor",
  "photosynthesis",
  "mobility",
  "structure"
 ],
 "trajectory": [
  [
   0.5003555857558147,
   0.4998556680717013,
   0.5006348919869128,
   0.5002495530544128,
   0.49980677103561183,
   0.4997878594967075,
   0.5001344176920638,
   0.4997591527196754
  ],
  [
   0.5005705666236647,
   0.49950077489768413,
   0.5014250429037244,
   0.49964985367142756,
   0.49854146544250005,
   0.4985795445074768,
   0.49849502254386174,
   0.4993498729990695
  ],
  [
   0.4985256186001086,
   0.4978449946667947,
   0.5021093524993941,
   0.49830553729131294,
   0.4963571601251282,
   0.4964878738433039,
   0.4923441576150623,
   0.49865855990177216
  ],
  [
   0.4945198525765489,
   0.4965145143226756,
   0.5052529176771332,
   0.4927420037797654,
   0.49254257021773856,
   0.4918354616595706,
   0.4782830864485413,
   0.4971505710835879
  ],
  [
   0.49089767953839464,
   0.487590524661693,
   0.50888994745605,
   0.4851260444928638,
   0.48694002432133904,
   0.4828089815408327,
   0.46097827523194157,
   0.49225374061186317
  ],
  [
   0.48434056703803713,
   0.48066748520173724,
   0.5127615961797147,
   0.474243619665184,
   0.48106224633902417,
   0.4697415312111606,
   0.4358292376825413,
   0.48358524393493557
  ],
  [
   0.4787113834567531,
   0.46847272176664284,
   0.5204571680778536,
   0.46275319444602864,
   0.47272024801659124,
   0.4508855421009856,
   0.40101025113830446,
   0.4781545159040342
  ],
  [
   0.4696301745356712,
   0.4519418370700754,
   0.5259253552889082,
   0.4463566321069705,
   0.4598462221681718,
   0.42939956380563804,
   0.36450220013230067,
   0.467814666741782
  ],
  [
   0.4621797800895074,
   0.4330276905184873,
   0.5330559912799909,
   0.4312519828791958,
   0.44372865034138576,
   0.40420702482324383,
   0.32489630909907263,
   0.45510398507839994
  ],
  [
   0.4525548307440989,
   0.41108820311766525,
   0.5389122979194745,
   0.41442014000008004,
   0.424290556104997,
   0.38119800535607884,
   0.28752170057406906,
   0.43983007088762416
  ],
  [
   0.4432335042051199,
   0.3858804112873017,
   0.5476041172448041,
   0.3953547066142867,
   0.40350503029009777,
   0.349804486640019,
   0.25044337950197987,
   0.4243950833943058
  ],
  [
   0.4320584397846458,
   0.3619114481883816,
   0.5586408761529204,
   0.37769257263368944,
   0.38317242854441574,
   0.31876293099684777,
   0.2169940317661617,
   0.4104567333854923
  ],
  [
   0.427697118548005,
   0.3370841424946931,
   0.5623202337770393,
   0.3637151093849482,
   0.3635612650724345,
   0.28725705178313804,
   0.1907159105677181,
   0.39284057843590553
  ],
  [
   0.42021575366934316,
   0.3057622395866718,
   0.572081053365184,
   0.3491034903429348,
   0.34002088508876804,
   0.26109140376226986,
   0.16657086565412405,
   0.36799287085952503
  ],
  [
   0.41072889709285115,
   0.275793019973621,
   0.5815314246551143,
   0.33763111455392547,
   0.317950900466662,
   0.23827402950942841,
   0.14753086799682977,
   0.34972679218065594
  ],
  [
   0.4032450380100829,
   0.24797236953009452,
   0.5862542229821907,
   0.3262580309475112,
   0.29023750567643325,
   0.21291216178279937,
   0.13222556628220714,
   0.32871686582893267
  ],
  [
   0.3927688495123925,
   0.22495924184502755,
   0.5939569266195194,
   0.31708023656791917,
   0.2653199825280874,
   0.18972473841524454,
   0.12339453200629687,
   0.3100351430887528
  ],
  [
   0.38945502727295533,
   0.20283929384741875,
   0.5985469347166671,
   0.30765799905039054,
   0.24113389806350005,
   0.1732046076556382,
   0.11491056822260522,
   0.28819787920724943
  ],
  [
   0.3849445031668719,
   0.1853233745673458,
   0.6066612612379292,
   0.2979691755005787,
   0.2194623536539386,
   0.15788979862790664,
   0.11016394439280282,
   0.2690162531992082
  ],
  [
   0.3829085682325797,
   0.1680575682105976,
   0.6099299440915461,
   0.28803794163469665,
   0.20286474595839266,
   0.14476245810176694,
   0.10604324912100836,
   0.2505104048497138
  ],
  [
   0.3795841358451335,
   0.15069671145787794,
   0.615366911535988,
   0.2860412255463904,
   0.18992458856008057,
   0.1354883607633284,
   0.1024223707577359,
   0.23733249594751785
  ],
  [
   0.3802775843716057,
   0.13934336023019586,
   0.6232513972805861,
   0.28502155044048316,
   0.17786933666471513,
   0.13078020449568697,
   0.09957500707179473,
   0.2229697365248354
  ],
  [
   0.38023254803061907,
   0.12722000204262596,
   0.6238415969562031,
   0.2789166895779373,
   0.16757752733928435,
   0.12340956698331436,
   0.09570131354075874,
   0.20761483435141512
  ],
  [
   0.37915046434851346,
   0.12214920861165784,
   0.6252608682518516,
   0.2765731085319875,
   0.1565205473505535,
   0.11757424713927696,
   0.09352250316058223,
   0.1899989378384149
  ],
  [
   0.37919912251143684,
   0.1178485992175367,
   0.6323862044255798,
   0.271441868468267,
   0.14928961874425759,
   0.11483302346321754,
   0.09295464353993287,
   0.1774267510534717
  ],
  [
   0.3802866150632677,
   0.11487118242529155,
   0.635568075949139,
   0.2672133024453191,
   0.1444970038968627,
   0.11039006802214468,
   0.09419393872277702,
   0.16587184238479477
  ],
  [
   0.37811663284248387,
   0.10999462975957108,
   0.634531309812023,
   0.2627674024366222,
   0.13829938188148724,
   0.10902661744915637,
   0.0925289634789707,
   0.16074869998653882
  ],
  [
   0.3745623577997812,
   0.10786177392677705,
   0.6357304970591838,
   0.26239698714560605,
   0.13492407041539306,
   0.10387462857434741,
   0.0929028053859911,
   0.15313422535912338
  ],
  [
   0.3723053841585802,
   0.10605916274419007,
   0.637911992463612,
   0.2573971605992461,
   0.13140172759784377,
   0.10286570089751734,
   0.09286013102057245,
   0.14713067401623012
  ],
  [
   0.3709674670397109,
   0.10394639787195635,
   0.6358058410909666,
   0.25361420194007056,
   0.13101108606336495,
   0.1026040449338035,
   0.09101814503355593,
   0.14165965853883397
  ],
  [
   0.36893665786227764,
   0.10117690057504018,
   0.6386182173610286,
   0.24954626882688405,
   0.12776988580142826,
   0.10025273759362108,
   0.09191558819333417,
   0.13854293990040836
  ],
  [
   0.3658357653054056,
   0.10024033617112299,
   0.6341974867179666,
   0.2447329578627306,
   0.12986487554406886,
   0.09912656407713509,
   0.09031256583673579,
   0.13607316121589208
  ],
  [
   0.36620292488068595,
   0.0991715560218366,
   0.6329059307573902,
   0.24298362309149954,
   0.12551805980763162,
   0.09656838234878641,
   0.09168345960402863,
   0.13457808917432845
  ],
  [
   0.36435611075581154,
   0.09937438111346468,
   0.638054630400151,
   0.2421026450515988,
   0.12593508243657872,
   0.09581753869182646,
   0.09141313112564503,
   0.13355732346147067
  ],
  [
   0.3661984613464602,
   0.097580943715,
   0.6403225064619967,
   0.2403915944484348,
   0.12402443759805352,
   0.09597763218880727,
   0.09134475400383661,
   0.1331803418361339
  ],
  [
   0.3652994297407656,
   0.0982977832325471,
   0.6441686465561874,
   0.2391175497191885,
   0.12199794845217148,
   0.09725879886553597,
   0.09246971656540155,
   0.12944789943574012
  ],
  [
   0.36534905759512687,
   0.0986168948040152,
   0.648064100691641,
   0.23914166010217855,
   0.12223452964622278,
   0.09680815181876247,
   0.09279027529459888,
   0.12934637464574805
  ],
  [
   0.36623143978234984,
   0.0987711362863563,
   0.6509432337040352,
   0.23819688372507156,
   0.1241609582386932,
   0.09749876067074266,
   0.09268098255161179,
   0.13084643391619352
  ],
  [
   0.367542007769505,
   0.09917923201329482,
   0.6557942109822923,
   0.24207983083676562,
   0.12501201869625628,
   0.0985643585276067,
   0.0933125515841877,
   0.1314668798363588
  ],
  [
