{
 "name": "Karge Hoehe",
 "split": "test",
 "env": {
  "temperature": 0.5,
  "predation": 0.1,
  "foodAbundance": 0.35,
  "foodHeight": 0.8,
  "light": 0.5,
  "water": 0.6
 },
 "generations": 80,
 "traits": [
  "insulation",
  "size",
  "limbLength",
  "metabolism",
  "armor",
  "photosynthesis",
  "mobility",
  "structure",
  "wing"
 ],
 "trajectory": [
  [
   0.4991898287623622,
   0.4997065634827101,
   0.5001561244775644,
   0.5006984386424967,
   0.5003491935357325,
   0.5001629330209723,
   0.5002618699483379,
   0.5001433453474952,
   0.4998505652377894
  ],
  [
   0.5001188270078013,
   0.49904335506501174,
   0.4999319352421461,
   0.499235223968265,
   0.5004557793307183,
   0.4993963807379303,
   0.4998878478315958,
   0.5001754937047282,
   0.4986547940856689
  ],
  [
   0.4987849919761329,
   0.4981114094391647,
   0.5001385050152574,
   0.49745276866935756,
   0.4987731801882345,
   0.49907810413455156,
   0.4944455816501452,
   0.500203035590218,
   0.4977577834280007
  ],
  [
   0.4956871530865037,
   0.4947233165359258,
   0.5017523475446436,
   0.4934835048574097,
   0.4924140529348174,
   0.49415584079919245,
   0.4875270735931094,
   0.4964237152990199,
   0.49593925940234224
  ],
  [
   0.492600026175766,
   0.48715501161012825,
   0.5039057778006923,
   0.4863640223821586,
   0.4828635088153664,
   0.48498072926291086,
   0.4742768905607893,
   0.4924788562039167,
   0.4903804393767195
  ],
  [
   0.48915588154396944,
   0.4803940964993066,
   0.5053693510777382,
   0.4784080727137245,
   0.4683487165679317,
   0.4745298521947736,
   0.4588342054352556,
   0.4889377287303798,
   0.4880288450506713
  ],
  [
   0.48379575542200537,
   0.46637858367593843,
   0.5110139939029833,
   0.46894039466744825,
   0.45357229053927334,
   0.4633722820127301,
   0.43997719510280087,
   0.4864373637378734,
   0.48149661648344083
  ],
  [
   0.4764815898152979,
   0.45485878635802646,
   0.5174728974844827,
   0.4598769482772529,
   0.43513102073504983,
   0.4482419764858016,
   0.41546537527547506,
   0.481250312130199,
   0.4676460172965589
  ],
  [
   0.4688411348793515,
   0.44171181315913105,
   0.5245500701025401,
   0.45072800572914157,
   0.41638248744106005,
   0.42508665246777455,
   0.3870320751971572,
   0.4739756158859953,
   0.456294302464667
  ],
  [
   0.464267639358259,
   0.4170198610251586,
   0.5317718173062057,
   0.43476222986596996,
   0.38920111484757675,
   0.39905172128805444,
   0.3559672752649607,
   0.46215116722317484,
   0.4430522645511606
  ],
  [
   0.4586845724824912,
   0.3945212660659095,
   0.5408147695409707,
   0.4172025752065525,
   0.36166449044234156,
   0.3685854777231004,
   0.3200704041379472,
   0.4492036521188782,
   0.42323025346661525
  ],
  [
   0.45352548276445787,
   0.36744853901899005,
   0.5501807365447591,
   0.40270234521388143,
   0.33316649409916194,
   0.33512284271498577,
   0.28563270856365125,
   0.4338001725552176,
   0.4016784915966946
  ],
  [
   0.4462788998547329,
   0.3372902021571185,
   0.5576165849064547,
   0.3876219467922761,
   0.30186006306830293,
   0.2940748769661284,
   0.2540832150647661,
   0.41339872046049075,
   0.37455981129199073
  ],
  [
   0.4354617661470827,
   0.3056256647679974,
   0.5638263459233529,
   0.3711195441424469,
   0.2761317059523216,
   0.26379040656035796,
   0.22164792578722092,
   0.39215843914626936,
   0.35229603859419606
  ],
  [
   0.42614470321482906,
   0.2703009273141322,
   0.5705205041750426,
   0.35858042969342147,
   0.24650473561228028,
   0.2325172885300644,
   0.1965915513228336,
   0.37467895825715297,
   0.32631027766403536
  ],
  [
   0.4187225020081584,
   0.24104870973232162,
   0.5761545597662763,
   0.3457230391780717,
   0.22082980920836812,
   0.20397381715180488,
   0.17768022275282327,
   0.3553494691077412,
   0.2997823790065722
  ],
  [
   0.4144259865737732,
   0.215159456038945,
   0.5773628901175977,
   0.33426140857412534,
   0.19843708323333734,
   0.1812683690357467,
   0.1604274775559639,
   0.3288396878627764,
   0.2750806551052164
  ],
  [
   0.4086451858623468,
   0.1906951745131127,
   0.5828106219973992,
   0.32448814768882206,
   0.18156935105806357,
   0.16192789622492798,
   0.14816559886678535,
   0.3012979955013186,
   0.25261351670526627
  ],
  [
   0.40530307109308367,
   0.17048688554203348,
   0.5906114342461631,
   0.31421732649656875,
   0.16552542032964243,
   0.14679166249612863,
   0.1369098141032236,
   0.27902569897627477,
   0.2339906874798113
  ],
  [
   0.40256733822176627,
   0.1538125396594372,
   0.5950215195676117,
   0.3075000662684886,
   0.15114489203249382,
   0.1347572852643831,
   0.13057188590157356,
   0.2607416084086893,
   0.21774332645485314
  ],
  [
   0.39862340461590434,
   0.13851184587560308,
   0.5969497865617411,
   0.29693067546112506,
   0.14164655392579828,
   0.1269761817717445,
   0.12493463566029957,
   0.24320939938143518,
   0.202909000778238
  ],
  [
   0.39408984365921124,
   0.12994281441487732,
   0.5995571871341939,
   0.28883949689242855,
   0.1314404351837856,
   0.12027177435632246,
   0.12176858864276723,
   0.22940911129623887,
   0.1896120146842857
  ],
  [
   0.3911886942211153,
   0.12581926946594132,
   0.6078308310805397,
   0.2814861514158267,
   0.12577782019529438,
   0.11357779793278149,
   0.11660435393345246,
   0.21392266675073798,
   0.174585195269692
  ],
  [
   0.3908377902563743,
   0.12063222073396683,
   0.6103684531063558,
   0.2799632671726105,
   0.1198393958451235,
   0.11152364214761439,
   0.11146698332266038,
   0.19767616058296064,
   0.16348929880612975
  ],
  [
   0.385390809767804,
   0.11797821935278785,
   0.6100493989708761,
   0.27119095417627886,
   0.11444356549021106,
   0.10934028465919242,
   0.10666491281474917,
   0.18655245201180615,
   0.153533145984234
  ],
  [
   0.384624084695996,
   0.11470904574140302,
   0.6149737428847857,
   0.265234843784299,
   0.11042330104553134,
   0.10636249902761707,
   0.10612047781481893,
   0.17780113676110973,
   0.14727155550741788
  ],
  [
   0.38227178929096794,
   0.11167885662260847,
   0.6225730946154898,
   0.2642121508042238,
   0.10830264603238575,
   0.10477975436770492,
   0.10470510570307355,
   0.1690239528767313,
   0.14194474826782275
  ],
  [
   0.3833864155803342,
   0.10967965524808482,
   0.6214647543056173,
   0.2615921373153226,
   0.10515670586141761,
   0.10071124987404072,
   0.10220449479296466,
   0.16247495266552034,
   0.1344250315382873
  ],
  [
   0.3842418577591633,
   0.10901370393002967,
   0.6234507744306909,
   0.2578728567962682,
   0.10557129055746227,
   0.10076125919604377,
   0.09843820799839355,
   0.1548104804062743,
   0.13039732638826326
  ],
  [
   0.3818472636346975,
   0.10730991062610218,
   0.6277628171001944,
   0.25253749882811605,
   0.10733308218958054,
   0.10006837457456502,
   0.09729667406696903,
   0.1485114855799184,
   0.12465278077144949
  ],
  [
   0.37750167846713123,
   0.10714328177511669,
   0.6342616478777025,
   0.2466818961419636,
   0.10793758100327756,
   0.09829703672645747,
   0.0982046320010105,
   0.1449042870929641,
   0.12308470245332585
  ],
  [
   0.3745604527885968,
   0.10669032814851143,
   0.6362646951151351,
   0.247574758481122,
   0.10827800085620624,
   0.09649682968980217,
   0.09901013545171052,
   0.14069306944482926,
   0.12243910362864828
  ],
  [
   0.37273744613585486,
   0.10304237302745987,
   0.64260293342367,
   0.2464452376636994,
   0.10422368965037472,
   0.09634193852171792,
   0.09999664803295176,
   0.13874061248640507,
   0.12012348248129263
  ],
  [
   0.3729396485871473,
   0.10279073335186968,
   0.6388333754473356,
   0.2463786603635787,
   0.10409043449481914,
   0.09700794922034696,
   0.09870914549418447,
   0.13840257178583124,
   0.11795637531505594
  ],
  [
   0.37489434563999285,
   0.10310611058161233,
   0.6413278538927224,
   0.24305624338030096,
   0.1035347105385273,
   0.09891727692386594,
   0.09884249733325805,
   0.1341045688476864,
