{
 "name": "Lichtkampf-Dickicht",
 "split": "test",
 "env": {
  "temperature": 0.5,
  "predation": 0.2,
  "foodAbundance": 0.2,
  "foodHeight": 0.7,
  "light": 0.9,
  "water": 0.85
 },
 "generations": 80,
 "traits": [
  "insulation",
  "size",
  "limbLength",
  "metabolism",
  "armor",
  "photosynthesis",
  "mobility",
  "structure"
 ],
 "trajectory": [
  [
   0.5003555857558147,
   0.4998556680717013,
   0.5006348919869128,
   0.5002495530544128,
   0.49980677103561183,
   0.4997878594967075,
   0.5001344176920638,
   0.4997591527196754
  ],
  [
   0.5007294253708454,
   0.4996036902340683,
   0.5012005572838644,
   0.49951369879312807,
   0.4983576943763886,
   0.49921865810122923,
   0.4981571281946509,
   0.49941573120096044
  ],
  [
   0.4990369610587974,
   0.4981015524716706,
   0.5015878139402906,
   0.4970267169144213,
   0.496640722927669,
   0.4997883508734722,
   0.4906298141915902,
   0.5012099764039731
  ],
  [
   0.4956103447075773,
   0.49610325071597045,
   0.5035722075886752,
   0.48970352276416507,
   0.49316979115089077,
   0.501574462424368,
   0.4746257709224105,
   0.5016264355599241
  ],
  [
   0.49098492476515254,
   0.4901664083529471,
   0.506503926182857,
   0.4787053745709043,
   0.489391822828962,
   0.5014978880780409,
   0.45150278862017307,
   0.4998860734072626
  ],
  [
   0.4828316839307126,
   0.4818542045369994,
   0.5096277257616589,
   0.46203186675824076,
   0.48167345623704994,
   0.5017787544598521,
   0.4200878289227088,
   0.4980512468100679
  ],
  [
   0.4734539176129688,
   0.4726389965101887,
   0.5112290688247936,
   0.44227896986619203,
   0.46943273129481916,
   0.5039034515435014,
   0.3827752963296696,
   0.49516244983919105
  ],
  [
   0.46609536492817455,
   0.4595890073739944,
   0.5179576087362466,
   0.4197710318178711,
   0.45460146002936724,
   0.5102531158653969,
   0.3325240709025587,
   0.49735687983801946
  ],
  [
   0.45447282309129183,
   0.4439357319672242,
   0.5240954376405147,
   0.39479429612877864,
   0.43991835583845446,
   0.517722892618111,
   0.28571415895194,
   0.49810916395605104
  ],
  [
   0.4483057916977348,
   0.4290047460161042,
   0.5265165806138331,
   0.3687342839078038,
   0.42599380545289156,
   0.5278022543235702,
   0.24076067784719032,
   0.49663684402580227
  ],
  [
   0.43917175469580694,
   0.41329488761458255,
   0.5303462186903406,
   0.3420502938724656,
   0.40839843365519246,
   0.5443482141095654,
   0.2002890277133155,
   0.49848400924998887
  ],
  [
   0.42935897310278515,
   0.39226210940721407,
   0.5312273053617634,
   0.3151597547434002,
   0.39219141545363373,
   0.5587843741558117,
   0.16324779170130702,
   0.5013018183680944
  ],
  [
   0.42204591880768655,
   0.37674233532737356,
   0.5326606390908176,
   0.29075412931521455,
   0.3766232776578813,
   0.5811946024545651,
   0.1362824078205139,
   0.5177910891796308
  ],
  [
   0.4179779692769374,
   0.35753017469948145,
   0.5331950149824606,
   0.26780211427484896,
   0.3561228544676558,
   0.6065084289741358,
   0.1147510548995288,
   0.5342952579194956
  ],
  [
   0.4138371268492289,
   0.33955961372003246,
   0.5325085943819781,
   0.24427208313143953,
   0.3362188628859115,
   0.629123152854893,
   0.09963154942665263,
   0.5477284265201819
  ],
  [
   0.40957596833213605,
   0.31929649092956297,
   0.5353575806108882,
   0.22323293420566592,
   0.31546156051689994,
   0.6592788687821806,
   0.09076728962272783,
   0.5655234515336603
  ],
  [
   0.40108668996468083,
   0.3058621409688584,
   0.5421814340027575,
   0.20639478024632182,
   0.29468279188889784,
   0.6821782835809665,
   0.08372510507114768,
   0.5791881650113851
  ],
  [
   0.3950860524168102,
   0.29149857988291633,
   0.5415935912986747,
   0.190571829707889,
   0.27479452101671625,
   0.7103282212892813,
   0.07918071586209313,
   0.6029385729253524
  ],
  [
   0.39038299466816695,
   0.27479175729503874,
   0.5421398970181038,
   0.1765196478603549,
   0.2558790287559077,
   0.7352432920098843,
   0.07571380656854239,
   0.6254962437353064
  ],
  [
   0.3879685199963905,
   0.26289394896379487,
   0.5460318032880334,
   0.1660816974068183,
   0.2377695560947841,
   0.7552770008941354,
   0.07433705277154698,
   0.6467320200132872
  ],
  [
   0.38259372245173257,
   0.25066518933753706,
   0.5480151798725158,
   0.15423077329869844,
   0.22228169796822672,
   0.7780023245686422,
   0.07299792143789981,
   0.6674790505500803
  ],
  [
   0.383466200795155,
   0.24461997412666583,
   0.5513913519849528,
   0.1460047389363369,
   0.21077480610263788,
   0.7988850477554291,
   0.07050470582644296,
   0.68619852737298
  ],
  [
   0.38358334727463195,
   0.23683775420926279,
   0.5560614401680583,
   0.13413641337413593,
   0.2013044795742063,
   0.8146497993595817,
   0.07127350183206656,
   0.7025984185509713
  ],
  [
   0.3830958359545423,
   0.23080316361391562,
   0.5583282120594569,
   0.13174304052118496,
   0.18831801299141102,
   0.8308367200160246,
   0.07017209627505754,
   0.720148340832293
  ],
  [
   0.38058724958775175,
   0.2295768355400323,
   0.557844305240354,
   0.12845164562589764,
   0.17873681610840222,
   0.846704934766183,
   0.07070708612858492,
   0.738610622028459
  ],
  [
   0.3813708829319306,
   0.22593583338737702,
   0.5562163942726075,
   0.12410605028618994,
   0.17055149489331,
   0.8584256834797125,
   0.07064740613378079,
   0.7622751756115189
  ],
  [
   0.38235397083369577,
   0.22255088767428458,
   0.5552524351117534,
   0.12048329469585578,
   0.16222076426970033,
   0.8672008401408954,
   0.06944244455302512,
   0.7798354355498942
  ],
  [
   0.3834141007254061,
   0.2160287939880511,
   0.5507744758026809,
   0.11957980757312657,
   0.1545812809252997,
   0.8744641834295918,
   0.0698424989951262,
   0.7948128883188071
  ],
  [
   0.38106981894418085,
   0.22064143409972203,
   0.5453119387660726,
   0.11772607601425862,
   0.15187978485776663,
   0.8816892091787661,
   0.0710535351268706,
   0.806065626831051
  ],
  [
   0.3775593910373694,
   0.21964305845312382,
   0.5448527466322378,
   0.11573783959027094,
   0.15039378182560578,
   0.8883652642908703,
   0.06902897861983429,
   0.8164539945024446
  ],
  [
   0.37777002377870694,
   0.2205587342189297,
   0.543984737155999,
   0.11395230413591617,
   0.14878943449843218,
   0.8882040257706388,
   0.06815280031274895,
   0.8295660420415868
  ],
  [
   0.37409279058147993,
   0.21863519618549546,
   0.5460779143219244,
   0.11261136965434608,
   0.14713928348307456,
   0.8921170692270102,
   0.06832365758003113,
   0.8331882399695362
  ],
  [
   0.3716896199148722,
   0.21796337213494646,
   0.5451965556348775,
   0.11256683835921812,
   0.14418491677601508,
   0.8914097963539093,
   0.06843352998665019,
   0.8395086458613011
  ],
  [
   0.3746702912837074,
   0.2189927836091418,
   0.5451199793623749,
   0.11236148167919972,
   0.14338697040166157,
   0.8931695377887658,
   0.0674042665324748,
   0.8459316762971074
  ],
  [
   0.3739634774986866,
   0.22127594126400726,
   0.5396321257652771,
   0.11286353401120708,
   0.14007585469807704,
   0.8946237921329799,
   0.06769313502689764,
   0.849944844002897
  ],
  [
   0.3759326221540938,
   0.22462254908584256,
   0.5367225376181347,
   0.1128235488316391,
   0.1384438728423921,
   0.8951622760696751,
   0.06846659234271761,
   0.855473436740985
  ],
  [
   0.3790600815108112,
   0.22631278539287394,
   0.5377291052517582,
   0.11179406451554835,
   0.13571116321277035,
   0.8964272951761778,
   0.06888813663614592,
   0.8570710523175619
  ],
  [
   0.3811166140844959,
   0.22436360260481467,
   0.5352801658381012,
   0.1114636586157348,
   0.1333205138482975,
   0.8968666638800787,
   0.06942459944328248,
   0.8640917184050974
  ],
  [
   0.3775195142216101,
   0.22683930245884584,
   0.533569688125806,
   0.11167141227087012,
   0.13314057392485842,
   0.8973809983946742,
   0.06909598160329433,
   0.8646367618472035
  ],
  [
   0.37444944457994533,
   0.22696654385533643,
