{
 "name": "Lichtkampf-Dickicht",
 "split": "test",
 "env": {
  "temperature": 0.5,
  "predation": 0.2,
  "foodAbundance": 0.2,
  "foodHeight": 0.7,
  "light": 0.9,
  "water": 0.85
 },
 "generations": 80,
 "traits": [
  "insulation",
  "size",
  "limbLength",
  "metabolism",
  "armor",
  "photosynthesis",
  "mobility",
  "structure"
 ],
 "trajectory": [
  [
   0.5003555857558147,
   0.4998556680717013,
   0.5006348919869128,
   0.5002495530544128,
   0.49980677103561183,
   0.4997878594967075,
   0.5001344176920638,
   0.4997591527196754
  ],
  [
   0.49942618193938254,
   0.49819097825372766,
   0.5015961227071081,
   0.49912054041596915,
   0.4976245928669836,
   0.5008318089077923,
   0.49667510388654695,
   0.4992181652904133
  ],
  [
   0.494676415862789,
   0.48938405374262045,
   0.5028530869289422,
   0.49493327417577054,
   0.4919012081056333,
   0.5087307232253103,
   0.4832475569431789,
   0.5016362449020181
  ],
  [
   0.4877222875311884,
   0.4761190902838916,
   0.5059102515042927,
   0.4852387961728735,
   0.4810181794161356,
   0.5238890149354285,
   0.45972303871045445,
   0.5016979979986073
  ],
  [
   0.4820585505241637,
   0.4542655133434808,
   0.510258389858458,
   0.4684911960131797,
   0.46638171394272226,
   0.5426677436892811,
   0.4231041993369699,
   0.5037235357646793
  ],
  [
   0.47090343837117327,
   0.4300766183059673,
   0.5142016297465021,
   0.4452294441071983,
   0.4436861574859177,
   0.5738129975713351,
   0.3767612330002133,
   0.5100220915611577
  ],
  [
   0.4637860378964867,
   0.39585351834982313,
   0.5170025712679515,
   0.41877491117152604,
   0.4170184835261541,
   0.6203221282703875,
   0.31786485961537436,
   0.5269291630537786
  ],
  [
   0.4545826297172757,
   0.35948006897560464,
   0.5176349363854095,
   0.39145573346312434,
   0.3911467540112173,
   0.6739876624790595,
   0.24667699739339743,
   0.5477003275117696
  ],
  [
   0.451234750555415,
   0.3268260639225316,
   0.5206725965261738,
   0.36456771029166696,
   0.3733660861947134,
   0.731654099648562,
   0.18417387558390416,
   0.5808477078356586
  ],
  [
   0.45119577169691,
   0.29620568077315257,
   0.5251083819055519,
   0.33821966267488546,
   0.3595604059333705,
   0.7839976921849194,
   0.13962454160903426,
   0.61458171088799
  ],
  [
   0.4543889336431352,
   0.2664837483700579,
   0.5248177860225627,
   0.31612382425406593,
   0.340840237660145,
   0.8254565350218716,
   0.10915498908808739,
   0.6530317637283114
  ],
  [
   0.45680378901791063,
   0.24163973400844285,
   0.5253672567339945,
   0.29348261043789853,
   0.32167135663135893,
   0.8564711158990864,
   0.08870505734794214,
   0.6907528660687406
  ],
  [
   0.46044945306818613,
   0.22193456268428122,
   0.5229696816540262,
   0.27844886690549775,
   0.3047138059325186,
   0.87804493017789,
   0.07858053398921983,
   0.7308737990511087
  ],
  [
   0.4627012175705248,
   0.20340298377948066,
   0.5251204844710224,
   0.26428820831059757,
   0.2896211987849644,
   0.8949956830256448,
   0.07190029122706149,
   0.7624975180208057
  ],
  [
   0.46366384366117513,
   0.1892276584258351,
   0.5273883878501558,
   0.24940007501930447,
   0.27824221762627194,
   0.9087771657100934,
   0.06856759091951621,
   0.7914505507565179
  ],
  [
   0.4644759403575474,
   0.17784481405991429,
   0.5280956111782044,
   0.2329977792229353,
   0.2678468813683636,
   0.9173137497876124,
   0.06830585453533862,
   0.8221931479886452
  ],
  [
   0.4664361469157514,
   0.16688293335444349,
   0.524992577976091,
   0.22171672497353764,
   0.2591365717283268,
   0.9231491066158733,
   0.06799330054578553,
   0.8417298748178167
  ],
  [
   0.4701140507029564,
   0.15447563763318214,
   0.5236847640263111,
   0.20954365070604067,
   0.24785890380973088,
   0.9259999276072685,
   0.06702711606635652,
   0.858407980691593
  ],
  [
   0.4732806099416436,
   0.14866897890472386,
   0.5170213822856201,
   0.19565726407841785,
   0.23904336879316287,
   0.9269781747766864,
   0.06748587369757737,
   0.8701289949838245
  ],
  [
   0.47532595295758523,
   0.1392301333057563,
   0.5169029471288853,
   0.18259785798289763,
   0.23252314350968148,
   0.9273440574063563,
   0.06951355969029731,
   0.8760484346052858
  ],
  [
   0.47443626854280213,
   0.13758931857410944,
   0.5162248353656761,
   0.1732079420584359,
   0.22368232516302958,
   0.9270125990063464,
   0.06914863555447753,
   0.8821003980075166
  ],
  [
   0.4749998019018329,
   0.13695889567673325,
   0.5206725460146692,
   0.16386711254682843,
   0.2153515547515261,
   0.9275217436219939,
   0.06908679802844968,
   0.8885751713450256
  ],
  [
   0.47581912990538194,
   0.13308860552899182,
   0.5235972187489445,
   0.15766248063719593,
   0.2105248777377734,
   0.9256563296231984,
   0.06922000348538714,
   0.8936307571451781
  ],
  [
   0.47638217820659645,
   0.1315562013135211,
   0.5274492204997067,
   0.15066407503251308,
   0.20690651861444742,
   0.9257733294738171,
   0.06809762340431505,
   0.8955615772862388
  ],
  [
   0.4773803142004635,
   0.1286728349880064,
   0.5261067282956685,
   0.1428684348693415,
   0.19976339365477538,
   0.9267677698467102,
   0.06879007368977635,
   0.898072485845061
  ],
  [
   0.47773074511042446,
   0.1256866863829045,
   0.5230886758174692,
   0.14082088971150944,
   0.19575131130799936,
   0.9245162677384468,
   0.06948409177027647,
   0.8997492635502504
  ],
  [
   0.4768576528155945,
   0.1260652087427787,
   0.5269994451144425,
   0.13820331609947137,
   0.19468217698935264,
   0.9235190263685795,
   0.06871436131857823,
   0.900730375183672
  ],
  [
   0.47742401946940033,
   0.12643083945809244,
   0.5266238329496203,
   0.13310868193437886,
   0.19165224903174705,
   0.9222398481987487,
   0.06863467880457483,
   0.9008066288206752
  ],
  [
   0.47758441095540277,
   0.1254094779191006,
   0.5335488839002043,
   0.13125488000578844,
   0.1885760297252217,
   0.923223150336216,
   0.07012681598906609,
   0.9013333756556561
  ],
  [
   0.4748985873953007,
   0.12195963786673535,
   0.536000462663143,
   0.1299976314725854,
   0.18761889890393213,
   0.9234751611488962,
   0.06964572128668865,
   0.8995309327231825
  ],
  [
   0.4720970007771161,
   0.12052669200013838,
   0.5374536793378074,
   0.13007419167072132,
   0.18380274603787272,
   0.9242141594713299,
   0.0686249953032975,
   0.9001373236867366
  ],
  [
   0.4742105208689129,
   0.11969194502022713,
   0.5322441615879135,
   0.12733548750861284,
   0.17978262312025473,
   0.925162854829572,
   0.06877168184231815,
   0.9013452154181256
  ],
  [
   0.47695358145556815,
   0.11811562298713392,
   0.5295209410197718,
   0.1261224745937106,
   0.17647953141396278,
   0.9239520783767737,
   0.06902653632782398,
   0.9037803442102321
  ],
  [
   0.47899025455028804,
   0.11605030311226201,
   0.529223602952048,
   0.1243364238219216,
   0.17366186272457043,
   0.9236774883527721,
   0.06858861485240064,
   0.9059673360650481
  ],
  [
   0.47958726020831305,
   0.1129797399846864,
   0.521789705722321,
   0.12443254675362765,
   0.17369213807161224,
   0.9244931795690169,
   0.06802917363276657,
   0.90363228891451
  ],
  [
   0.48065538101094246,
   0.11227771737836066,
   0.5196971598473238,
   0.12549792801136556,
   0.16996043755944135,
   0.9250818819629276,
   0.06867944737853308,
   0.9028734503107394
  ],
  [
   0.48236180179833754,
   0.11363105282923303,
   0.520459786303752,
   0.1264729014030734,
   0.16666552285927996,
   0.9247504387467083,
   0.07054722954649494,
   0.9021964722255462
  ],
  [
   0.48185582613963285,
   0.11471911944576185,
   0.5278045962743195,
   0.12874762261682177,
   0.16268470117043524,
   0.9238574382834029,
   0.07041550686898755,
   0.9057728501815033
  ],
  [
   0.47968377156749153,
   0.11790824268069278,
   0.5231798251453773,
   0.13040127568944018,
   0.1634185852887742,
   0.9250593266154713,
   0.06989546755154834,
   0.9063773220622737
  ],
  [
   0.4779723315288464,
   0.11913741047492189,
