{
 "name": "Lichtkampf-Dickicht",
 "split": "test",
 "env": {
  "temperature": 0.5,
  "predation": 0.2,
  "foodAbundance": 0.2,
  "foodHeight": 0.7,
  "light": 0.9,
  "water": 0.85
 },
 "generations": 80,
 "traits": [
  "insulation",
  "size",
  "limbLength",
  "metabolism",
  "armor",
  "photosynthesis",
  "mobility",
  "structure",
  "wing"
 ],
 "trajectory": [
  [
   0.4991898287623622,
   0.4997065634827101,
   0.5001561244775644,
   0.5006984386424967,
   0.5003491935357325,
   0.5001629330209723,
   0.5002618699483379,
   0.5001433453474952,
   0.4998505652377894
  ],
  [
   0.5002579046962025,
   0.4988409094505922,
   0.4995530808001201,
   0.49915765527251227,
   0.5005788138525893,
   0.49992705207478233,
   0.4995618123993762,
   0.5005039290263026,
   0.49841752158478575
  ],
  [
   0.49926342007349406,
   0.4978273027582974,
   0.4997040049079038,
   0.49754383770657395,
   0.49806427477094917,
   0.5017938622253413,
   0.4927603503404714,
   0.5017122780760236,
   0.4972901754626536
  ],
  [
   0.4957738366553206,
   0.4947047171283758,
   0.5009907806663011,
   0.4926878107081291,
   0.49045835154168116,
   0.501514724085189,
   0.4813629123995038,
   0.498881614530385,
   0.49550666574246716
  ],
  [
   0.4928049068073845,
   0.4887073695809319,
   0.5040244108719316,
   0.48312177630838216,
   0.48279564472967523,
   0.5003494107792829,
   0.4657923042221346,
   0.4989653377854332,
   0.4929303170001065
  ],
  [
   0.48770497883274416,
   0.4800293326050242,
   0.5039807862726713,
   0.470658975118919,
   0.4697260142333533,
   0.5001091801210797,
   0.44510785192332886,
   0.49813492883516325,
   0.4881284390475245
  ],
  [
   0.4792316323874832,
   0.46968026939113305,
   0.5032980850047252,
   0.45650053995849477,
   0.4584325600017655,
   0.5009187988070677,
   0.4173041214934181,
   0.49585975723017595,
   0.4777586983390035
  ],
  [
   0.4723504845961886,
   0.4596964372118013,
   0.5066769205783483,
   0.4393890099762523,
   0.4397027412088759,
   0.4994269358729703,
   0.38088567979030447,
   0.49630418635723617,
   0.4649540581261132
  ],
  [
   0.46613961151403555,
   0.44523061199883124,
   0.5084448154398593,
   0.41925771687236496,
   0.4206071458675673,
   0.49821063165826746,
   0.3437225469053659,
   0.49818516212475167,
   0.45064002989841484
  ],
  [
   0.46070915200583956,
   0.4264708356985574,
   0.5083881540631904,
   0.395531863269462,
   0.3979059619394197,
   0.500801886190562,
   0.30442341484710805,
   0.5019248449166808,
   0.4347471798509983
  ],
  [
   0.45155728318578686,
   0.4078523226693353,
   0.5100394283294277,
   0.36943848536611923,
   0.3711234384850873,
   0.5049386122486506,
   0.2621817327991724,
   0.5040028971898362,
   0.4102770563407672
  ],
  [
   0.4470371265775648,
   0.38943330983636576,
   0.5114144773852022,
   0.3440695769365247,
   0.3438843483537168,
   0.5232581699858075,
   0.21984758348651331,
   0.5073405112176178,
   0.3860007801627088
  ],
  [
   0.43647617825232915,
   0.3684442785789617,
   0.5121908978726561,
   0.3138214325672875,
   0.31367218680332465,
   0.5378533042259317,
   0.1830090098067312,
   0.5148174778500215,
   0.3598875506589114
  ],
  [
   0.42753014070314893,
   0.3502374826882535,
   0.515374885847097,
   0.28765037777734503,
   0.2852113678216247,
   0.5604029161355916,
   0.15547070637632493,
   0.5238199137020606,
   0.33351531454275
  ],
  [
   0.41603841881085396,
   0.3308449053897394,
   0.5126336108836951,
   0.2633207551736398,
   0.2615016381950388,
   0.5817583822818612,
   0.13378332354604955,
   0.531405860351276,
   0.30999005033525745
  ],
  [
   0.40427932000623445,
   0.31269936961325356,
   0.5150027127607945,
   0.24100671791875028,
   0.23528107268889623,
   0.6098576467426348,
   0.1157252359421899,
   0.5479984254319512,
   0.28617248286853564
  ],
  [
   0.4023739815362157,
   0.2940494184609093,
   0.5150592508455281,
   0.2208992770014425,
   0.21330337761445062,
   0.6385685084853916,
   0.10274047470333288,
   0.5682253520620665,
   0.2632075604480401
  ],
  [
   0.3953594920646137,
   0.2782880787241808,
   0.5194540922600189,
   0.2036692132335818,
   0.1971048734061356,
   0.6730444244299235,
   0.09229394883420462,
   0.5839556264170945,
   0.24037226324021677
  ],
  [
   0.3949537488680596,
   0.2664761685357662,
   0.52106712958938,
   0.18415481147938764,
   0.18204338883311513,
   0.699758352604375,
   0.08547713476002967,
   0.6050006604947836,
   0.21703604260334833
  ],
  [
   0.39088258458256475,
   0.25573518979455256,
   0.5227064106347459,
   0.17044858963268464,
   0.168557304163616,
   0.7328155994802149,
   0.08106134837026668,
   0.6263465358851185,
   0.19965138713516936
  ],
  [
   0.38607099494491215,
   0.24496321256110934,
   0.5187864100799502,
   0.1594151136738266,
   0.1577924853691152,
   0.7598840789124842,
   0.07810878735096943,
   0.6477787637296478,
   0.1874866036243891
  ],
  [
   0.38171837054638263,
   0.23227122527875962,
   0.5161691997961299,
   0.14995886026787014,
   0.15123149390582014,
   0.783526293492855,
   0.07601755722206599,
   0.6666825200388263,
   0.1720730084385104
  ],
  [
   0.3780882837976783,
   0.2240510441320471,
   0.5136814494977446,
   0.13905540860343504,
   0.1418783403527029,
   0.8061704325109115,
   0.07461005238421838,
   0.6852313065773529,
   0.16231791661996145
  ],
  [
   0.3745234441765683,
   0.2146579663932143,
   0.5157487652963704,
   0.13045073826104758,
   0.1357745290795672,
   0.8276166882765766,
   0.0718669320195801,
   0.7051279998293283,
   0.14924963662835963
  ],
  [
   0.3707068116037254,
   0.21008578009690207,
   0.517719190349289,
   0.12525297936027757,
   0.1292817405784599,
   0.8413788425206755,
   0.06969883780565025,
   0.7236601154302229,
   0.14335990242568378
  ],
  [
   0.3718545864249767,
   0.20934983635769422,
   0.5189197370832768,
   0.12152355522297321,
   0.12801706344938407,
   0.8506383285826647,
   0.07021979398884035,
   0.7438178859255671,
   0.13897334709564715
  ],
  [
   0.37210090574035176,
   0.2032026694786464,
   0.5166388502591538,
   0.11744749449440255,
   0.12238132674590418,
   0.8610967686000417,
   0.07126580422681335,
   0.7598911254396099,
   0.13473154339885018
  ],
  [
   0.37146617082386263,
   0.20191375590626184,
   0.5195983576134883,
   0.11467403142188282,
   0.11880953191704258,
   0.8701766769913064,
   0.07091046713958837,
   0.7749127348223658,
   0.13173700985604528
  ],
  [
   0.36993723508379744,
   0.2001197990059599,
   0.523762288562095,
   0.1111429592050779,
   0.11663532234403046,
   0.874514385205451,
   0.0699534352807353,
   0.7875004327710807,
   0.12695652659336618
  ],
  [
   0.36936850141294003,
   0.19536223313889026,
   0.5251771027961378,
   0.10886415202433092,
   0.11371905422545953,
   0.8798825130874023,
   0.06951694989212186,
   0.7965711629999292,
   0.12176021324274751
  ],
  [
   0.37211079691393495,
   0.19213260996103587,
   0.5297717156081905,
   0.10998956913664187,
   0.11058035238341347,
   0.882832614203585,
   0.06857238585055081,
   0.8071079985593904,
   0.11746204324898794
  ],
  [
   0.37399728519266223,
   0.19403571624433322,
   0.5279917809520001,
   0.1096797548303569,
   0.10968466170127629,
   0.8852571180521572,
   0.06943193124797217,
   0.8172942034705644,
   0.11727598461386218
  ],
  [
   0.37651137056534584,
   0.19399263044761864,
   0.5240832835599237,
   0.10984402424034667,
   0.10927059873187539,
   0.8869021722895937,
   0.07132429583601876,
   0.8264521041173678,
   0.11721216044555934
  ],
  [
   0.3763627974794574,
   0.19455887276049932,
   0.5196132220021148,
   0.10875762362493578,
   0.1089670849099292,
   0.8899776560242342,
   0.06963865565471221,
   0.8327678146266101,
   0.11793650183544918
  ],
  [
   0.3780339315614279,
   0.19203951470207983,
   0.5204695583326632,
   0.1082000835610439,
   0.11145653342871732,
   0.8914275993755485,
   0.06966670088242614,
   0.8375485434180545,
   0.11978951779300455
  ],
  [
