{
 "name": "Lichtkampf-Dickicht",
 "split": "test",
 "env": {
  "temperature": 0.5,
  "predation": 0.2,
  "foodAbundance": 0.2,
  "foodHeight": 0.7,
  "light": 0.9,
  "water": 0.85
 },
 "generations": 80,
 "traits": [
  "insulation",
  "size",
  "limbLength",
  "metabolism",
  "armor",
  "photosynthesis",
  "mobility",
  "structure"
 ],
 "trajectory": [
  [
   0.5003555857558147,
   0.4998556680717013,
   0.5006348919869128,
   0.5002495530544128,
   0.49980677103561183,
   0.4997878594967075,
   0.5001344176920638,
   0.4997591527196754
  ],
  [
   0.5004714360754863,
   0.4995305647560166,
   0.5008839808814842,
   0.4996359339710086,
   0.4986081962187639,
   0.499331502142276,
   0.49848774162079756,
   0.499884693371331
  ],
  [
   0.4987758036093712,
   0.49877197965031955,
   0.5004921875224945,
   0.4968573091800001,
   0.4984853448302708,
   0.5020187247946308,
   0.4941951584542124,
   0.5022976569329415
  ],
  [
   0.49629337653052213,
   0.4961443425254484,
   0.5021408971697301,
   0.4894491355031603,
   0.49603734682010464,
   0.508256395396846,
   0.48485580632508474,
   0.5035804651360243
  ],
  [
   0.4931935784143098,
   0.49183583569198736,
   0.5033036910323369,
   0.4771601701252837,
   0.49289653560679003,
   0.5075180943951748,
   0.47022835324918716,
   0.5030614351727417
  ],
  [
   0.48562568030344605,
   0.4871246059934898,
   0.506091474712623,
   0.46047703019958114,
   0.48867224935264275,
   0.5095768354381339,
   0.45163163735869,
   0.4994868336443467
  ],
  [
   0.47928504637402,
   0.4807783062554887,
   0.5069981391872006,
   0.4407413390686284,
   0.4795550901743595,
   0.5185063902691719,
   0.42929055571590374,
   0.499988914199018
  ],
  [
   0.4686209823613184,
   0.4700816950816414,
   0.5141749745408101,
   0.4181435959573205,
   0.47031353704416196,
   0.5309599044176438,
   0.3966699677745859,
   0.4996447108226931
  ],
  [
   0.4630465424687793,
   0.45982623757518165,
   0.5185202115831253,
   0.3902795246983885,
   0.46204885269709356,
   0.5462131813587238,
   0.36091094878540614,
   0.5000640191171378
  ],
  [
   0.452548910265785,
   0.4455822931703866,
   0.5233674800768904,
   0.359188568768995,
   0.44718218148432826,
   0.5649861578104504,
   0.31836079097612574,
   0.5015538055813739
  ],
  [
   0.44493541679576437,
   0.4285616164273114,
   0.5283781563536707,
   0.3175896878656586,
   0.4334170193653395,
   0.5910085663681331,
   0.27529156372924996,
   0.5073463927204284
  ],
  [
   0.4360349945198863,
   0.4093778362545107,
   0.5297081333171008,
   0.28277878587647226,
   0.4213063533941803,
   0.6194223557251709,
   0.23253092495236027,
   0.5151834006823606
  ],
  [
   0.42941508547280344,
   0.3937268013010584,
   0.5236201063257111,
   0.24984500931874645,
   0.40695038477142015,
   0.6527556501926629,
   0.1880059628304972,
   0.5294278250330611
  ],
  [
   0.4201837560795721,
   0.3774732366551985,
   0.52336233956759,
   0.21731261424969736,
   0.38752681748104717,
   0.6903403539332796,
   0.1530877596810483,
   0.5465830208900876
  ],
  [
   0.41271806482241336,
   0.3631122831472679,
   0.5231448158230675,
   0.18898666479254378,
   0.3636628017964442,
   0.7252468643215705,
   0.12768739122267084,
   0.5669667402527446
  ],
  [
   0.4060019929251917,
   0.35161674242730584,
   0.5162929926933761,
   0.1662027856521125,
   0.34289430259815123,
   0.7594500589808849,
   0.10712561835000516,
   0.5893199111122757
  ],
  [
   0.4039472076301463,
   0.3420034541444816,
   0.5100756016251161,
   0.14826556906519542,
   0.3221257179864688,
   0.7906018398921293,
   0.09365238199092091,
   0.613924812358323
  ],
  [
   0.40058387611269525,
   0.33025242220965983,
   0.5104357444094326,
   0.1350941763258431,
   0.29898148057319135,
   0.818288624392463,
   0.08426617980870572,
   0.6405213173803455
  ],
  [
   0.40028947346494986,
   0.3187294598255995,
   0.50757156656465,
   0.12612359749243332,
   0.28633144472858807,
   0.8441991319069007,
   0.0800465844032075,
   0.6651612322014234
  ],
  [
   0.39523079752859536,
   0.30885128545533497,
   0.5078556173523588,
   0.1187267651640081,
   0.2691102080792671,
   0.8643863625153098,
   0.07630018140477127,
   0.686898662566437
  ],
  [
   0.39187235506440127,
   0.30154455737277314,
   0.5036145434729714,
   0.11376566582521429,
   0.2524936190148251,
   0.8774048560493942,
   0.07279574997440087,
   0.7094360454414463
  ],
  [
   0.39520606716152923,
   0.29692224355979235,
   0.5087079675372098,
   0.10769124251821686,
   0.24014733064824337,
   0.8888335853237487,
   0.0713069741542385,
   0.734067964367426
  ],
  [
   0.3925125404548726,
   0.287756743088733,
   0.512956759784219,
   0.1026435023932928,
   0.22502055651355643,
   0.8972231618142956,
   0.07065532899094146,
   0.753005521191812
  ],
  [
   0.39059431105804293,
   0.2848123590461498,
   0.5104529439376488,
   0.10224678137202542,
   0.21355233886637326,
   0.9021823984968159,
   0.07011629024361006,
   0.7715600437791411
  ],
  [
   0.38543942016911603,
   0.2900937178866855,
   0.5126619432134794,
   0.0983978565671259,
   0.20028690758105025,
   0.904412959509351,
   0.07113351654383976,
   0.7890742766854073
  ],
  [
   0.3844557099349241,
   0.28496918999002807,
   0.5145950712893811,
   0.09775533945785231,
   0.19206440046173012,
   0.9093340670336403,
   0.0705836281403566,
   0.8054567855006834
  ],
  [
   0.3850217015683774,
   0.280059239601217,
   0.5143035543988499,
   0.09506913814915026,
   0.18610571112648513,
   0.9106538621120421,
   0.0684056808339271,
   0.8225407990640948
  ],
  [
   0.38133294895775055,
   0.27391915448704424,
   0.516782746534994,
   0.09527213809823405,
   0.17874205706908705,
   0.9123614021402625,
   0.06704052272299117,
   0.8355676527621253
  ],
  [
   0.383001031205056,
   0.2751325747173916,
   0.5163515852532178,
   0.09333554301206265,
   0.1734174187337307,
   0.9133150233057726,
   0.06757903851197157,
   0.8434587502979244
  ],
  [
   0.3837268484879434,
   0.27272833904015414,
   0.5194447926176388,
   0.09502661694330648,
   0.16852031932658185,
   0.9136838860690976,
   0.06700738489318457,
   0.8500999235150909
  ],
  [
   0.37986604692273124,
   0.27140991054817515,
   0.528836293276468,
   0.09605721990898773,
   0.1601696956889254,
   0.9145885821502571,
   0.06686677909708322,
   0.8580747915701877
  ],
  [
   0.37747020177347346,
   0.272529235616581,
   0.5343564551552183,
   0.09697616506317897,
   0.15742062836867776,
   0.9154626087567471,
   0.06619635020986621,
   0.8628633875979518
  ],
  [
   0.37781533318845706,
   0.26798850973948624,
   0.5307930670392141,
   0.09756751852717634,
   0.15167738863624478,
   0.9141651944346564,
   0.06638001723820225,
   0.8684985248992891
  ],
  [
   0.37797922760789593,
   0.2654651887020442,
   0.5284180718452863,
   0.09608200650126947,
   0.14555362267398722,
   0.9162569004577449,
   0.06605189182294151,
   0.8709550015600094
  ],
  [
   0.3797280308634024,
   0.26498621761174634,
   0.5277188798984046,
   0.09604698423788201,
   0.14110644891069335,
   0.9161403127181901,
   0.06578640720318117,
   0.8724120156761165
  ],
  [
   0.3796775012099434,
   0.2611308140938435,
   0.5339009433284471,
   0.09641028660557809,
   0.13834712663777388,
   0.9151206924064569,
   0.06674929329397986,
   0.8747262831993758
  ],
  [
   0.38400900012080935,
   0.2582288601059354,
   0.5335633446949056,
   0.0957352166072526,
   0.1363380348232613,
   0.9158944409700359,
   0.0690612388121749,
   0.8766361221181511
  ],
  [
   0.3826392539138088,
   0.2644888057803969,
   0.5337562848100815,
   0.09635385589845702,
   0.13268851838989826,
   0.9158883350551245,
   0.06836119258228544,
   0.8784033677487685
  ],
  [
   0.380313587863617,
   0.25951605113311155,
   0.5315629954393537,
   0.09692149070320166,
   0.13355446520904032,
   0.917629227985874,
   0.07026884243325864,
   0.8815261455193008
  ],
  [
   0.3776779811832307,
   0.25955552019918054,
   0.5288071764037591,
