{
 "name": "Lichtkampf-Dickicht",
 "split": "test",
 "env": {
  "temperature": 0.5,
  "predation": 0.2,
  "foodAbundance": 0.2,
  "foodHeight": 0.7,
  "light": 0.9,
  "water": 0.85
 },
 "generations": 80,
 "traits": [
  "insulation",
  "size",
  "limbLength",
  "metabolism",
  "armor",
  "photosynthesis",
  "mobility",
  "structure"
 ],
 "trajectory": [
  [
   0.5003555857558147,
   0.4998556680717013,
   0.5006348919869128,
   0.5002495530544128,
   0.49980677103561183,
   0.4997878594967075,
   0.5001344176920638,
   0.4997591527196754
  ],
  [
   0.49938822364120666,
   0.49812558490425546,
   0.5014039787225051,
   0.49911682319060774,
   0.49740947740336133,
   0.5004645398989139,
   0.49730068729065363,
   0.49943696372151297
  ],
  [
   0.4945086938250311,
   0.4893557036356346,
   0.50340563679256,
   0.495365240272418,
   0.4922220732928104,
   0.5081377591658377,
   0.48662272196075,
   0.5012854537643819
  ],
  [
   0.4854525612598457,
   0.4770082536411575,
   0.5049357053673778,
   0.4862139814940829,
   0.4811681522747784,
   0.522246173209684,
   0.46499075235585013,
   0.5037759383088972
  ],
  [
   0.47563173384037166,
   0.4593250346817459,
   0.510372892477779,
   0.47307296222255246,
   0.46721110552322515,
   0.5391285709129967,
   0.4329696435143091,
   0.5062728332501042
  ],
  [
   0.46074937890000967,
   0.43893068020772047,
   0.514235972531329,
   0.4519955544982655,
   0.45125267833337385,
   0.5649587008150796,
   0.3925338052842058,
   0.5107271465529927
  ],
  [
   0.4474213603055052,
   0.4129828338744035,
   0.5163001348602382,
   0.43014027529490045,
   0.4327853491353264,
   0.5977207315350738,
   0.3406811895555489,
   0.5234942007286948
  ],
  [
   0.43381383694628894,
   0.38129804846149207,
   0.5183257805285754,
   0.40852883404533574,
   0.40657019084329676,
   0.6395961339239954,
   0.284286624040537,
   0.5397597331467789
  ],
  [
   0.4234019310904413,
   0.35317640795864885,
   0.5236294710539809,
   0.38265820521550614,
   0.3854273617161688,
   0.6829244564003757,
   0.23340818649647666,
   0.5584935104191379
  ],
  [
   0.4155750026144273,
   0.3259611248633464,
   0.5234366729417582,
   0.3635816165123966,
   0.36569607494709416,
   0.7261255923101916,
   0.1865991045979162,
   0.5852138529279055
  ],
  [
   0.4083038199795654,
   0.3007980283522336,
   0.5255150818776533,
   0.34240861533075423,
   0.3485095139013397,
   0.7684553483119853,
   0.15020129217702755,
   0.614628472409752
  ],
  [
   0.4055421726083485,
   0.28049103442592693,
   0.5241953783610838,
   0.32299999531986007,
   0.3363462344660118,
   0.8059357170676137,
   0.12415062441479476,
   0.6452412816630234
  ],
  [
   0.4071546251860681,
   0.2604825291607275,
   0.5241789172953428,
   0.3060007075627808,
   0.3229889078401555,
   0.8345457214125694,
   0.10400051495908545,
   0.6741768745734119
  ],
  [
   0.4043857466898529,
   0.24307119911819475,
   0.5215745338605239,
   0.29034189903742985,
   0.31682432494156015,
   0.8587400070211992,
   0.09189653670773262,
   0.706788857877374
  ],
  [
   0.40035666824707633,
   0.22864634830974148,
   0.5258653323224823,
   0.27307838072073515,
   0.30826212147944837,
   0.8773008040024114,
   0.0847627076324101,
   0.733766153494194
  ],
  [
   0.4011592894155626,
   0.21289190271527994,
   0.5271916622944911,
   0.259195877830872,
   0.29826779725322744,
   0.8880133408084167,
   0.07977138507357363,
   0.7569901945443793
  ],
  [
   0.40288629041946505,
   0.20504095232870212,
   0.5273376412504315,
   0.25059998748688356,
   0.293308128540247,
   0.8973367693931271,
   0.07883709616992227,
   0.7805927373643441
  ],
  [
   0.40443376473188297,
   0.19354020682440057,
   0.5279350603935111,
   0.2381838979754937,
   0.2831838696087688,
   0.9026709442190265,
   0.07731177826316442,
   0.7999909609470418
  ],
  [
   0.40820404900072443,
   0.18950283408043642,
   0.5295547790986149,
   0.22827367086187186,
   0.28127251546265,
   0.9059306219994964,
   0.07818533410546405,
   0.8168836254377833
  ],
  [
   0.4065896532393618,
   0.17652564631908227,
   0.5318461783976043,
   0.21802279594660423,
   0.27731963776218355,
   0.9098636704261335,
   0.0772854153254612,
   0.8281072633539663
  ],
  [
   0.4087925367968908,
   0.1682140351984628,
   0.533907934921984,
   0.20986271215353844,
   0.2700673368745777,
   0.9117082421112722,
   0.07827249128796585,
   0.8389115541041461
  ],
  [
   0.40996500196399555,
   0.16505076342701083,
   0.5373883605094177,
   0.2007283455468952,
   0.2626243378174991,
   0.9132104618814746,
   0.07850692004424277,
   0.8513913035662704
  ],
  [
   0.410699773406265,
   0.1607233229887064,
   0.5370663051039556,
   0.19478389276622723,
   0.2574066774497978,
   0.9145044651457507,
   0.07944264251694001,
   0.8581316606765425
  ],
  [
   0.41305810641811974,
   0.15711951975000238,
   0.5375139832798327,
   0.18712722200052237,
   0.25193778507583087,
   0.9146737296292494,
   0.08058833897877964,
   0.8656863838030667
  ],
  [
   0.417167768741505,
   0.1536580200725229,
   0.5376114898128187,
   0.18153377810227048,
   0.25090287046090043,
   0.9152957514769277,
   0.08012240767343026,
   0.8701868158229592
  ],
  [
   0.41947840094807254,
   0.15293073425537415,
   0.5375559959501983,
   0.1742871134812809,
   0.24699656492921387,
   0.9154653318021141,
   0.08003811673141037,
   0.8755921406119715
  ],
  [
   0.42225681142239013,
   0.15009914195063737,
   0.5347906079093266,
   0.1701537409519068,
   0.24193575424104555,
   0.9140946824916606,
   0.07928959773209733,
   0.8807229143438002
  ],
  [
   0.422699835060806,
   0.14529503460408572,
   0.5348994016801919,
   0.1695969248294851,
   0.23833032989293887,
   0.9130845898747846,
   0.07839204770779727,
   0.8825831827707996
  ],
  [
   0.42455796170146787,
   0.14652959438952187,
   0.5335023986840894,
   0.16834179295171584,
   0.23724255930883342,
   0.9145047408439974,
   0.07935921657366996,
   0.883892203803499
  ],
  [
   0.42703660151149153,
   0.1469671973110385,
   0.5303556140721297,
   0.16818241960055427,
   0.23448301290160356,
   0.9149639295977968,
   0.07925221477093379,
   0.8839039390617471
  ],
  [
   0.4258861154031213,
   0.14706851315906855,
   0.5279486293943064,
   0.16739164671669785,
   0.23195592630366543,
   0.9137550408885459,
   0.07974435566457935,
   0.8881345565434479
  ],
  [
   0.4273636356047421,
   0.14579355425020576,
   0.5302401378821862,
   0.16442016538533197,
   0.23466508953537546,
   0.9156694283203755,
   0.0780791145241872,
   0.8886642131333327
  ],
  [
   0.43165982392072566,
   0.14542182154803632,
   0.5301514091310462,
   0.16127780690604956,
   0.23279740703687415,
   0.9141144073752062,
   0.07770816050164424,
   0.8872052089547272
  ],
  [
   0.43083407061151885,
   0.1438635705025213,
   0.5321174502378215,
   0.16042887221157118,
   0.2338978856385897,
   0.9131688137355781,
   0.07947629834813554,
   0.8897757139138638
  ],
  [
   0.43083180933029946,
   0.14229364416940343,
   0.5349867228232134,
   0.15886286274889277,
   0.23309752307250464,
   0.9130357220515547,
   0.08040678347965628,
   0.8900859659955564
  ],
  [
   0.4317411114945328,
   0.14323243645879702,
   0.5377166766872948,
   0.15896864825477192,
   0.2295141204356361,
   0.9118400850903874,
   0.08076715982899317,
   0.8903824130586714
  ],
  [
   0.42781017037695723,
   0.14236150103218145,
   0.5335408411352686,
   0.1540267690262299,
   0.2262923615963207,
   0.9118651493057541,
   0.08182460781504082,
   0.8897260791066789
  ],
  [
   0.42564667564402364,
   0.1434072198617052,
   0.5340550345383149,
   0.15310596332027257,
   0.22260476031505697,
   0.9117194485010397,
   0.08168059258736737,
   0.8913421528292922
  ],
  [
   0.42290866701616364,
   0.1422023645050244,
   0.5353921771627078,
   0.15059606482368484,
   0.22051146310699143,
   0.9112407055194341,
   0.08145219597183719,
   0.8927095069579627
  ],
  [
   0.42465759606321996,
   0.1391214499547319,
