{
 "name": "Lichtkampf-Dickicht",
 "split": "test",
 "env": {
  "temperature": 0.5,
  "predation": 0.2,
  "foodAbundance": 0.2,
  "foodHeight": 0.7,
  "light": 0.9,
  "water": 0.85
 },
 "generations": 80,
 "traits": [
  "insulation",
  "size",
  "limbLength",
  "metabolism",
  "armor",
  "photosynthesis",
  "mobility",
  "structure",
  "wing"
 ],
 "trajectory": [
  [
   0.4991898287623622,
   0.4997065634827101,
   0.5001561244775644,
   0.5006984386424967,
   0.5003491935357325,
   0.5001629330209723,
   0.5002618699483379,
   0.5001433453474952,
   0.4998505652377894
  ],
  [
   0.5002326896272716,
   0.49892246201919616,
   0.4996171930635318,
   0.49912393759753937,
   0.5006686894601171,
   0.4999505089698371,
   0.4995261901075911,
   0.5004942109063101,
   0.4984863584480989
  ],
  [
   0.4994108335768326,
   0.4979811474773666,
   0.49987776910027565,
   0.49764652952227134,
   0.4986531020530269,
   0.5023216869825654,
   0.49263999535406205,
   0.5012963040942027,
   0.49709801995561204
  ],
  [
   0.4966113982976357,
   0.49404668493205084,
   0.5021548243500678,
   0.49393564615181423,
   0.4924158288269695,
   0.5009717042470615,
   0.48235146335952556,
   0.49920947748683364,
   0.49368763703832513
  ],
  [
   0.4944078460321861,
   0.48998743064872424,
   0.5053352122302184,
   0.48426284106385836,
   0.48478482996197886,
   0.5020163928083211,
   0.4666122397136763,
   0.49824770046884037,
   0.49028445410006594
  ],
  [
   0.49117089428872834,
   0.4839972010483471,
   0.5073749236633375,
   0.4717385379884853,
   0.47236010373404674,
   0.49985858930294474,
   0.4482758637661666,
   0.4999999900969864,
   0.48637665034031435
  ],
  [
   0.48388845894085514,
   0.47590818685160535,
   0.5092290722800443,
   0.45727549967932,
   0.46036238982175615,
   0.5000455671355508,
   0.4178428860746835,
   0.5006711456130855,
   0.4775775301287483
  ],
  [
   0.476326519149451,
   0.4674759432678816,
   0.5126264007548333,
   0.4397399605085384,
   0.44273416622665596,
   0.5047573403846305,
   0.3816891259500339,
   0.5040263946068523,
   0.4671341666921489
  ],
  [
   0.47122519973592264,
   0.453526400775979,
   0.5148554457321888,
   0.4199793198513498,
   0.4241473154100081,
   0.5097765426859635,
   0.3408015392924526,
   0.5078265361985773,
   0.45308605634354787
  ],
  [
   0.46510559721566963,
   0.4369742756079596,
   0.5160623063394685,
   0.39552588965130236,
   0.399025567342505,
   0.5184230102663048,
   0.29486542253002745,
   0.5124271872112921,
   0.4375077984392321
  ],
  [
   0.4596243222348166,
   0.42269021038584187,
   0.5148654428816152,
   0.3673274157068874,
   0.36817774611119214,
   0.5271641894130611,
   0.24480540436726383,
   0.516698548168269,
   0.4154670370873296
  ],
  [
   0.45107876614818804,
   0.4027612237103299,
   0.514311786525885,
   0.3407607198991783,
   0.34025429347833547,
   0.5462618267042009,
   0.20015267138313764,
   0.5244433784085056,
   0.3954830072558593
  ],
  [
   0.43991504655033764,
   0.38503648786379335,
   0.5134494891725832,
   0.31467335780391253,
   0.3164193461806825,
   0.5631171804020106,
   0.1654618408817158,
   0.5309152013074204,
   0.3720990725395316
  ],
  [
   0.4307213984129454,
   0.3644268583750883,
   0.5145628726205315,
   0.2902321331513406,
   0.2890237604340495,
   0.5854187127825553,
   0.13745824736664222,
   0.5398444241099861,
   0.34649904909085755
  ],
  [
   0.42258245803281014,
   0.34057246924679224,
   0.5117684326573321,
   0.26399459746472725,
   0.2596177681525152,
   0.6126245838837995,
   0.11676284355243861,
   0.551176762265915,
   0.32419287689603365
  ],
  [
   0.41195282920378745,
   0.3172508239086593,
   0.5109985681919913,
   0.2403355588888064,
   0.23457905075875096,
   0.6410912443475334,
   0.10217242307363095,
   0.5598499560275173,
   0.2936121541086057
  ],
  [
   0.4043623143978891,
   0.3044582191619835,
   0.5124923329058219,
   0.22012053504078077,
   0.21401408639111263,
   0.6668441052222304,
   0.09313546992800924,
   0.5777027921335085,
   0.26891325440276204
  ],
  [
   0.3991698541569322,
   0.28890150696744715,
   0.5112557041830873,
   0.20019634404133546,
   0.19756458229191096,
   0.6991280962933989,
   0.08598118854305441,
   0.5929665449634812,
   0.2483165452772799
  ],
  [
   0.3919105462943889,
   0.27478259964954566,
   0.5107978518765485,
   0.18256361474189356,
   0.1791729498737097,
   0.7284374194756494,
   0.08073580857740885,
   0.6128309620064393,
   0.22821631903747763
  ],
  [
   0.38670372271246567,
   0.2611470068441392,
   0.5145598079400128,
   0.16984893735778997,
   0.16797793819611984,
   0.7542051089099734,
   0.07688148266309677,
   0.6317076847664881,
   0.20998458481202142
  ],
  [
   0.38456336940603847,
   0.24835605624543303,
   0.5158392455867504,
   0.15645584739976023,
   0.1543453210563984,
   0.7785856812001001,
   0.07418504877472043,
   0.6492474153582836,
   0.19332301290628573
  ],
  [
   0.38145768103397665,
   0.23717694329948402,
   0.5141394456865304,
   0.1471104307566735,
   0.1457995132818696,
   0.796904721918153,
   0.07372560786595252,
   0.6735084590430596,
   0.18014278894502747
  ],
  [
   0.38186786851891297,
   0.23369194783931188,
   0.5157535611011598,
   0.1410102229621476,
   0.13882617497663952,
   0.8170499914145454,
   0.07395571296362648,
   0.6988811103809985,
   0.16784780826760512
  ],
  [
   0.3770154557898701,
   0.22485237250606996,
   0.5162162407301589,
   0.1374992780093384,
   0.13180594608446092,
   0.8339216003374218,
   0.07196678187861878,
   0.7141731509673669,
   0.15903143516192467
  ],
  [
   0.3756118062576872,
   0.2206902972300723,
   0.5154701744983233,
   0.12961393743784522,
   0.12702704497737408,
   0.8467904206115645,
   0.06984739727859211,
   0.7320812477533448,
   0.15024099461915205
  ],
  [
   0.3755067148423259,
   0.218052531047607,
   0.5112947834372125,
   0.12471214110301963,
   0.12324277611282021,
   0.8560150822500533,
   0.06994546837563086,
   0.7509647739389202,
   0.14488406861945294
  ],
  [
   0.37169705594216634,
   0.21355359967069698,
   0.5140507102322242,
   0.12146796170329129,
   0.1234059069528683,
   0.8683220410938031,
   0.07078060229601282,
   0.7673040981487614,
   0.13980627486758263
  ],
  [
   0.37198052703425294,
   0.2131142837421337,
   0.5147115803086476,
   0.119543346624909,
   0.12121033470136622,
   0.8749893945225361,
   0.06909198054337458,
   0.7799118082193252,
   0.13326408569533385
  ],
  [
   0.3723017409096612,
   0.21703596083594234,
   0.5115459576459466,
   0.11952984887438174,
   0.1216040137498488,
   0.8796465104537297,
   0.06939886912781888,
   0.7918535688174532,
   0.13153222137297735
  ],
  [
   0.37208507521162176,
   0.21384185889438326,
   0.5152184662458169,
   0.11697790639882039,
   0.12061074095670464,
   0.8820260349253202,
   0.06816361379053262,
   0.8049447571523632,
   0.12677558039379705
  ],
  [
   0.36966544564779463,
   0.21450931821180344,
   0.5216770250171602,
   0.11436289999739667,
   0.11777242529910002,
   0.8871994114527059,
   0.06754484454248769,
   0.8131476112969122,
   0.1251024982991608
  ],
  [
   0.3712050305318524,
   0.2152802195309801,
   0.5164421100355786,
   0.11173506673874427,
   0.1186773643241798,
   0.8899700225182917,
   0.0679428241980276,
   0.8227432974072909,
   0.12299348156455657
  ],
  [
   0.37275103765388357,
   0.21217877492869786,
   0.5159442486457452,
   0.11177278039775207,
   0.11652191627363757,
   0.893512970245269,
   0.07016156571944182,
   0.8303172258168087,
   0.12121640092961687
  ],
  [
   0.37464504250924363,
   0.2115755806319295,
   0.5108364185431088,
   0.11285019022464575,
   0.11485734368960353,
   0.8941137947626645,
   0.06672281996640546,
   0.8403982858435651,
   0.1210596423304709
  ],
  [
   0.3756393465449129,
   0.2123244856635371,
   0.5159481564718794,
   0.11256139868945371,
   0.11580860032075058,
   0.8970965199075986,
   0.06739329489122062,
   0.8476702637867759,
