{
 "name": "Lichtkampf-Dickicht",
 "split": "test",
 "env": {
  "temperature": 0.5,
  "predation": 0.2,
  "foodAbundance": 0.2,
  "foodHeight": 0.7,
  "light": 0.9,
  "water": 0.85
 },
 "generations": 80,
 "traits": [
  "insulation",
  "size",
  "limbLength",
  "metabolism",
  "armor",
  "photosynthesis",
  "mobility",
  "structure"
 ],
 "trajectory": [
  [
   0.5003555857558147,
   0.4998556680717013,
   0.5006348919869128,
   0.5002495530544128,
   0.49980677103561183,
   0.4997878594967075,
   0.5001344176920638,
   0.4997591527196754
  ],
  [
   0.5004250226029203,
   0.49982171419342025,
   0.5009928253846316,
   0.49962015290822276,
   0.498005565079327,
   0.4992039822821756,
   0.4981404399378986,
   0.49969614852657757
  ],
  [
   0.4986961081522294,
   0.4981978736561122,
   0.5023837739282996,
   0.49680504407310266,
   0.4947779444645129,
   0.5001139988707333,
   0.4916514733657175,
   0.5019927652222381
  ],
  [
   0.4967336271090552,
   0.4965263528304347,
   0.5032296370055702,
   0.4900027435983856,
   0.48801640403768126,
   0.5010658122205895,
   0.4760858072559864,
   0.5018153557784216
  ],
  [
   0.4905941291560152,
   0.4940636704861187,
   0.506118339233708,
   0.4805673363646658,
   0.4768297532156378,
   0.501359968220041,
   0.45700709228826275,
   0.5020806962000625
  ],
  [
   0.4801092511961213,
   0.4879422155212338,
   0.5058521150577143,
   0.4655740355536265,
   0.4629376877374248,
   0.5024321017468834,
   0.4302143397824629,
   0.5011705190110424
  ],
  [
   0.4726918719294668,
   0.4771942827710287,
   0.5086512375908158,
   0.44908551175676203,
   0.44477136414487184,
   0.5044696241266196,
   0.3932574513258949,
   0.4966388278749892
  ],
  [
   0.46292362305039886,
   0.46826161507504266,
   0.5109697134136486,
   0.42944895106126135,
   0.42211119771641775,
   0.5069083878351199,
   0.3483690256205842,
   0.495672555851098
  ],
  [
   0.4540712200346453,
   0.4531286953867113,
   0.5207800884193605,
   0.40441376978979743,
   0.39583631967640426,
   0.5097500837825488,
   0.2995817217795512,
   0.4947976422466797
  ],
  [
   0.4423765658472582,
   0.437191567242486,
   0.5265336795912806,
   0.3750956699789953,
   0.36638671097005115,
   0.5170584901627333,
   0.2521275542303534,
   0.4958963259900193
  ],
  [
   0.4352882829412293,
   0.41662517766543644,
   0.5310642484497379,
   0.34784351451675893,
   0.33505839985570113,
   0.5260025614758633,
   0.20861269241111816,
   0.49701356128524815
  ],
  [
   0.42761178189989746,
   0.39446914217250445,
   0.5334678971905084,
   0.322652111315566,
   0.3022113546732917,
   0.5433295030147854,
   0.1702697417127402,
   0.5049841014971669
  ],
  [
   0.4201042537885311,
   0.3719960923221939,
   0.5317564666208913,
   0.29422886164210454,
   0.27160818274681514,
   0.5684009006332156,
   0.13943253793459584,
   0.5167668247434634
  ],
  [
   0.41864273714176153,
   0.35427993541637987,
   0.5265833680485462,
   0.26981633919143583,
   0.24423014579026692,
   0.5940820311331856,
   0.11552684524250302,
   0.527045824113823
  ],
  [
   0.41304133506953256,
   0.33243190938073414,
   0.5293502723860636,
   0.2483221682557708,
   0.22035407178108335,
   0.6240589052293654,
   0.1004357909355682,
   0.5369917444004613
  ],
  [
   0.40887229452003687,
   0.31243417740599233,
   0.5301201034538563,
   0.22699384787691698,
   0.19989904265180794,
   0.6559676775118143,
   0.09305766434610417,
   0.5547773006291484
  ],
  [
   0.4035005507327704,
   0.30222956449769883,
   0.523892705592143,
   0.20955070662361833,
   0.1839585573625241,
   0.6873707167227904,
   0.08672222600930417,
   0.5773024461151607
  ],
  [
   0.40368025201272223,
   0.28730643027435765,
   0.5264410147573928,
   0.19407480661889862,
   0.16923372907660306,
   0.7250739229619566,
   0.08133362053287625,
   0.600748140849603
  ],
  [
   0.4009328310275799,
   0.2747999274390618,
   0.5275135529249025,
   0.178349096727182,
   0.15949013762715986,
   0.756782158125176,
   0.07790042600928411,
   0.6264941588345754
  ],
  [
   0.39617614143416136,
   0.2669107208329075,
   0.5252301440208829,
   0.16316032360872618,
   0.1510804441451797,
   0.7802466185155078,
   0.07502359532250405,
   0.6455040367176162
  ],
  [
   0.3912995588018225,
   0.264167385266521,
   0.5220185339108858,
   0.15057915115189285,
   0.14201206622056614,
   0.8030395741917582,
   0.07237362515842584,
   0.6692484103906281
  ],
  [
   0.39231580902265567,
   0.25368244320558736,
   0.524945790970558,
   0.14164485350910663,
   0.13296184308333422,
   0.8230566888185403,
   0.06986942428584218,
   0.69639959778702
  ],
  [
   0.39085415550039887,
   0.25153514167908514,
   0.5254014926602911,
   0.13257770715774556,
   0.1304110467325106,
   0.835775775122397,
   0.07092959207307585,
   0.7142482332335024
  ],
  [
   0.39250367715330853,
   0.24900391637182273,
   0.5252271494825874,
   0.12911478361346235,
   0.1255142007862195,
   0.8470531991380263,
   0.0704587731318999,
   0.7349357924468182
  ],
  [
   0.3882737532536114,
   0.24182382692137086,
   0.5249896013934591,
   0.12377750314549131,
   0.12086926471001541,
   0.8589136436456477,
   0.06967293818108491,
   0.7548716909494896
  ],
  [
   0.38974796259846683,
   0.2390043506110634,
   0.5218349164669697,
   0.12057934830933707,
   0.11869505801620901,
   0.8671860926834443,
   0.06990430944074076,
   0.769878770438677
  ],
  [
   0.39145070732826787,
   0.23501291157116203,
   0.5182996094261014,
   0.11587828861659495,
   0.11569036419797041,
   0.8713500897615448,
   0.06826503151187942,
   0.78368043315429
  ],
  [
   0.38616786734420994,
   0.2332917887740891,
   0.5162598944367062,
   0.11364307663673694,
   0.1157100370794683,
   0.8794738847557251,
   0.06861616826430873,
   0.8006864430470789
  ],
  [
   0.3866304724519339,
   0.2314354897545168,
   0.5206749446703486,
   0.11196583901768413,
   0.11391006890825188,
   0.8863878938536512,
   0.0697983741490602,
   0.8131792769618502
  ],
  [
   0.38238415902757145,
   0.2306010663377577,
   0.5195133479169577,
   0.11256953061746294,
   0.11433471274817965,
   0.890401855180705,
   0.06855116614895221,
   0.8252270222717325
  ],
  [
   0.37959392697419697,
   0.22906878956085397,
   0.5233240708086535,
   0.11004902819363653,
   0.11255287625749406,
   0.8942323697025379,
   0.06830987372285716,
   0.8337419577591771
  ],
  [
   0.3778673654308182,
   0.23106609748691462,
   0.5296360031529467,
   0.1087349605711027,
   0.11598568543848277,
   0.8956379301986281,
   0.06959323044835483,
   0.8426358019136173
  ],
  [
   0.3749472731430616,
   0.228321008313194,
   0.5301030010807717,
   0.10810856737365436,
   0.11627986297304395,
   0.8987481626856524,
   0.06926333705130354,
   0.8504381042893162
  ],
  [
   0.37686218350130174,
   0.22807165553566203,
   0.5353256543451493,
   0.10821869342380164,
   0.11510094625683404,
   0.8996430240456443,
   0.06833531211831755,
   0.8579898794701012
  ],
  [
   0.37869662265521015,
   0.22617469879440524,
   0.5386258882436786,
   0.10937224889332318,
   0.11117180520686142,
   0.9006826478556184,
   0.06709925667375578,
   0.8605991123778628
  ],
  [
   0.37661593188405235,
   0.22499073929091964,
   0.5366516273314547,
   0.1091226719638238,
   0.10865951636294563,
   0.9007390643111707,
   0.06832374079141611,
   0.8647164590097868
  ],
  [
   0.37659988371054864,
   0.2246458240331091,
   0.5350668919635656,
   0.10884393425571198,
   0.1094266079753785,
   0.8992733761691479,
   0.06928377846455132,
   0.865657385210728
  ],
  [
   0.3761825824638694,
   0.2220382380892668,
   0.5311752145594192,
   0.1093779025485598,
   0.1078265916422152,
   0.9001002372740933,
   0.0685208512640624,
   0.8689011566331368
  ],
  [
   0.3759295819941851,
   0.22029384140269428,
   0.5384594637898155,
   0.10962640706920006,
   0.10918273484147446,
   0.9013733336354613,
   0.06972332946509315,
   0.8730745303008303
  ],
  [
   0.37535371996259753,
   0.22258341245476665,
