{
 "name": "Raeuberland",
 "split": "train",
 "env": {
  "temperature": 0.5,
  "predation": 0.9,
  "foodAbundance": 0.8,
  "foodHeight": 0.15,
  "light": 0.5,
  "water": 0.6
 },
 "generations": 80,
 "traits": [
  "insulation",
  "size",
  "limbLength",
  "metabolism",
  "armor",
  "photosynthesis",
  "mobility",
  "structure"
 ],
 "trajectory": [
  [
   0.5003555857558147,
   0.4998556680717013,
   0.5006348919869128,
   0.5002495530544128,
   0.49980677103561183,
   0.4997878594967075,
   0.5001344176920638,
   0.4997591527196754
  ],
  [
   0.5007097295427928,
   0.4991867822011878,
   0.5011158189242836,
   0.5004811417608898,
   0.4989559862656549,
   0.49808462182545243,
   0.501011417275293,
   0.4998534297608674
  ],
  [
   0.4984969542177966,
   0.4978323686226335,
   0.5006598511415954,
   0.4997862137249464,
   0.5022583801509902,
   0.4920468541405952,
   0.5074003732030222,
   0.5033559172166274
  ],
  [
   0.49557013566175206,
   0.49539548659360433,
   0.5003061007600926,
   0.495680246121834,
   0.5068852766007527,
   0.4803742219189673,
   0.5166594816952458,
   0.508374224080308
  ],
  [
   0.4902993011963485,
   0.4900394400145676,
   0.5002837991179172,
   0.489647953375772,
   0.5126540527931248,
   0.4611498909144052,
   0.5317783570648144,
   0.5113456940103607
  ],
  [
   0.48160144289777973,
   0.48534356998940403,
   0.49909940689394355,
   0.483171371104479,
   0.5172085139559112,
   0.43349814275979487,
   0.5508168640069504,
   0.5142231719124282
  ],
  [
   0.47480876655580073,
   0.4779652450681786,
   0.5008647306891607,
   0.4785639817407816,
   0.5254887247958805,
   0.4011366298258094,
   0.5768939782487665,
   0.5181984120363813
  ],
  [
   0.4667273755292493,
   0.464656142525061,
   0.5036344823304187,
   0.4773035460508763,
   0.5308805816610124,
   0.3544209528817568,
   0.6057263223102296,
   0.5197269499329044
  ],
  [
   0.45533039555393406,
   0.45329638683930346,
   0.5030910622245203,
   0.4806500351232295,
   0.5347591327501803,
   0.29428241410368816,
   0.6450097100061861,
   0.5258351248957428
  ],
  [
   0.44606269007973026,
   0.4376390019599538,
   0.5055343080892546,
   0.49229159520116905,
   0.542608640480281,
   0.22915813504813487,
   0.6927640383878232,
   0.5285202806260707
  ],
  [
   0.43652383761952596,
   0.4184471599892088,
   0.5079965048878763,
   0.5093883157271061,
   0.5474973212515869,
   0.1717926247734262,
   0.7453855203020895,
   0.5251643330286414
  ],
  [
   0.4241045169678561,
   0.3969296165357685,
   0.5120008781175149,
   0.5320248667642516,
   0.5488974090537081,
   0.12695623388167848,
   0.7924288082794549,
   0.5272009423299716
  ],
  [
   0.4142963415590242,
   0.38201209933256014,
   0.5098103157901387,
   0.5619877086598407,
   0.5574827046608345,
   0.09599599305262578,
   0.8384525311276475,
   0.5353111052926708
  ],
  [
   0.4131378981073521,
   0.3599214660778774,
   0.5073856715731933,
   0.598830391085436,
   0.5598251370839628,
   0.07890304245384978,
   0.8704709986483342,
   0.5399609772345741
  ],
  [
   0.40997151531253034,
   0.34465141868021326,
   0.5115656702203383,
   0.6294817384729746,
   0.5679078382201118,
   0.07006205508265999,
   0.8909516002500526,
   0.5404232655458167
  ],
  [
   0.410155427591754,
   0.32242763873358954,
   0.5074419548076526,
   0.6627746393109558,
   0.5805466892767543,
   0.06175406456942392,
   0.9058660595022677,
   0.5411232815793741
  ],
  [
   0.40351777193907234,
   0.30797737493361205,
   0.507825018710495,
   0.6942007585799819,
   0.589515233509757,
   0.05886299987610253,
   0.9173072284502389,
   0.5384762463093237
  ],
  [
   0.40162173733662043,
   0.2917995577410378,
   0.5082864116240448,
   0.7177118627547457,
   0.5922326180497709,
   0.05896421048622232,
   0.9217232242975602,
   0.5396124033362248
  ],
  [
   0.3995368753380937,
   0.2752159670413776,
   0.5121442242328833,
   0.7378588090446034,
   0.6015754280069626,
   0.05730794517026223,
   0.9267030069680765,
   0.5383126784126989
  ],
  [
   0.3977859307836249,
   0.2577673976766653,
   0.5159984217972138,
   0.7589857634767477,
   0.608119037463381,
   0.05574291015027569,
   0.9288866191139401,
   0.5431313387484109
  ],
  [
   0.3923410013679458,
   0.24653872578641758,
   0.5228605856976103,
   0.7778994850152238,
   0.6174280521748616,
   0.055032384377424276,
   0.9299932021564352,
   0.5441488204763053
  ],
  [
   0.39116193187471615,
   0.23751071268088508,
   0.5242614554295749,
   0.7939125822121027,
   0.6245555096128029,
   0.05707394329049231,
   0.9325390342487206,
   0.5440289636767383
  ],
  [
   0.38960855897160857,
   0.2247212326140704,
   0.5288967962395604,
   0.8048774131371211,
   0.6320273912660498,
   0.05586713826901501,
   0.9345359666254236,
   0.5433544523037843
  ],
  [
   0.38915380884108,
   0.21661183393619907,
   0.5361027896113929,
   0.8213060052616189,
   0.6441205383479794,
   0.05657672412261112,
   0.9355252195132419,
   0.543112036682328
  ],
  [
   0.38708346996901816,
   0.20602188735997898,
   0.5399741708116168,
   0.8302136806159406,
   0.6500490098719459,
   0.056597853719706215,
   0.9366458058455979,
   0.5482295564171024
  ],
  [
   0.3842062591393431,
   0.19829822321560553,
   0.5439236588234803,
   0.8412033664616692,
   0.6600396252980713,
   0.05648039998696211,
   0.9377363010926123,
   0.5521025531130858
  ],
  [
   0.38453460943087087,
   0.19052579676011136,
   0.5454558475319728,
   0.8487150937993447,
   0.6685538251935266,
   0.05542963115418136,
   0.9359584503445187,
   0.5543479874464626
  ],
  [
   0.38455783616131595,
   0.1801364862873397,
   0.5504957406319894,
   0.8535271521176183,
   0.6714809577168602,
   0.05457445964163393,
   0.9360661898268615,
   0.5497567540250271
  ],
  [
   0.38351920937998013,
   0.17433649679641872,
   0.5523668901155618,
   0.8619711862539919,
   0.6748713975483968,
   0.0547584406604949,
   0.9357412340227423,
   0.5565337460420025
  ],
  [
   0.38536217786806387,
   0.17297816462421925,
   0.5578514908242233,
   0.8654923051017479,
   0.6827772015435901,
   0.05528790376045767,
   0.9361509919396126,
   0.5616702304877693
  ],
  [
   0.38682206101997285,
   0.1676715346807003,
   0.5660413552395477,
   0.8703785189248676,
   0.6947225573579794,
   0.054679115836459465,
   0.9346671687046769,
   0.5674937463228953
  ],
  [
   0.38412097987910054,
   0.16252477206179544,
   0.5687760222470247,
   0.869718016836333,
   0.705533823155931,
   0.0553569454658203,
   0.9346855546747367,
   0.5680819473527082
  ],
  [
   0.3864907870383822,
   0.15830013378721214,
   0.5753537886979375,
   0.8714884614407722,
   0.7107340613491261,
   0.055018699393298315,
   0.9349285000329521,
   0.5732421154953801
  ],
  [
   0.3895630161465613,
   0.15383095908530633,
   0.5766078518447267,
   0.8702935786274971,
   0.7114542311265658,
   0.05391053365801915,
   0.9356840875503277,
   0.5734050974285595
  ],
  [
   0.38740915068388376,
   0.15023266672554822,
   0.5772702330232936,
   0.8715731959263668,
   0.7166619851374781,
   0.05378271152032946,
   0.936990582733178,
   0.571943962740061
  ],
  [
   0.3843306809620272,
   0.14788092574299327,
   0.5775254910841668,
   0.8741568210964678,
   0.7225467683519101,
   0.05457697065828956,
   0.9371210571373446,
   0.5720927102843335
  ],
  [
   0.3855241582043929,
   0.1460768969742788,
   0.5851386431764817,
   0.8754871325686228,
   0.7286154591500605,
   0.05491058280820508,
   0.9376546014200252,
   0.5761650120496288
  ],
  [
   0.384139550562568,
   0.14526227133432154,
   0.5856506074931466,
   0.8760584464136213,
   0.7301170814757167,
   0.055852128495625965,
   0.937752125107521,
   0.5744626577551825
  ],
  [
   0.38313215826463476,
   0.14600263552811715,
   0.5872137395905082,
   0.8770762531563432,
   0.7307107552182313,
   0.05554110335156278,
   0.9373302572852934,
   0.5733006352217734
  ],
  [
   0.3819312371273011,
   0.14569309882582052,
   0.594813452191767,
   0.8749241794943616,
