{
 "name": "Raeuberland",
 "split": "train",
 "env": {
  "temperature": 0.5,
  "predation": 0.9,
  "foodAbundance": 0.8,
  "foodHeight": 0.15
 },
 "generations": 80,
 "traits": [
  "insulation",
  "size",
  "limbLength",
  "metabolism",
  "armor"
 ],
 "trajectory": [
  [
   0.4996433834143544,
   0.4991594094359171,
   0.5000550608007928,
   0.5000850530552066,
   0.5014633631818153
  ],
  [
   0.49982559440749963,
   0.4989470307783535,
   0.5007959330149069,
   0.49867348252722415,
   0.5009688972188889
  ],
  [
   0.497391422363495,
   0.49684589407152924,
   0.5000208048808403,
   0.5029218697011458,
   0.5057922032322026
  ],
  [
   0.49574296826900444,
   0.5019301404255498,
   0.4976202719738429,
   0.5125326357940391,
   0.5202279945342665
  ],
  [
   0.4905288368898604,
   0.5061746833162549,
   0.49711203276606186,
   0.5320837119930476,
   0.5363582857473225
  ],
  [
   0.48752190790782013,
   0.5096417528200688,
   0.5001203462095815,
   0.5463074437938448,
   0.5570197870490537
  ],
  [
   0.48471335219257483,
   0.5178889576038492,
   0.5016256887718048,
   0.5693055993081103,
   0.5774346964939286
  ],
  [
   0.4803255970795481,
   0.5203443014582628,
   0.5035106197708203,
   0.599370537362655,
   0.5983582628873045
  ],
  [
   0.48048519783611043,
   0.5313170685145159,
   0.5020455430880396,
   0.6215491267527123,
   0.6333791676188306
  ],
  [
   0.4832656720221149,
   0.5535084951601927,
   0.5032818807252328,
   0.6491930879422775,
   0.6599377931893544
  ],
  [
   0.4803513286185111,
   0.5579498282633166,
   0.5086910183825708,
   0.6782440656625628,
   0.687759884843047
  ],
  [
   0.4747068009729261,
   0.573064534959467,
   0.5168789187656843,
   0.7074541267788738,
   0.7149125175695629
  ],
  [
   0.4793965727880553,
   0.582955217093382,
   0.5226568881742856,
   0.7351517021886221,
   0.7418200085195954
  ],
  [
   0.47541383279366706,
   0.5905221531749881,
   0.5274093064446758,
   0.7650197544115523,
   0.778227499985764
  ],
  [
   0.47397066059334875,
   0.5972239203954034,
   0.5359824495131763,
   0.7948930866687021,
   0.7947798341484139
  ],
  [
   0.47243068373172914,
   0.6114791628629049,
   0.5349665728147368,
   0.8171407869370398,
   0.8153693234117342
  ],
  [
   0.4736270279280381,
   0.6111397020004136,
   0.527752646047633,
   0.8260216245625861,
   0.8334523144780134
  ],
  [
   0.4747927823925211,
   0.6215466033792216,
   0.5302931108168325,
   0.8399814350261777,
   0.8520482314353398
  ],
  [
   0.47358870170589323,
   0.6348253638547533,
   0.5392421342000276,
   0.8553784915132564,
   0.862946602296597
  ],
  [
   0.47165526592114415,
   0.6376571228263551,
   0.5471067197681104,
   0.8687025910770906,
   0.8679132849799586
  ],
  [
   0.4786248017195753,
   0.6397136578071907,
   0.5440616233018575,
   0.8755399138560813,
   0.87206190765031
  ],
  [
   0.48104264538181124,
   0.6404125965941447,
   0.5418925961304203,
   0.8852328586405633,
   0.8820216540724587
  ],
  [
   0.4895297965904632,
   0.6576693867355651,
   0.5408554786985216,
   0.8900527120960263,
   0.8833607098132877
  ],
  [
   0.4896066646247627,
   0.6703731932255135,
   0.5429797972861884,
   0.8949524517485893,
   0.8877958367139541
  ],
  [
   0.4877891411829296,
   0.6807631587622384,
   0.5458458686455224,
   0.9006431756723964,
   0.8883886950796683
  ],
  [
   0.4848848708117636,
   0.6884897938721556,
   0.5450210284944738,
   0.9029286924735569,
   0.8930954906335531
  ],
  [
   0.48062841750619884,
   0.6957183028798027,
   0.5490968802572301,
   0.9012765328401771,
   0.8923461485212907
  ],
  [
   0.4817709811199999,
   0.7075873012875656,
   0.5568056707620693,
   0.899252282034722,
   0.8966566575390787
  ],
  [
   0.4806979214946758,
   0.7076192048344843,
   0.5505519963928439,
   0.9024189079246057,
   0.8984487902259235
  ],
  [
   0.483628665905877,
   0.7088116495536094,
   0.5456614112745953,
   0.9066848704288994,
   0.8973534833519238
  ],
  [
   0.48025976717305263,
   0.7158128688073168,
   0.5418117801655901,
   0.9046277987020727,
   0.8979348315776398
  ],
  [
   0.48006607718387245,
   0.7188113520193841,
   0.5381881370840408,
   0.9045315474349406,
   0.8996404680208926
  ],
  [
   0.48074208212888664,
   0.7258579226374405,
   0.5433565211181722,
   0.9067342315157468,
   0.9000402819067848
  ],
  [
   0.4834842621561337,
   0.7241580694715438,
   0.5376056011739956,
   0.9083802391885403,
   0.8994670975800078
  ],
  [
   0.4792020107345343,
   0.7318602045808231,
   0.5288822851802494,
   0.9072178999961714,
   0.896726878946513
  ],
  [
   0.4799615086375479,
   0.7330345015613942,
   0.5246343425666765,
   0.9133597061880442,
   0.8963699902288474
  ],
  [
   0.4766862406768677,
   0.7433209937495387,
   0.5232537291108857,
   0.9155910628223034,
   0.8981949415848072
  ],
  [
   0.47895352524931495,
   0.747830821511739,
   0.5149373700529081,
   0.9140275434565139,
   0.8971335228572844
  ],
  [
   0.4836698692915144,
   0.7567647428470389,
   0.5142230807346716,
   0.9133097288101992,
   0.8967101290344145
  ],
  [
   0.48242906496826016,
   0.7599405042731062,
   0.5109997953298826,
   0.9132865484853205,
   0.8960963529532121
  ],
  [
   0.4808622942866529,
   0.7620045742806428,
   0.5133989817913688,
   0.9096970542517203,
   0.8974886516087349
  ],
  [
   0.4768738094538873,
   0.7622388970745527,
   0.5171798938314934,
   0.913352292339538,
   0.8969924950704126
  ],
  [
   0.479447797500726,
   0.7625813980569168,
   0.514218758133884,
   0.9151780650862765,
   0.8947272558784451
  ],
  [
   0.47396835253896885,
   0.7608195476512959,
   0.5019184162358588,
   0.9139782768784724,
   0.8970371229211827
  ],
  [
   0.47554104068785774,
   0.7635984187585209,
   0.49876354223991176,
   0.9096981423197102,
   0.8936090227534049
  ],
  [
   0.4796653406062874,
   0.7558699463807717,
   0.5017717674293639,
   0.9093839678114755,
   0.8917705936930863
  ],
  [
   0.4753628766779494,
   0.7578547975652818,
   0.5069387934255108,
   0.911033368434769,
   0.8925825166983365
  ],
  [
   0.4729896309440756,
   0.7588272847018714,
   0.5126512251310207,
   0.9141080934007197,
   0.8937689396939555
  ],
  [
   0.4725889689739977,
   0.7647125651026752,
   0.5113117536739572,
   0.9156528466084105,
   0.888797720766326
  ],
  [
   0.47253723634518235,
   0.7666434907490004,
   0.5158507603192504,
   0.9189493072236803,
   0.8878751350559387
  ],
  [
   0.47894986220049923,
   0.7685924166461996,
   0.5103589580411277,
   0.9146830050028113,
   0.894072197567445
  ],
  [
   0.4746051607702333,
   0.7615789882773111,
   0.5238999601656712,
   0.9177687487428509,
   0.8966471002226055
  ],
  [
   0.47577145009458094,
   0.7689437675059301,
   0.5283043211802162,
   0.9188297480610751,
   0.8964847206500539
  ],
  [
   0.4754731231893751,
   0.7712563554156281,
   0.5321134815707618,
   0.9182931918794622,
   0.8982414006134708
  ],
  [
   0.4728994831213482,
   0.7811637705186788,
   0.5313742872214984,
   0.9140520190616778,
   0.895227076260224
  ],
  [
   0.4665060448683935,
   0.7804356109817973,
   0.5333530844632789,
   0.9119036039140642,
   0.8961722574208806
  ],
  [
   0.4676434048004554,
   0.782776196904368,
   0.5341810003074462,
   0.9135789705404257,
   0.8910317202718758
  ],
  [
   0.46523427035804227,
   0.7860667646675239,
   0.5267791439191701,
   0.9112556330303403,
   0.8900393320259968
  ],
  [
   0.46649658925051424,
   0.7820490136332068,
   0.5201427161496458,
   0.9128975227758662,
   0.890045895391371
  ],
  [
   0.4723577683244358,
   0.7875990137221921,
   0.525590163779356,
   0.9141296576846503,
   0.8909362170944687
  ],
  [
   0.4750948574798581,
   0.7922276131547425,
   0.5367647562706735,
   0.912200523811547,
   0.8881839625026143
  ],
  [
   0.47996941436049073,
   0.7852037956310265,
   0.540332305994563,
   0.9122357984319405,
   0.889286738601942
  ],
  [
   0.4813873358290075,
   0.7949967495552069,
   0.5467666498101337,
   0.9128489081294539,
