{
 "name": "Raeuberland",
 "split": "train",
 "env": {
  "temperature": 0.5,
  "predation": 0.9,
  "foodAbundance": 0.8,
  "foodHeight": 0.15,
  "light": 0.5,
  "water": 0.6
 },
 "generations": 80,
 "traits": [
  "insulation",
  "size",
  "limbLength",
  "metabolism",
  "armor",
  "photosynthesis",
  "mobility",
  "structure",
  "wing"
 ],
 "trajectory": [
  [
   0.4991898287623622,
   0.4997065634827101,
   0.5001561244775644,
   0.5006984386424967,
   0.5003491935357325,
   0.5001629330209723,
   0.5002618699483379,
   0.5001433453474952,
   0.4998505652377894
  ],
  [
   0.4998112066059788,
   0.49917329384913706,
   0.4998488558061564,
   0.5004468980844733,
   0.5005298964413271,
   0.4963833164028204,
   0.500194719546113,
   0.5007882857884288,
   0.49791341682442947
  ],
  [
   0.49793143691443104,
   0.49666877141322696,
   0.5004772683362751,
   0.5040660055143084,
   0.5004787399729945,
   0.48237956894177203,
   0.49888228926912165,
   0.5025395123692192,
   0.4955050009618984
  ],
  [
   0.49403830106081675,
   0.4906514800023776,
   0.5000052216517776,
   0.5089376465812349,
   0.49730323249447445,
   0.4552483877036165,
   0.49651468742217064,
   0.5034304203763521,
   0.493534592128049
  ],
  [
   0.4882491599000555,
   0.48437898635763726,
   0.4981780762797569,
   0.5138162577982753,
   0.49122904094255077,
   0.4163727355252392,
   0.4953709789210809,
   0.5054325322998453,
   0.48744684139737887
  ],
  [
   0.4806838585616644,
   0.4740831832232539,
   0.49302899612754053,
   0.5293654255508157,
   0.4845040023536076,
   0.36239555569617976,
   0.4978123758929141,
   0.5072153451871593,
   0.4786185815753334
  ],
  [
   0.47287926976719047,
   0.4590073465800038,
   0.4896775620588534,
   0.5513376888928884,
   0.4739992603071412,
   0.2959990575339584,
   0.5020471619989971,
   0.5108516203455199,
   0.46971233449560273
  ],
  [
   0.46433268446453674,
   0.44920191708179585,
   0.4855752334405096,
   0.5763206690574668,
   0.46828671813108547,
   0.23175836296264976,
   0.5065503308006509,
   0.5129221543574404,
   0.4562752296140735
  ],
  [
   0.4554724537045279,
   0.43791294472196846,
   0.4810250991979446,
   0.6027992142498776,
   0.46201820680443656,
   0.17752335395908161,
   0.5177769876834875,
   0.5149486762736888,
   0.44768654573316446
  ],
  [
   0.4501314264075306,
   0.41823837746836195,
   0.4720970991623481,
   0.628078360324792,
   0.45672466548645624,
   0.13699559715081303,
   0.5331887010676897,
   0.5227482499398802,
   0.4339545176876007
  ],
  [
   0.44622271042211903,
   0.4088232524721905,
   0.46184480429172453,
   0.6579186236038148,
   0.4508749381565264,
   0.10896469598299986,
   0.5518406238350745,
   0.532825606347826,
   0.41829867267457765
  ],
  [
   0.4423347826411965,
   0.39610398612855285,
   0.4466210155953329,
   0.6874956864926034,
   0.44990212148228204,
   0.09010314358310854,
   0.571269523997675,
   0.5392517162978306,
   0.40096017369903514
  ],
  [
   0.43680486137915703,
   0.38625385258184025,
   0.4377952198022081,
   0.7106181347326818,
   0.4487292495517459,
   0.07693337117598859,
   0.5924422064686855,
   0.5497177672512189,
   0.39144336988107814
  ],
  [
   0.436157844086841,
   0.37812851588712043,
   0.43276657862983076,
   0.7332628646228495,
   0.4489753351967792,
   0.07034074483396456,
   0.6128871732330359,
   0.5701722492522301,
   0.38472658165187323
  ],
  [
   0.4321980097848888,
   0.36792540564738546,
   0.42402913474868303,
   0.7595166890839525,
   0.4499603833024,
   0.06495284477855721,
   0.6344097742706929,
   0.5875005255914235,
   0.37595986159171857
  ],
  [
   0.4306643572036575,
   0.36111835529610775,
   0.4165256240056541,
   0.7817680788941281,
   0.4468277096541509,
   0.0635054463465039,
   0.6546093897769402,
   0.6011567426698968,
   0.3644398991626879
  ],
  [
   0.4295637473296103,
   0.3511433339166026,
   0.4028614956172403,
   0.803295423049981,
   0.4455012305456349,
   0.06250408550055055,
   0.6733991741053423,
   0.6188930423400288,
   0.3521627063901079
  ],
  [
   0.4300199976997647,
   0.33851984776356886,
   0.38927735532462443,
   0.8219290822108314,
   0.4426391843397444,
   0.06168823580758829,
   0.6921158297699,
   0.6348639093534061,
   0.34407289292678706
  ],
  [
   0.43029167477019525,
   0.3284829399227138,
   0.3770537580307391,
   0.8351367774416985,
   0.4411213135688657,
   0.06111281259909618,
   0.7095277461108563,
   0.6421618259001406,
   0.33778406535314115
  ],
  [
   0.42864902833019053,
   0.3177789011750501,
   0.36718913268431197,
   0.8460659939623257,
   0.4395185081300291,
   0.061416476745349134,
   0.7243792611280712,
   0.6597398427648872,
   0.33139610811821435
  ],
  [
   0.4296096373206872,
   0.30651632293309855,
   0.35697724853894125,
   0.8564567716222397,
   0.4369291372502519,
   0.061563609185669804,
   0.7393717456374019,
   0.6713689655706716,
   0.3236084039174584
  ],
  [
   0.42699278233310817,
   0.3028701379083543,
   0.3428806824445924,
   0.8651591917524045,
   0.4361226433582555,
   0.059853952884422364,
   0.7562680854551548,
   0.6778522919545998,
   0.3162903771676338
  ],
  [
   0.4232120015038238,
   0.2995002897320949,
   0.32899065153672885,
   0.8710693702222209,
   0.4319110516646947,
   0.059282792538445844,
   0.7725843542486818,
   0.6918417062642885,
   0.31082137801833315
  ],
  [
   0.4248801208572399,
   0.29088249668421995,
   0.32033281319138623,
   0.8775438845100626,
   0.43379350299355357,
   0.06072418485930337,
   0.7851344542632913,
   0.7032604434539108,
   0.30859110253382277
  ],
  [
   0.4209746590130359,
   0.28224975900506916,
   0.31238905539381584,
   0.8812352337261866,
   0.43012734547244386,
   0.05921455169179768,
   0.7960504264658245,
   0.7189004632065306,
   0.3050653564798364
  ],
  [
   0.42169387733040237,
   0.27630517381140357,
   0.30417574757575794,
   0.8833555202525133,
   0.4253876193179836,
   0.05940973698463986,
   0.808118438964645,
   0.7292644183366241,
   0.2983582008894229
  ],
  [
   0.4237889518442674,
   0.2702787731054083,
   0.29551749043137526,
   0.8844132172768893,
   0.4231188945172617,
   0.05956498901045451,
   0.8165561511824433,
   0.7450789993521085,
   0.29266044139055936
  ],
  [
   0.42406536134625,
   0.26756868082085977,
   0.28933506902345085,
   0.8888346594904224,
   0.4218314509090657,
   0.06014255451240096,
   0.8219896745355864,
   0.7538580428225768,
   0.28540775856069345
  ],
  [
   0.42541410907377464,
   0.2635601801546743,
   0.2789753939749718,
   0.8893610373410513,
   0.4179582059027074,
   0.0602707590677704,
   0.8287256054086772,
   0.7619521364512561,
   0.27975351396907816
  ],
  [
   0.42464227581102915,
   0.25877100457022745,
   0.27601257735251405,
   0.8897905860075732,
   0.41651675299725693,
   0.059020000228895565,
   0.8364714188661643,
   0.7666625895122152,
   0.27763698400588
  ],
  [
   0.42723128909105673,
   0.2583283217113462,
   0.2683693122033273,
   0.8895641366215868,
   0.4132618169620757,
   0.05946543694269683,
   0.8422586652290106,
   0.7792008795741127,
   0.27815525663330465
  ],
  [
   0.4289147703551073,
   0.2551891400243102,
   0.2609879484226366,
   0.889455379304693,
   0.40629980279250555,
   0.059576827038424214,
   0.8442286413899437,
   0.785590686551383,
   0.27458483478394097
  ],
  [
   0.4328485164519797,
   0.25202326167227296,
   0.2533980068910469,
   0.8895242081884617,
   0.40203170279353356,
   0.06048293544116782,
   0.8492849885540159,
   0.7931677897370184,
   0.2714247051785244
  ],
  [
   0.4330341711341237,
   0.24564381587097162,
   0.2449962822323898,
   0.8924457842896389,
   0.40060164556001104,
   0.06054821057860837,
   0.8511588300220282,
   0.8023489750095639,
   0.2694400891582673
  ],
  [
   0.43297699052583843,
   0.24504103457180446,
   0.23868495337198334,
   0.8949520828189961,
   0.4011284921294138,
   0.06156329980862429,
   0.8538557043299635,
   0.8085464260621746,
   0.2697635588609463
  ],
  [
