{
 "name": "Raeuberland",
 "split": "train",
 "env": {
  "temperature": 0.5,
  "predation": 0.9,
  "foodAbundance": 0.8,
  "foodHeight": 0.15,
  "light": 0.5,
  "water": 0.6
 },
 "generations": 80,
 "traits": [
  "insulation",
  "size",
  "limbLength",
  "metabolism",
  "armor",
  "photosynthesis",
  "mobility",
  "structure"
 ],
 "trajectory": [
  [
   0.5003555857558147,
   0.4998556680717013,
   0.5006348919869128,
   0.5002495530544128,
   0.49980677103561183,
   0.4997878594967075,
   0.5001344176920638,
   0.4997591527196754
  ],
  [
   0.49994596644868566,
   0.49855969905569836,
   0.5009735431260213,
   0.5012671414424823,
   0.4983983870392492,
   0.49657934853269853,
   0.5024122231393223,
   0.49973165674865744
  ],
  [
   0.4966956987768854,
   0.4939875396488389,
   0.5004683536654442,
   0.5060341509377358,
   0.499591189975155,
   0.48400818208681406,
   0.5163608263176581,
   0.501043931736655
  ],
  [
   0.4894335351967492,
   0.4841148090146435,
   0.49848601574945767,
   0.5132723018242678,
   0.5007341801304382,
   0.4604901962851096,
   0.5424279422603301,
   0.5028442505470012
  ],
  [
   0.4810659038326616,
   0.47254778167563916,
   0.498565189284573,
   0.5217291481653815,
   0.49710215416010856,
   0.4230005976784987,
   0.5807900418697439,
   0.5011504254932639
  ],
  [
   0.4702355420328954,
   0.45860185554074334,
   0.5001068697311749,
   0.539707256878186,
   0.5004489965165052,
   0.37690924449249913,
   0.634216950284915,
   0.5033756200870073
  ],
  [
   0.4629553681313321,
   0.4447462721202655,
   0.503986913498072,
   0.560508910345181,
   0.5041563386481469,
   0.3273711312064161,
   0.6921047966492145,
   0.5051792403151305
  ],
  [
   0.45663787967888947,
   0.43386601322468926,
   0.5024687391940359,
   0.5892830108719592,
   0.5124770350490627,
   0.2730129178113001,
   0.7527731953578312,
   0.507956257367646
  ],
  [
   0.45033249736295405,
   0.42574477628981455,
   0.5031126979309976,
   0.6227208300291346,
   0.522496300697355,
   0.21708556580305152,
   0.8059266040010589,
   0.5148188983032214
  ],
  [
   0.44546865081984527,
   0.41980320782481223,
   0.5043017065377241,
   0.6578946309382993,
   0.5357124452831562,
   0.17694549865812526,
   0.8448570757822158,
   0.5286270943495094
  ],
  [
   0.4472941010404749,
   0.41720149888460517,
   0.5026130798163715,
   0.690216180085992,
   0.5489607625923101,
   0.14641791495368306,
   0.873370052673121,
   0.5385458525191616
  ],
  [
   0.4441914657474719,
   0.41718437319710877,
   0.5033770457379603,
   0.7144838911801328,
   0.566600290660768,
   0.12464874037744256,
   0.8918417570261171,
   0.5465087210727771
  ],
  [
   0.441972467129536,
   0.4167608703845216,
   0.5027362837200234,
   0.7397189807836836,
   0.5809752034041445,
   0.10779579976037242,
   0.9045658057973465,
   0.557480976653881
  ],
  [
   0.4405834221593285,
   0.41761236293326837,
   0.5037164541448471,
   0.7658384574249095,
   0.5964644940791395,
   0.09676632165488462,
   0.9130771984407403,
   0.567389392352054
  ],
  [
   0.43942796404436013,
   0.41956948111238085,
   0.5102519651496032,
   0.786344167631109,
   0.6144196692812781,
   0.09277426095357845,
   0.9194269744799429,
   0.5793172556396329
  ],
  [
   0.44063846469354034,
   0.4192247780822201,
   0.5115386680988074,
   0.8026380549210983,
   0.6310977828581905,
   0.08686759521475645,
   0.9224770619049653,
   0.5901551092552277
  ],
  [
   0.4415825097949189,
   0.42263839102720696,
   0.5094468547559451,
   0.823133749993501,
   0.6518856987541546,
   0.08556886560993904,
   0.9236128413113095,
   0.5994740843391401
  ],
  [
   0.4421533374082473,
   0.42226701079165135,
   0.5110629158403651,
   0.8355674900293001,
   0.6648940316774997,
   0.08321093395244471,
   0.9257078658829153,
   0.6112860659481459
  ],
  [
   0.4474055345024501,
   0.4231359888245423,
   0.518782383816172,
   0.8472510286972289,
   0.67179497788192,
   0.08204693183447359,
   0.9269412832842908,
   0.6221451609264399
  ],
  [
   0.44637087424478183,
   0.4124428307674018,
   0.5140825963717276,
   0.854107916508939,
   0.6814368947953181,
   0.08098361650217643,
   0.9268334269258621,
   0.6277543037053781
  ],
  [
   0.448863344189068,
   0.41065375003903076,
   0.5168420048300976,
   0.8618529663992702,
   0.6901856679347337,
   0.08150811243386616,
   0.9240751414013643,
   0.6336108307612566
  ],
  [
   0.45049079418304067,
   0.41106096071372206,
   0.5188863677577698,
   0.8698675777658846,
   0.7030365227655131,
   0.08262749900132306,
   0.9243735617265764,
   0.6435175640135806
  ],
  [
   0.45106229583471663,
   0.4079437913806618,
   0.5215799539970927,
   0.8732264432370065,
   0.7090358305947752,
   0.08043819808381895,
   0.9256678162305213,
   0.6520880654693041
  ],
  [
   0.45144609044979944,
   0.4055154736216339,
   0.5228602073509891,
   0.8786204968138757,
   0.7160304087473057,
   0.0814174184409281,
   0.9254990912382155,
   0.654987350385951
  ],
  [
   0.45291782163327166,
   0.40500769254309116,
   0.5259033743425953,
   0.8813703992040399,
   0.7201241204542973,
   0.0818534177693886,
   0.926644953638207,
   0.6617892735685188
  ],
  [
   0.45239937050360396,
   0.4009504979769367,
   0.5289030100123226,
   0.8821413312605437,
   0.7237177650261416,
   0.07940627192132353,
   0.9282629502737207,
   0.6604609221298408
  ],
  [
   0.4557932540113779,
   0.39492169221336093,
   0.5256222830972256,
   0.8847974478577664,
   0.7318463657419426,
   0.07687488782832388,
   0.9268608155698531,
   0.6628699987466863
  ],
  [
   0.4564912775554286,
   0.39030673172603697,
   0.5336654446847866,
   0.8867139532758473,
   0.7356422211688235,
   0.0775415029416877,
   0.9269549151468635,
   0.6706412550585389
  ],
  [
   0.45405939137128887,
   0.38585821539363274,
   0.5364586049010364,
   0.8864096922372146,
   0.7442192556678854,
   0.07783145603386561,
   0.9272997013823795,
   0.6763145714565701
  ],
  [
   0.45529623587364476,
   0.3843510136898378,
   0.53498582333611,
   0.8875499758636763,
   0.7475161690014378,
   0.07896093549540939,
   0.9264163236502206,
   0.6800941205717197
  ],
  [
   0.4552068668586206,
   0.37823288912014236,
   0.536993264918942,
   0.8873955853288665,
   0.750589686654472,
   0.07932747989930557,
   0.9243919681943086,
   0.6807282498033506
  ],
  [
   0.45298827568195166,
   0.37220132745232676,
   0.5316832270329647,
   0.8879762186673559,
   0.7578455559379823,
   0.07904339372515377,
   0.924134114612312,
   0.6829822615173091
  ],
  [
   0.45330629556761365,
   0.365081915861133,
   0.5400291261014744,
   0.8875728126828384,
   0.7605045362391442,
   0.07862638114821466,
   0.923889859550263,
   0.6885746294455143
  ],
  [
   0.4507190931229492,
   0.36192355980069424,
   0.5430705954038042,
   0.8884629138063892,
   0.7640754295243491,
   0.07970082601654636,
   0.9240530876881251,
   0.6941307969650364
  ],
  [
   0.45317886345280284,
   0.3532300641754635,
   0.5449763597924051,
   0.8903714096232687,
   0.7660554383669692,
   0.07952680544787981,
   0.924523709613836,
   0.6969681217580016
  ],
  [
   0.4578323898423151,
   0.3506585288835449,
   0.5504675108368795,
   0.8910974105623074,
   0.7667846214345239,
   0.07832363891606542,
   0.9248713192947219,
   0.6954378079663144
  ],
  [
   0.45674875440683516,
   0.3454117542496809,
   0.5552033377482195,
   0.8914848434713337,
   0.771563673421825,
   0.0792600661126323,
   0.925568553040811,
   0.6975111499114517
  ],
  [
   0.4568898493195961,
   0.3437099260186028,
   0.5528547666589457,
   0.8918710950848822,
   0.7718915917942165,
   0.07843081275034348,
   0.9261790576720436,
   0.7004813527994286
  ],
  [
   0.45955666685732716,
   0.33942653106354154,
   0.5545723748383206,
   0.8936864117747173,
   0.775247990640752,
   0.07951264192846062,
   0.9257201380666283,
   0.7030750753705992
  ],
  [
   0.45674843318675645,
   0.3337655944574587,
   0.555472993100874,
   0.8921166032474418,
   0.7836443829903216,
