{
 "name": "Raeuberland",
 "split": "train",
 "env": {
  "temperature": 0.5,
  "predation": 0.9,
  "foodAbundance": 0.8,
  "foodHeight": 0.15,
  "light": 0.5,
  "water": 0.6
 },
 "generations": 80,
 "traits": [
  "insulation",
  "size",
  "limbLength",
  "metabolism",
  "armor",
  "photosynthesis",
  "mobility",
  "structure",
  "wing"
 ],
 "trajectory": [
  [
   0.4991898287623622,
   0.4997065634827101,
   0.5001561244775644,
   0.5006984386424967,
   0.5003491935357325,
   0.5001629330209723,
   0.5002618699483379,
   0.5001433453474952,
   0.4998505652377894
  ],
  [
   0.4999208772128214,
   0.49904127133342474,
   0.4999573864946127,
   0.5003230929229404,
   0.5006609310873203,
   0.496657572784646,
   0.500187413111081,
   0.5005998538052824,
   0.49796447062733623
  ],
  [
   0.4977704209259208,
   0.49715335067815825,
   0.5016598035099461,
   0.5041188749901699,
   0.5015805071881272,
   0.4827589688893117,
   0.49757051061933494,
   0.502399944183385,
   0.4953910643586758
  ],
  [
   0.49288556099011754,
   0.48991639319872005,
   0.5015831652623562,
   0.5073586212383282,
   0.4991384270158748,
   0.4563258293800438,
   0.49444573579958306,
   0.5046635876413929,
   0.49276811586203584
  ],
  [
   0.48788623966106787,
   0.4820798465224066,
   0.5004579658889311,
   0.512934369489916,
   0.496150576873767,
   0.4172210848770505,
   0.4890282207558498,
   0.5044223249000467,
   0.484609894596022
  ],
  [
   0.48087852788269964,
   0.4696577952702894,
   0.49893939615572563,
   0.5266134439927329,
   0.48643639263980115,
   0.361555273624061,
   0.48294691961321345,
   0.5066529178617033,
   0.4765933396305227
  ],
  [
   0.47077832699142186,
   0.45512639531318483,
   0.4955621610611593,
   0.5490330880114217,
   0.47939839409673096,
   0.2976433209199014,
   0.48426745397023496,
   0.5122384707914616,
   0.466453819766488
  ],
  [
   0.4626829407835378,
   0.44218765217097733,
   0.495506877803013,
   0.571953794804529,
   0.47310510358144553,
   0.2364338158612359,
   0.4881034162042062,
   0.5141337335171227,
   0.4527613597911296
  ],
  [
   0.4569318259479631,
   0.42715443919800217,
   0.49542338451036244,
   0.6015587132988544,
   0.47316744661570076,
   0.17835951535014002,
   0.49602972495050435,
   0.512756055604048,
   0.44039957570632576
  ],
  [
   0.45035174855172655,
   0.4061134236161623,
   0.49319865320059336,
   0.6278286645859407,
   0.47279118898956957,
   0.1333337096985866,
   0.5057890883832762,
   0.5254402302618953,
   0.427359391149745
  ],
  [
   0.44670499229277355,
   0.38685499849233823,
   0.4923991130209795,
   0.6534100350652019,
   0.4729550247171337,
   0.10521779284477446,
   0.5191497353775982,
   0.5345489749210566,
   0.4128656213748288
  ],
  [
   0.4413673964400849,
   0.3743596864173136,
   0.48937560785203615,
   0.6846688972996487,
   0.4729673136769679,
   0.08847314633719265,
   0.5336950282427521,
   0.5455470696402956,
   0.3963258403194565
  ],
  [
   0.43374922482907396,
   0.3537299502481713,
   0.48978541011046134,
   0.7100362820773555,
   0.4711332392138801,
   0.07589098044304127,
   0.5508800305548455,
   0.5570987532340624,
   0.38470962304294504
  ],
  [
   0.4295034735182039,
   0.3393640521005894,
   0.49097894315129315,
   0.7355595934771809,
   0.4674530936974208,
   0.07002721683372476,
   0.5650592508774831,
   0.5691405692745422,
   0.3695798735030745
  ],
  [
   0.427499969914259,
   0.3266129345590653,
   0.49206223595930565,
   0.7605444855270357,
   0.46371360060658356,
   0.06490525269442277,
   0.5824161156018061,
   0.5812287368058916,
   0.3622144421947242
  ],
  [
   0.42255194737287066,
   0.31684639399765785,
   0.4922784194584322,
   0.7787750690658002,
   0.4631153959326191,
   0.062257670307173156,
   0.5963794739075359,
   0.590908644580866,
   0.35090159148368566
  ],
  [
   0.4239070349210128,
   0.3074603327757472,
   0.49014589812624637,
   0.7962025006160137,
   0.4605713834758107,
   0.06086833377517567,
   0.6145838239980672,
   0.6029421177635216,
   0.34024173858625223
  ],
  [
   0.42222418138820333,
   0.2979283505253449,
   0.48851372452548886,
   0.8121347275065228,
   0.463998238711735,
   0.05951724235302495,
   0.6297357735094674,
   0.6153395652872787,
   0.33027842218953335
  ],
  [
   0.42503002681766683,
   0.2821709033488777,
   0.48683180747762916,
   0.8271709910904858,
   0.4667079202903981,
   0.059622685731567204,
   0.6431800378845458,
   0.6267856434243085,
   0.3225493254014161
  ],
  [
   0.42221517029860584,
   0.2730730879477668,
   0.48925217795909454,
   0.8401424398848395,
   0.47249121351796264,
   0.061207266085657484,
   0.657078538175593,
   0.6417766209872041,
   0.3186038240899978
  ],
  [
   0.42053825339262674,
   0.2616363392367702,
   0.4955015342694766,
   0.8502385068040876,
   0.4786592808344856,
   0.06129501055603823,
   0.6672440524595745,
   0.6523743606146442,
   0.3160632111219018
  ],
  [
   0.4211684504916135,
   0.2533795328025243,
   0.5017706339307796,
   0.8572440611220872,
   0.47787252808366126,
   0.057880586512969935,
   0.679336434096678,
   0.6642702979150479,
   0.307880867554513
  ],
  [
   0.42067799920683707,
   0.24591376374406584,
   0.5098524314719256,
   0.865167938812169,
   0.4757839410590132,
   0.05844956026635967,
   0.6893609850464418,
   0.6706950468996414,
   0.29596258340117704
  ],
  [
   0.4192813800288879,
   0.23753528885610042,
   0.5080796453260081,
   0.872107523628839,
   0.4820660730028657,
   0.058666872357095744,
   0.6962942340044926,
   0.6825385757965993,
   0.28641261452705263
  ],
  [
   0.4173020595899899,
   0.22900364115722527,
   0.511919245111035,
   0.876086777836544,
   0.4839765625977628,
   0.057397793522711245,
   0.7073618447599824,
   0.6935712879016851,
   0.2777236838003787
  ],
  [
   0.41759104806835706,
   0.21768220328013835,
   0.5170126885041023,
   0.8781428699124891,
   0.4821740495391498,
   0.057489172123310665,
   0.7189565650891127,
   0.703269145462968,
   0.2727247226266149
  ],
  [
   0.41753666062709405,
   0.2131577645875894,
   0.5196165280662493,
   0.8841625419817954,
   0.48092409028680033,
   0.057642692794681046,
   0.7299905573458623,
   0.7109193529143507,
   0.26549749562336145
  ],
  [
   0.41880276312843717,
   0.20705931083286358,
   0.5238697671252982,
   0.8873089471738184,
   0.48213084880509816,
   0.058785280802368146,
   0.7375044171028077,
   0.7176430708239789,
   0.2581255451364453
  ],
  [
   0.41703442740927416,
   0.2025736438993384,
   0.5243257826685424,
   0.8890474127554898,
   0.4816280055509474,
   0.05866744538153255,
   0.7463743297900537,
   0.7226581349621779,
   0.25372326111201293
  ],
  [
   0.41264393789799086,
   0.19523870852942007,
   0.5293675651734655,
   0.8883883092799999,
   0.482947961099071,
   0.05794159518959163,
   0.7557608313688613,
   0.7313480931187829,
   0.2476855622735593
  ],
  [
   0.41306561356872296,
   0.19429455802383447,
   0.5289570261433876,
   0.8888026527076566,
   0.48039466781695855,
   0.058603235038977707,
   0.759776766018553,
   0.740760673762117,
   0.2416421162751877
  ],
  [
   0.41247745203241726,
   0.19020264169053022,
   0.5358387042580363,
   0.8905930230086709,
   0.477461835232289,
   0.05742918739178962,
   0.7648356539366685,
   0.7487475393081199,
   0.2409011906641878
  ],
  [
   0.413603304147238,
   0.18592924094651664,
   0.5328749433821977,
   0.8915081526114074,
   0.4769111354290751,
   0.05840397713900439,
   0.7676366128098198,
   0.7589943486078968,
   0.23273124557532865
  ],
  [
   0.415021458876577,
   0.18138787761105724,
   0.5348863513831458,
   0.8937178583065423,
   0.47286302488456894,
   0.05851329735581599,
   0.7702440282656838,
   0.763522565795664,
   0.2303842962947613
  ],
  [
   0.4175619113013877,
   0.17582057782412683,
   0.5415871264406168,
   0.8945974372200253,
   0.47056000066114384,
   0.05822261715502883,
   0.7703680081386799,
   0.7711877031241129,
   0.22679637016682982
  ],
  [
   0.4143654434900171,
