{
 "name": "Raeuberland",
 "split": "train",
 "env": {
  "temperature": 0.5,
  "predation": 0.9,
  "foodAbundance": 0.8,
  "foodHeight": 0.15,
  "light": 0.5,
  "water": 0.6
 },
 "generations": 80,
 "traits": [
  "insulation",
  "size",
  "limbLength",
  "metabolism",
  "armor",
  "photosynthesis",
  "mobility",
  "structure"
 ],
 "trajectory": [
  [
   0.5003555857558147,
   0.4998556680717013,
   0.5006348919869128,
   0.5002495530544128,
   0.49980677103561183,
   0.4997878594967075,
   0.5001344176920638,
   0.4997591527196754
  ],
  [
   0.5004451743199274,
   0.4992967929642556,
   0.501058037041794,
   0.5005353454348848,
   0.49935221837359983,
   0.49623071057951,
   0.49927452413661677,
   0.4996899351470168
  ],
  [
   0.4982322755834956,
   0.49779844288015135,
   0.5002991629172243,
   0.5047208796853039,
   0.5027673308377273,
   0.4804906497931736,
   0.49869452535864767,
   0.5026875962519943
  ],
  [
   0.4937427614895082,
   0.4944612368318316,
   0.5001938950773918,
   0.5098243192634071,
   0.5086980758098792,
   0.4544697788619713,
   0.49436301855208636,
   0.5048550897627696
  ],
  [
   0.49095929165694674,
   0.4898058318920662,
   0.5018982898588817,
   0.5169374397744483,
   0.512511461750811,
   0.41592067057791354,
   0.49366433822830164,
   0.5048775280578782
  ],
  [
   0.48242564352063616,
   0.4820763582128722,
   0.5018957919506494,
   0.5253515709403095,
   0.5169981786073686,
   0.3689141486825496,
   0.49054788514254494,
   0.5049375805055856
  ],
  [
   0.47418264179477304,
   0.47343282427157174,
   0.5019824052376597,
   0.5369671296384494,
   0.5241547730608322,
   0.3103376682345563,
   0.49147038533861204,
   0.5094308278131121
  ],
  [
   0.46652282847830473,
   0.4685222566632272,
   0.5029667489576081,
   0.5551852409995784,
   0.5323630788230499,
   0.253044245644866,
   0.4967754160162095,
   0.5130473388886166
  ],
  [
   0.4556315417008237,
   0.4623387469201201,
   0.49806873019889136,
   0.5751221667700473,
   0.5386292441123851,
   0.19743552797736094,
   0.5077800719028746,
   0.5137750094568984
  ],
  [
   0.44984154457051573,
   0.45613651342032996,
   0.4975757954942499,
   0.5987870288114512,
   0.5498947613092816,
   0.15221967972599643,
   0.5209458963282386,
   0.5207352627978251
  ],
  [
   0.44415265451779323,
   0.45101993908449756,
   0.4951073035946643,
   0.6283933017437203,
   0.5595211468895104,
   0.11859828482685232,
   0.5301313628114853,
   0.5296299788336208
  ],
  [
   0.44193529522916525,
   0.4437099920612944,
   0.49858219152938027,
   0.6519652553099666,
   0.5727605407313782,
   0.09629496076221165,
   0.5446919504551361,
   0.5392517849525468
  ],
  [
   0.4362706673339001,
   0.43913735067366927,
   0.5015159977003882,
   0.6770849088741433,
   0.58820565592579,
   0.08327121829055,
   0.5589353157771108,
   0.5476381506498249
  ],
  [
   0.43566920356656214,
   0.43555906870450706,
   0.5019529863218761,
   0.7039138226740591,
   0.604783171621584,
   0.07410882469121859,
   0.5743576309900325,
   0.5628456470027307
  ],
  [
   0.4330281950567441,
   0.4272725209562469,
   0.49974180811333707,
   0.7253138520154451,
   0.6240605226840944,
   0.07258776236623865,
   0.587482942346395,
   0.5756399104427629
  ],
  [
   0.43095398236203236,
   0.4231837440606388,
   0.5033664871748097,
   0.7467524220571454,
   0.6433055259656396,
   0.0677661057020439,
   0.6038517932650013,
   0.582820270707344
  ],
  [
   0.42870342122534616,
   0.4161177103809129,
   0.5055128902706075,
   0.7715703898149305,
   0.6631877078676548,
   0.06497606191993971,
   0.6188370431971298,
   0.5963901943835558
  ],
  [
   0.4254187040539828,
   0.4053798481733743,
   0.5047321741776388,
   0.789635270809209,
   0.6747005357720087,
   0.06440342621924651,
   0.6310654948044802,
   0.6037823479888987
  ],
  [
   0.4234383298023015,
   0.4002818925473432,
   0.5094739433876078,
   0.8031009904014557,
   0.689812567254006,
   0.0626861312391401,
   0.6424273632490117,
   0.6123211038585848
  ],
  [
   0.42394923000616713,
   0.39304993483495204,
   0.5135030948021663,
   0.8171462751677105,
   0.6983882396424602,
   0.06258566749874549,
   0.6548512137274468,
   0.6193483672007701
  ],
  [
   0.42243493207782196,
   0.3847695130163265,
   0.5182814706390352,
   0.8261884731981305,
   0.7088284417068484,
   0.061229543547633165,
   0.6607430866571025,
   0.6258889117303621
  ],
  [
   0.42267194753857984,
   0.3765609172396056,
   0.5201165479186144,
   0.8348421081559975,
   0.7219971757216378,
   0.06245486803404793,
   0.6694505323068388,
   0.6301826036260031
  ],
  [
   0.42415060466727433,
   0.3660307773536113,
   0.5229801589652721,
   0.837868072061385,
   0.7312288270044606,
   0.06084380937507886,
   0.6760388506188352,
   0.6372515913131379
  ],
  [
   0.42627155613330975,
   0.35502048368193445,
   0.5282676702562122,
   0.8459663578883663,
   0.7411495031926686,
   0.05939068624307487,
   0.6846876899285251,
   0.6423886081546176
  ],
  [
   0.4256790459146786,
   0.34174102921196975,
   0.5293616985785012,
   0.853742217300614,
   0.7512127609663958,
   0.05994283893440696,
   0.6886442169347903,
   0.6479616251435408
  ],
  [
   0.42564319057948596,
   0.32941364815618723,
   0.5307391688697121,
   0.8616308185207889,
   0.7597643620967177,
   0.05923309950371139,
   0.6960465108022523,
   0.652468528684289
  ],
  [
   0.42370817192241855,
   0.3177773909336428,
   0.537950872356899,
   0.8676019108381454,
   0.7694399097188901,
   0.05947739365419549,
   0.7017783519995447,
   0.6532763587422149
  ],
  [
   0.42030778555721177,
   0.30955249090897835,
   0.5359985424373451,
   0.873302308725361,
   0.7773499064485336,
   0.058708866173503245,
   0.7029417406504764,
   0.6550970024995386
  ],
  [
   0.42005993118033574,
   0.3025885344612399,
   0.53744164584104,
   0.8754452372404771,
   0.785751604307091,
   0.058746471213346446,
   0.711722906442393,
   0.6579686724537667
  ],
  [
   0.416393858577645,
   0.2946670187579967,
   0.5463281463859412,
   0.87973958167452,
   0.793866332531754,
   0.05987907999995703,
   0.7134110277224156,
   0.6578628358806262
  ],
  [
   0.4148535582623265,
   0.2890521169944739,
   0.5541307040752189,
   0.8803074513492201,
   0.7986265557268953,
   0.06021865888497788,
   0.7166305796537555,
   0.6641262481351878
  ],
  [
   0.4157229988361457,
   0.27951363408816604,
   0.5602132717296613,
   0.8813143172319582,
   0.8070429425255196,
   0.05948072765158185,
   0.7150339015872125,
   0.6637210218315711
  ],
  [
   0.4183164587103789,
   0.27049319023252655,
   0.562701749561296,
   0.882620536533373,
   0.8122269357076296,
   0.05892070213808467,
   0.7174462464933526,
   0.6688369060060392
  ],
  [
   0.4181080388621818,
   0.2589840066537068,
   0.5632740998251252,
   0.885259364204772,
   0.8142864589893128,
   0.05922851247205498,
   0.7180758328786333,
   0.6768175848193251
  ],
  [
   0.4210301305835394,
   0.2510725587761282,
   0.566272051683473,
   0.886705027673283,
   0.8150314089418718,
   0.05964032102225081,
   0.720243910836606,
   0.6830247623231537
  ],
  [
   0.42374299625617096,
   0.24313641380686254,
   0.5652419176350783,
   0.8870416762274913,
   0.8177948286349666,
   0.0592964982268877,
   0.7265840377765079,
   0.6874210078235327
  ],
  [
   0.4242366504024179,
   0.23516916948693056,
   0.5703289155580301,
   0.8868766637710467,
   0.8214588321261119,
   0.059513171031053184,
   0.7296217484335087,
   0.6909695895829625
  ],
  [
   0.42556283962194813,
   0.22982135271832152,
   0.5689881705796568,
   0.8858941804281103,
   0.8235621801798891,
   0.059233893270206804,
   0.7328677581957512,
   0.6886819501989238
  ],
  [
   0.42486045586261856,
   0.2273203716847635,
   0.5732223429097287,
   0.8862943773330718,
   0.8285252009549323,
   0.06044348123506258,
   0.7350437459150028,
   0.6928466931068668
  ],
  [
   0.4230646397105471,
   0.22312663983437328,
   0.5787465074744788,
   0.8880320730237949,
