{
 "name": "Raeuberland",
 "split": "train",
 "env": {
  "temperature": 0.5,
  "predation": 0.9,
  "foodAbundance": 0.8,
  "foodHeight": 0.15
 },
 "generations": 80,
 "traits": [
  "insulation",
  "size",
  "limbLength",
  "metabolism",
  "armor"
 ],
 "trajectory": [
  [
   0.4997268109640533,
   0.500312412102027,
   0.5000506646514865,
   0.5003685836446564,
   0.5008935668577482
  ],
  [
   0.49943107228051625,
   0.5012039329607451,
   0.49997883403082005,
   0.5005923133852478,
   0.5015794183603216
  ],
  [
   0.4968345852397242,
   0.5019128080387818,
   0.5009253900801168,
   0.5058009746281198,
   0.5068362918370218
  ],
  [
   0.49613997224417933,
   0.5059525206898383,
   0.5007117516166492,
   0.5158935278903852,
   0.5193352686331622
  ],
  [
   0.49223287767039586,
   0.5090468905866431,
   0.49862586895186056,
   0.5299506760766592,
   0.5334101930176968
  ],
  [
   0.48893008285617845,
   0.5133836488348463,
   0.4996957571637615,
   0.5500827034138907,
   0.552968643515623
  ],
  [
   0.4861628490458944,
   0.5203363267563954,
   0.5020852086488412,
   0.5726815119277081,
   0.5746550594007843
  ],
  [
   0.4839267403819354,
   0.5261687352112605,
   0.5035653007620396,
   0.5990594018212511,
   0.5967639357377689
  ],
  [
   0.48292937971952526,
   0.5357168847990196,
   0.502331687264112,
   0.6255279837625118,
   0.6280984627318285
  ],
  [
   0.48209922402912614,
   0.5494627341130038,
   0.5032234087056383,
   0.6540537220006665,
   0.6566717386096169
  ],
  [
   0.48038639050742565,
   0.5558929150462246,
   0.5028729536314006,
   0.6810130521311463,
   0.6878045909257539
  ],
  [
   0.47764332631924816,
   0.5671409602810845,
   0.5049268351563724,
   0.7101462679497441,
   0.71878826667269
  ],
  [
   0.47889059491444413,
   0.5774708429150134,
   0.5065660955978639,
   0.739553549504573,
   0.7489801830064297
  ],
  [
   0.47870628334564463,
   0.5892099308468494,
   0.5077719412654498,
   0.7670602550953506,
   0.7768544359146775
  ],
  [
   0.47926237706680097,
   0.5983599666900228,
   0.5059119775254246,
   0.7944820876421863,
   0.7959894727287223
  ],
  [
   0.47790560208993477,
   0.6074224815678787,
   0.5026941204449586,
   0.8146122139109614,
   0.8150673468877748
  ],
  [
   0.47493719046526045,
   0.6161016336834003,
   0.5011705021260896,
   0.8308085700362091,
   0.8314392554433581
  ],
  [
   0.4754251246921619,
   0.6254341908198969,
   0.5002262523435218,
   0.8455982353798559,
   0.8468579282606327
  ],
  [
   0.4761105773411465,
   0.6359365917996743,
   0.5048637419116444,
   0.8568875873621153,
   0.8543378566846053
  ],
  [
   0.476433070263188,
   0.6398328232403819,
   0.5065880808941275,
   0.86955422750328,
   0.8614605513247681
  ],
  [
   0.4754765687899091,
   0.6436743795530422,
   0.5017782687279726,
   0.8779894281434647,
   0.8678967082724501
  ],
  [
   0.47533084577836465,
   0.6482145732165627,
   0.5002150778206723,
   0.885536018789967,
   0.87577076070747
  ],
  [
   0.4780578182428543,
   0.6583868978232543,
   0.49938431174913345,
   0.8899788911485218,
   0.8812189854895559
  ],
  [
   0.4785429886906976,
   0.6676896459898939,
   0.5018780873415383,
   0.8964950856769524,
   0.8835950387663801
  ],
  [
   0.478748768702764,
   0.6785118392062345,
   0.5018511457679026,
   0.9006835454964329,
   0.8868114257466012
  ],
  [
   0.4775742038006525,
   0.6863960584374729,
   0.5064861087591624,
   0.9050896777598084,
   0.890217080495321
  ],
  [
   0.47758877647564785,
   0.6910156033227506,
   0.5059210161777444,
   0.9044065363995704,
   0.8902900555850629
  ],
  [
   0.4793616063790597,
   0.6984360065379683,
   0.5088172578756859,
   0.9068049241001459,
   0.8919556969563159
  ],
  [
   0.4770194053417909,
   0.7060157771244447,
   0.5091310443722749,
   0.9084290812414357,
   0.8911785077428753
  ],
  [
   0.474885374879726,
   0.7069673500839384,
   0.5072513367030408,
   0.9092487700949571,
   0.8932814251581789
  ],
  [
   0.4719511890722096,
   0.714150319740179,
   0.5085681759945313,
   0.9096480385589998,
   0.892284077530213
  ],
  [
   0.47339108365071647,
   0.7182564589681034,
   0.5124263111208903,
   0.91149303440542,
   0.8936316492515228
  ],
  [
   0.47667196641534,
   0.725314575126036,
   0.5162086021756119,
   0.910122311001743,
   0.8956050959421944
  ],
  [
   0.47761916752203165,
   0.7314847825403142,
   0.5147068023691315,
   0.910072070495695,
   0.8934454709410788
  ],
  [
   0.4772401289773387,
   0.7374305136346805,
   0.5167963023626214,
   0.9105007158418362,
   0.8925455673490768
  ],
  [
   0.47743978382475083,
   0.7394061273331721,
   0.5116068811977038,
   0.9110312072889659,
   0.8934203122537888
  ],
  [
   0.47725581950225887,
   0.7464566338300727,
   0.5126197912482046,
   0.9114641425868916,
   0.8956707623417818
  ],
  [
   0.47882761600847773,
   0.7489671575228328,
   0.5114062225908695,
   0.9123052754574187,
   0.8950818273236938
  ],
  [
   0.4798208272315046,
   0.7535275832241889,
   0.5105906708457345,
   0.9118108130489652,
   0.8950265235089517
  ],
  [
   0.4795683275436832,
   0.756115519098429,
   0.5073127942977659,
   0.9099561942782494,
   0.8936551064028659
  ],
  [
   0.47990704904285647,
   0.7609242758640806,
   0.510944718953565,
   0.9099794220016216,
   0.8930474297566579
  ],
  [
   0.47970461938664793,
   0.7634645740196375,
   0.5076573647833894,
   0.9110851841047722,
   0.8925137492105631
  ],
  [
   0.48000405777408633,
   0.7678691586970762,
   0.5039744297605001,
   0.9130632681734716,
   0.8921828420913008
  ],
  [
   0.4773765328023292,
   0.7686490926008721,
   0.5005397301867048,
   0.9113430654882134,
   0.8927437180206398
  ],
  [
   0.4766992424977012,
   0.7710768237802373,
   0.4994879002198891,
   0.9095913996763462,
   0.8909803155386252
  ],
  [
   0.47754412419982867,
   0.7699332758351979,
   0.5024490466106296,
   0.9101497616591541,
   0.8909816917896491
  ],
  [
   0.47681675585141364,
   0.7732001802379219,
   0.5069905773834402,
   0.9111876484877612,
   0.8923858597525959
  ],
  [
   0.4779850416942895,
   0.7749379721516321,
   0.5137740865595616,
   0.9123251280928343,
   0.8899617502108953
  ],
  [
   0.4778300413380363,
   0.7783954160763799,
   0.5129395445158462,
   0.9133541699131128,
   0.8861353635103048
  ],
  [
   0.4774791701279822,
   0.7791225514250342,
   0.5137073993525144,
   0.9131475493235818,
   0.8855929085395967
  ],
  [
   0.479261687168153,
   0.7802207562623277,
   0.5099620146222562,
   0.9112187395845438,
   0.8871560839038608
  ],
  [
   0.476406572710194,
   0.7811620058144388,
   0.5126350943734769,
   0.9138078794157777,
   0.888235437432205
  ],
  [
   0.4746623861903247,
   0.7815425850020311,
   0.5175972127572587,
   0.9135983288357704,
   0.8898296763615751
  ],
  [
   0.47428552184275374,
   0.7852826369667789,
   0.5177164835624966,
   0.9140279485404701,
   0.8882317205820288
  ],
  [
   0.4723377701815376,
   0.7881691831047751,
   0.5162534463323091,
   0.9137218101922943,
   0.8885303563787
  ],
  [
   0.47037489245853026,
   0.7900661404526078,
   0.5191546162222458,
   0.9121879141620294,
   0.8893670507536652
  ],
  [
   0.47044911002083994,
   0.7923929473649896,
   0.5233007939625823,
   0.9116307735779237,
   0.8897576965768471
  ],
  [
   0.47177425675215395,
   0.7962235371463562,
   0.5237662980577954,
   0.9117085116456557,
   0.8891533428511861
  ],
  [
   0.47277808002116983,
   0.7957231477106542,
   0.5214339795312414,
   0.9116793149037373,
   0.890355924187289
  ],
  [
   0.4742593863623177,
   0.7952123030373688,
   0.5193809569429935,
   0.9125186216784565,
   0.8905668672203123
  ],
  [
   0.47337604741337214,
   0.7963516739292907,
   0.5243558771460195,
   0.911549733788811,
   0.8914707561034302
  ],
  [
   0.4742707595884758,
   0.7942864298534533,
   0.5264774895218569,
   0.911315430237273,
   0.8903835633913041
  ],
  [
   0.47664275317403776,
   0.7998470453234842,
   0.5279448127103723,
   0.912167326541773,
