{
 "name": "Raeuberland",
 "split": "train",
 "env": {
  "temperature": 0.5,
  "predation": 0.9,
  "foodAbundance": 0.8,
  "foodHeight": 0.15,
  "light": 0.5,
  "water": 0.6
 },
 "generations": 80,
 "traits": [
  "insulation",
  "size",
  "limbLength",
  "metabolism",
  "armor",
  "photosynthesis",
  "mobility",
  "structure"
 ],
 "trajectory": [
  [
   0.5003555857558147,
   0.4998556680717013,
   0.5006348919869128,
   0.5002495530544128,
   0.49980677103561183,
   0.4997878594967075,
   0.5001344176920638,
   0.4997591527196754
  ],
  [
   0.49965839795413286,
   0.49749014189179147,
   0.5011018227573832,
   0.5011214823976959,
   0.4984566069293946,
   0.49626557856286607,
   0.5024857981193652,
   0.4997856583456024
  ],
  [
   0.4962732474493994,
   0.49119894717038565,
   0.5005150356324162,
   0.504266802141513,
   0.4986307347100269,
   0.4821959221220436,
   0.517950410341772,
   0.501301105165617
  ],
  [
   0.4890580966396658,
   0.4802280041814743,
   0.49866732212834725,
   0.5146812757154966,
   0.4963698223158745,
   0.4554285821690591,
   0.5462953732712506,
   0.5015835863636972
  ],
  [
   0.4841941837468195,
   0.4640436347866528,
   0.49669790728954144,
   0.5267393645410954,
   0.49381237899309166,
   0.4130848362287867,
   0.587297096480929,
   0.49764595935264966
  ],
  [
   0.47693717469906477,
   0.44445030484837583,
   0.49566884150641816,
   0.5513463274708165,
   0.49231698740081664,
   0.35931248943984273,
   0.6476903059524731,
   0.49123954491752514
  ],
  [
   0.4717959041158266,
   0.4288451051204282,
   0.4953678429403406,
   0.5822136057275051,
   0.4950719645374088,
   0.299620152195314,
   0.7130827004034844,
   0.49018196166796324
  ],
  [
   0.4659103815433117,
   0.4127769746207279,
   0.5009860808487258,
   0.6203521763337725,
   0.49596123448330237,
   0.24283826401881217,
   0.7792759013247609,
   0.4883544005482027
  ],
  [
   0.46548742575457086,
   0.40328326888487037,
   0.4997387499600743,
   0.6611518134487925,
   0.5005329160631478,
   0.1886450705807082,
   0.8323465249643102,
   0.49045979055808103
  ],
  [
   0.4647453561185228,
   0.3965425497151731,
   0.49879792912891374,
   0.6968522610833089,
   0.5155465570953489,
   0.14826484745313814,
   0.8704735505041675,
   0.4915896749740482
  ],
  [
   0.4682098326245459,
   0.3892288222278631,
   0.49669134686013844,
   0.7298700555579979,
   0.5298136493042918,
   0.119857525494735,
   0.8945174407692281,
   0.49842310239594223
  ],
  [
   0.46893219043436146,
   0.3851940675684396,
   0.4973212991041307,
   0.7614444782192611,
   0.5469959179402958,
   0.1008734737839909,
   0.9119577358664933,
   0.5089441876729598
  ],
  [
   0.4702418989230243,
   0.3813600650800195,
   0.49799191000581594,
   0.7914672535974793,
   0.5570691396657199,
   0.08894799568820898,
   0.9215821348621184,
   0.5205095690879002
  ],
  [
   0.4727279477169173,
   0.37665145871410455,
   0.5001638247323988,
   0.8161667287245081,
   0.5739034589207913,
   0.08434162229817697,
   0.9265765199579231,
   0.5334084225742242
  ],
  [
   0.47700374785005234,
   0.3766822373017587,
   0.5021884209074261,
   0.8339615284381637,
   0.5893175820401633,
   0.07919886967955472,
   0.9299033183849269,
   0.5450868244513278
  ],
  [
   0.47712919725999625,
   0.3770335605438108,
   0.500379333552943,
   0.8461682708642324,
   0.6032599998922359,
   0.07582547792427637,
   0.9338075037251882,
   0.5548686127671966
  ],
  [
   0.47899179695233224,
   0.3732619720429236,
   0.5050417576481588,
   0.859800196940944,
   0.6155587374074286,
   0.07232075002645436,
   0.9337315661101413,
   0.5600899735375752
  ],
  [
   0.48104561500306725,
   0.3682181720750916,
   0.5003900490023757,
   0.8715810517536426,
   0.6257313473156123,
   0.07175879481595007,
   0.9340760106516252,
   0.57083723573802
  ],
  [
   0.4833271752936233,
   0.3697575163886957,
   0.5027625870000966,
   0.8821519968888606,
   0.6398918572349066,
   0.07065551209848336,
   0.934892455287915,
   0.5823458892017476
  ],
  [
   0.48622185194868045,
   0.36632390469572695,
   0.5033884763184332,
   0.8872980954882035,
   0.6556340833298134,
   0.07026902469910744,
   0.9341389979655718,
   0.5878167774787167
  ],
  [
   0.48530448816214666,
   0.35957195080037235,
   0.5019360828075649,
   0.8912918365723511,
   0.6677049446764712,
   0.07086269984666008,
   0.9334547040014728,
   0.5995762550910546
  ],
  [
   0.4855730130419831,
   0.3548221745585112,
   0.5029765834625035,
   0.8949598440122452,
   0.680971707209158,
   0.07226714189495514,
   0.9348228049383008,
   0.6073872044785978
  ],
  [
   0.4848762786017334,
   0.35019816219241245,
   0.5051609147069507,
   0.8958116389415903,
   0.690169827663733,
   0.07038245677671663,
   0.9351832968929669,
   0.617790449874106
  ],
  [
   0.4849829636360232,
   0.3470606758369909,
   0.5089862140556524,
   0.8990338725690058,
   0.7028493240008817,
   0.07030034361391412,
   0.9344963562197527,
   0.6189599060333674
  ],
  [
   0.4845553532567261,
   0.3434349117062416,
   0.5053679392109992,
   0.8999179273656884,
   0.7054367303081075,
   0.07114294328947293,
   0.9353745739359809,
   0.6203819514100761
  ],
  [
   0.4852738926858892,
   0.33724894582792947,
   0.5105479374557915,
   0.899225618235759,
   0.7145592513176191,
   0.07075785684218391,
   0.9348572174011136,
   0.6270562164826989
  ],
  [
   0.4871655403372583,
   0.3277377244213023,
   0.5126407701482322,
   0.9007841771251788,
   0.7204329974451258,
   0.06945554911547233,
   0.9336642837077923,
   0.6311737125913279
  ],
  [
   0.48524586448010504,
   0.31978572583297427,
   0.5102980200757653,
   0.9035989583136473,
   0.7283769816778168,
   0.0689588293370858,
   0.9345840180303067,
   0.6316660153407785
  ],
  [
   0.48873372672810844,
   0.3170698302991953,
   0.5190033798902137,
   0.904578091529915,
   0.7353214047590549,
   0.07023804015141842,
   0.9344565755248327,
   0.637001171720206
  ],
  [
   0.4874473235620966,
   0.30979296128254336,
   0.5212621813938564,
   0.905568915636772,
   0.7409734817189196,
   0.07140357348196029,
   0.9342497658228696,
   0.6389292138102027
  ],
  [
   0.4859090500152767,
   0.303908535961956,
   0.52414108184717,
   0.9043858699900705,
   0.7497373419649042,
   0.07088563134560995,
   0.9330119333451224,
   0.6431960217423672
  ],
  [
   0.4845218895344748,
   0.2954542459678012,
   0.5330916876797848,
   0.9035985690590032,
   0.7572832861477584,
   0.07325726505602957,
   0.9321048989693835,
   0.6472062605458783
  ],
  [
   0.48416599500486646,
   0.288030189602025,
   0.5400658548987388,
   0.9035342307424311,
   0.761322901431228,
   0.07238052298790855,
   0.933392567384402,
   0.64986040727668
  ],
  [
   0.4840247603321299,
   0.28255739401245844,
   0.538232876468625,
   0.9047135914952804,
   0.7663657011376479,
   0.07137976505560661,
   0.9339204765281682,
   0.6520823069210938
  ],
  [
   0.4861920674723341,
   0.27663972810117043,
   0.5419335464855267,
   0.9040461981964468,
   0.7712177556789239,
   0.07025950969904975,
   0.9338624991593507,
   0.6544043938979826
  ],
  [
   0.4867959868390636,
   0.270025785467775,
   0.5470678624319248,
   0.9040715197932719,
   0.775037229599373,
   0.0684894104300362,
   0.9336224812102234,
   0.6586892219047905
  ],
  [
   0.48871929737481207,
   0.27084370362327354,
   0.5535621062664052,
   0.9051683795032656,
   0.778622747579381,
   0.07022844221601228,
   0.9339307711399695,
   0.665160175311447
  ],
  [
   0.4925093077258014,
   0.2636057581816225,
   0.5575731266531033,
   0.9059737953183274,
   0.7801226936320959,
   0.07103066788254708,
   0.9343263061953465,
   0.6684845070088258
  ],
  [
   0.4910092352846586,
   0.25946090202461697,
   0.556255868490493,
   0.9069683738463122,
   0.7823238525349728,
   0.07144855006596015,
   0.9354313836915523,
   0.6695385305193217
  ],
  [
   0.4885667899989982,
   0.25465244423948946,
   0.556871426809516,
   0.906654631805719,
   0.7875636982578248,
