{
 "name": "Raeuberland",
 "split": "train",
 "env": {
  "temperature": 0.5,
  "predation": 0.9,
  "foodAbundance": 0.8,
  "foodHeight": 0.15,
  "light": 0.5,
  "water": 0.6
 },
 "generations": 80,
 "traits": [
  "insulation",
  "size",
  "limbLength",
  "metabolism",
  "armor",
  "photosynthesis",
  "mobility",
  "structure"
 ],
 "trajectory": [
  [
   0.5003555857558147,
   0.4998556680717013,
   0.5006348919869128,
   0.5002495530544128,
   0.49980677103561183,
   0.4997878594967075,
   0.5001344176920638,
   0.4997591527196754
  ],
  [
   0.5003866956799393,
   0.4993861103716799,
   0.5009351636564424,
   0.5007384396690502,
   0.4987163398104606,
   0.49630113165869316,
   0.49945502233017725,
   0.49950546661475576
  ],
  [
   0.49854933308951427,
   0.49689155650288924,
   0.5006748225218012,
   0.5046683165200602,
   0.4982433148183915,
   0.4810803504512357,
   0.49881649083143415,
   0.5034638196760778
  ],
  [
   0.49397913712365216,
   0.4937471801759486,
   0.5011732519226242,
   0.5100531378270828,
   0.4979868725789756,
   0.4563110545803937,
   0.4936807132418435,
   0.5063047608974057
  ],
  [
   0.48768137743017376,
   0.4858016453326222,
   0.5026591645914763,
   0.5161871075420869,
   0.4930861558431403,
   0.4170977588214763,
   0.4916870395222341,
   0.5083735644446553
  ],
  [
   0.47867491133139123,
   0.48002283046743527,
   0.5035077668194442,
   0.5267535074936227,
   0.4880931972505645,
   0.3656481416961355,
   0.4888211971837228,
   0.5117751935963838
  ],
  [
   0.4702453228730539,
   0.4709015780755353,
   0.4989032801809647,
   0.5411355756676831,
   0.48546387859120305,
   0.3104050868711659,
   0.4879971336202357,
   0.5130760513591367
  ],
  [
   0.46254196522000873,
   0.4612221719016389,
   0.5014529833033942,
   0.5603889800377723,
   0.4823544169200513,
   0.25380937558294847,
   0.49322095650760045,
   0.5202246369011235
  ],
  [
   0.45580858050548323,
   0.4558004114910157,
   0.5028041778129062,
   0.5859005547528001,
   0.47417831601268845,
   0.19816010038746443,
   0.5012595397298816,
   0.5282221690846717
  ],
  [
   0.4527495186772881,
   0.45084098917618753,
   0.5022500798059851,
   0.606162827518799,
   0.47322467646668165,
   0.1537055542663278,
   0.5085741758029619,
   0.5356261074656504
  ],
  [
   0.4483583154833537,
   0.4460447570655892,
   0.5042375033603809,
   0.6324412487105564,
   0.474592898064817,
   0.12245114983633994,
   0.5228162844268989,
   0.5421736879337025
  ],
  [
   0.44352354843377695,
   0.4387377972075906,
   0.5006787051606214,
   0.6576160300296532,
   0.4754914392923566,
   0.09905725208917236,
   0.5406097880784612,
   0.5540437601092442
  ],
  [
   0.4387305899473035,
   0.43363186911579504,
   0.5065996060675018,
   0.6828445671543933,
   0.47666365784985953,
   0.08482660594604963,
   0.5565035941089204,
   0.566636542043557
  ],
  [
   0.43573565564868516,
   0.4299560379424833,
   0.5068655384183406,
   0.7088905521358476,
   0.47840689640009376,
   0.07513393034922418,
   0.5712755416258138,
   0.5784137083192923
  ],
  [
   0.43319504337204745,
   0.42577602668400694,
   0.5064523514759761,
   0.7326351400640254,
   0.4839091416164798,
   0.07098823996427436,
   0.5843987278179875,
   0.5884865939267906
  ],
  [
   0.43283429400318,
   0.4204039043601388,
   0.5085293627233628,
   0.7530417932691159,
   0.4856998869482149,
   0.06668248099116363,
   0.5951605591825541,
   0.6004874304372846
  ],
  [
   0.42763037611929294,
   0.4132388143891412,
   0.5116086138678158,
   0.7742627300625684,
   0.48592886164824584,
   0.0633500121094153,
   0.6127365332593698,
   0.6200681447197531
  ],
  [
   0.4287402553616311,
   0.40839820046607894,
   0.5139764893480344,
   0.7926045607276703,
   0.4861600485242958,
   0.06313983362342224,
   0.628651318801809,
   0.6288826875515751
  ],
  [
   0.42541992532196554,
   0.4004190273611426,
   0.5130071105364665,
   0.8097869437870161,
   0.4881580393902607,
   0.061713862767802045,
   0.6406460257858196,
   0.6401112315733818
  ],
  [
   0.42564100167669644,
   0.3966781727211357,
   0.5155860410383494,
   0.8224739415225061,
   0.48689105639624636,
   0.06187863793877779,
   0.653765550226124,
   0.6513653982229543
  ],
  [
   0.42571126955817573,
   0.392439861867256,
   0.5162142692784001,
   0.8315411579267608,
   0.4853994201390444,
   0.061343118603641285,
   0.661214446405361,
   0.663906363617952
  ],
  [
   0.4246197859599283,
   0.38829705397148256,
   0.5208540562045793,
   0.840983093136233,
   0.48840663449652616,
   0.06039931149019115,
   0.6739457984249401,
   0.6744824164531336
  ],
  [
   0.42440023712535124,
   0.383580656799575,
   0.5223365261291081,
   0.8509508766841005,
   0.4922312013708455,
   0.05764482044146218,
   0.6847372802933934,
   0.6835199163114325
  ],
  [
   0.4265243883196992,
   0.3790084577571973,
   0.5247498976398541,
   0.8596759974083064,
   0.48696029177736017,
   0.05822993681170079,
   0.6983459782466775,
   0.6954589248172584
  ],
  [
   0.42446183291426687,
   0.3693798167149173,
   0.5216714442011546,
   0.8665380937084035,
   0.4867243023792094,
   0.059366232941439855,
   0.7097660155851071,
   0.7018908250347763
  ],
  [
   0.4253286359428752,
   0.3658888595899443,
   0.524187059752208,
   0.8729987653126628,
   0.48712292302897714,
   0.05866382468297132,
   0.7209569467783665,
   0.7088423666781715
  ],
  [
   0.42127210061759807,
   0.35532877502216703,
   0.5315552471095147,
   0.875186366599722,
   0.48251201334001464,
   0.059177579104419564,
   0.7298475065969559,
   0.7187512161367232
  ],
  [
   0.4176277099370598,
   0.3476347676777865,
   0.5380800587040936,
   0.881207310976099,
   0.48383924722994714,
   0.058453905023718944,
   0.7399965053460917,
   0.7270565596194137
  ],
  [
   0.41708884430005183,
   0.3444156067192785,
   0.5472868527086033,
   0.8815990391869395,
   0.4807351609506724,
   0.05811814403039243,
   0.744753880652826,
   0.7340102826057308
  ],
  [
   0.4155398827498738,
   0.3379732588859304,
   0.5541364294288941,
   0.8864717845068618,
   0.47702633694883195,
   0.059469256868107244,
   0.7453149565932504,
   0.7443334440765265
  ],
  [
   0.4147531786911604,
   0.33242810438829545,
   0.5547099161125522,
   0.8865070977496367,
   0.47579138713530883,
   0.05914692044750649,
   0.7498494134298751,
   0.7524654551956725
  ],
  [
   0.4090050219648202,
   0.32232395708367195,
   0.5596280834793707,
   0.8873679050013829,
   0.477305478062501,
   0.05902434713777122,
   0.7597615391957868,
   0.7633528445499381
  ],
  [
   0.41124402332782667,
   0.3169289814410183,
   0.5667069701031052,
   0.8894054450959468,
   0.47679901396059926,
   0.057391254534684084,
   0.7631457397477717,
   0.7728337620322967
  ],
  [
   0.4113768519594589,
   0.3049248955521448,
   0.568146808400525,
   0.8906529620519444,
   0.4741630169957152,
   0.057777988334745255,
   0.7675613134211465,
   0.7784228398085156
  ],
  [
   0.414100646860232,
   0.2985443060611241,
   0.5709397315823501,
   0.8912520950992714,
   0.47127080471047395,
   0.05798626661130532,
   0.7745354819862689,
   0.7858952666741655
  ],
  [
   0.41456127505189594,
   0.2904659319582554,
   0.5745874940510768,
   0.8926755740725859,
   0.46874603256588315,
   0.05694341315308138,
   0.778025365340155,
   0.7918807934046036
  ],
  [
   0.41194762173164595,
   0.2886049899549386,
   0.5756770026996207,
   0.8937670037403156,
   0.47038620883923404,
   0.05901364186274565,
   0.7847127620891655,
   0.7934259268149536
  ],
  [
   0.41374699185497793,
   0.28326205725693254,
   0.5790858493865156,
   0.8914116421841225,
   0.4712265722865024,
   0.05805244184158131,
   0.7889238373034577,
   0.7969420612725924
  ],
  [
   0.4149932242741285,
   0.2785580623710791,
   0.5771121492169328,
   0.8927780619502138,
   0.4725926859084715,
   0.059281977702183936,
   0.7904112551906186,
   0.7997735229679254
  ],
  [
   0.4145253361029051,
   0.27698670909338025,
   0.5846997490332116,
