{
 "name": "Sonniger Sumpf",
 "split": "train",
 "env": {
  "temperature": 0.55,
  "predation": 0.1,
  "foodAbundance": 0.18,
  "foodHeight": 0.1,
  "light": 0.95,
  "water": 0.95
 },
 "generations": 80,
 "traits": [
  "insulation",
  "size",
  "limbLength",
  "metabolism",
  "armor",
  "photosynthesis",
  "mobility",
  "structure",
  "wing"
 ],
 "trajectory": [
  [
   0.4991898287623622,
   0.4997065634827101,
   0.5001561244775644,
   0.5006984386424967,
   0.5003491935357325,
   0.5001629330209723,
   0.5002618699483379,
   0.5001433453474952,
   0.4998505652377894
  ],
  [
   0.49998308763448,
   0.4987928324869911,
   0.4994092802123428,
   0.499070886919264,
   0.5004199606055796,
   0.49998474011442023,
   0.4996457521871945,
   0.5004614315369571,
   0.4986882579193513
  ],
  [
   0.4982983258615758,
   0.4975685433065991,
   0.4992129335175462,
   0.49703217934545024,
   0.49697388979709506,
   0.5013676115995733,
   0.4928158478349951,
   0.49995213422355905,
   0.4980273109287309
  ],
  [
   0.4942389215221028,
   0.4925097649360796,
   0.49862852320374224,
   0.4911268481702447,
   0.4890958070573233,
   0.49984775440577406,
   0.48232072546457805,
   0.4964132625971162,
   0.49624152589350556
  ],
  [
   0.4906050215377739,
   0.4859573684503283,
   0.49861379800010597,
   0.48212184564265864,
   0.4808581036752327,
   0.4965158207968064,
   0.4663397042493866,
   0.4933861070449725,
   0.49250189396696037
  ],
  [
   0.48251839312209927,
   0.47616119375468346,
   0.49619899355493646,
   0.4717381506802945,
   0.4700035958684217,
   0.49382529090234323,
   0.4442561356348904,
   0.4895374884752339,
   0.4892600827871318
  ],
  [
   0.47324822381050646,
   0.4639472003524537,
   0.4931567149771566,
   0.45831887412244204,
   0.4524211282397996,
   0.49220156973268936,
   0.41783448003678486,
   0.48592421074399494,
   0.4791402737137256
  ],
  [
   0.4600186858033511,
   0.4461826916757082,
   0.4935769571038489,
   0.4411500877608099,
   0.43203495163506384,
   0.4889708932176056,
   0.3865242520169723,
   0.475671666548156,
   0.4646934119979229
  ],
  [
   0.4465410120393847,
   0.43159787532470667,
   0.4928375238195184,
   0.42084741128535574,
   0.40444961880162994,
   0.48668437956580096,
   0.3514020739015547,
   0.46920682678553954,
   0.448231347069433
  ],
  [
   0.4366116333783756,
   0.40908273443059917,
   0.4928988309804367,
   0.40018846486176646,
   0.3786894142420631,
   0.4799689102269727,
   0.31115753386814027,
   0.46192666160192924,
   0.42709715194467757
  ],
  [
   0.4312010668468558,
   0.3869123337401863,
   0.48987070229856977,
   0.3729244469144499,
   0.3499231256854098,
   0.48128343388196054,
   0.2702570677065373,
   0.4542018481038521,
   0.3991464529425937
  ],
  [
   0.4196896274336006,
   0.36484613946203104,
   0.4865350203734847,
   0.3441774076272257,
   0.3210792572518668,
   0.4900544715847106,
   0.22868627700044622,
   0.44608206026234165,
   0.37025836906594817
  ],
  [
   0.408760092272074,
   0.3396450951224305,
   0.4885175520683929,
   0.3206889881675262,
   0.29053607153021377,
   0.49607891191017234,
   0.1966367950557931,
   0.43415950029789774,
   0.3429160455903902
  ],
  [
   0.4023648997053613,
   0.3105384214857931,
   0.4888493422260018,
   0.2962210303550064,
   0.26052566610601335,
   0.5050019833564868,
   0.1694212409353075,
   0.4270397701385944,
   0.3160135832262844
  ],
  [
   0.3931832558827382,
   0.2881570091560209,
   0.4913914500110312,
   0.2759900029682925,
   0.23587246308520815,
   0.5164303526828159,
   0.14707596496211167,
   0.41101673077723083,
   0.2860344603667739
  ],
  [
   0.3821265759988197,
   0.26707628785197846,
   0.4914263517346329,
   0.25355554561771904,
   0.20845651834314385,
   0.5326844449128655,
   0.12996344945324628,
   0.4015332928160462,
   0.26536299945318065
  ],
  [
   0.37513098585419674,
   0.24517878152882147,
   0.49119264163272985,
   0.23274457987405214,
   0.18654896980737,
   0.5471642587590587,
   0.11689889226330911,
   0.3890260467948598,
   0.24273877713104272
  ],
  [
   0.364846558363382,
   0.21913889318665428,
   0.48614854197129964,
   0.21567435414736372,
   0.17314976305589572,
   0.5594163446535967,
   0.10823585403683994,
   0.37786157786953356,
   0.2224958802061203
  ],
  [
   0.3601181760474212,
   0.201073940398005,
   0.48932717234259565,
   0.20006685472309113,
   0.15484565763103983,
   0.5791034682702026,
   0.10084649343466263,
   0.36725902213519573,
   0.20315611824395782
  ],
  [
   0.35396085981446584,
   0.18757957836688366,
   0.4869489542853498,
   0.18489865170563016,
   0.14285845867975464,
   0.5960964589442541,
   0.09579863294975383,
   0.3609564275966806,
   0.18747128360083476
  ],
  [
   0.3488481769502187,
   0.17148175904706184,
   0.48518630031766374,
   0.1749922134877793,
   0.13274789273151358,
   0.6126787919827409,
   0.092061707084189,
   0.35260514960938477,
   0.1761675024614339
  ],
  [
   0.34186936711519716,
   0.16098794580753326,
   0.4850525330834254,
   0.16394204684436944,
   0.12715315653445322,
   0.6229787088731126,
   0.09068657533130024,
   0.34190273645011954,
   0.1613490646045707
  ],
  [
   0.3372407542047922,
   0.15554421439061297,
   0.48394723013229757,
   0.15485462989025967,
   0.12199050002271285,
   0.6328656214817822,
   0.08711378355355913,
   0.3284590851902528,
   0.1530473788995861
  ],
  [
   0.33569912512537187,
   0.1484610844711985,
   0.4842592123518295,
   0.14708533719670924,
   0.11809700581564171,
   0.6476043384142393,
   0.08402080574485833,
   0.3175988013376901,
   0.14500237146653086
  ],
  [
   0.33017103631324646,
   0.14340616560594519,
   0.48065090408988426,
   0.13854132136296565,
   0.11400967234069494,
   0.6595637635686737,
   0.08142526491789501,
   0.3115905189370454,
   0.137569881051796
  ],
  [
   0.3301942147169535,
   0.139100596406488,
   0.48406543477302594,
   0.13427594936945436,
   0.11023194112005458,
   0.6719668095435899,
   0.08383174944510541,
   0.30399889402643526,
   0.13205959397086772
  ],
  [
   0.3288709409472977,
   0.13516385459084823,
   0.48075840222123434,
   0.13103565172661027,
   0.10961914971436006,
   0.683011763628414,
   0.0852415291831388,
   0.2994441703408276,
   0.1268718253422705
  ],
  [
   0.32335676316209444,
   0.1324978523312693,
   0.48036686486831864,
   0.1271831834733232,
   0.10779640065285832,
   0.6956588662947217,
   0.0826263835823815,
   0.29186873051853784,
   0.12410313233917625
  ],
  [
   0.322189988488697,
   0.1312383795997785,
   0.484547370414365,
   0.12641815293411113,
   0.1068242717053232,
   0.7060584772746031,
   0.08149285449721046,
   0.2898738442897176,
   0.11849153819990732
  ],
  [
   0.31712472535419545,
   0.1307204184746607,
   0.4815956856763504,
   0.12366854237761997,
   0.10583496683116167,
   0.7196314754061156,
   0.0819960747878106,
   0.2846727093684139,
   0.11335977399334997
  ],
  [
   0.31774153623763896,
   0.12776028163183387,
   0.4884454807756389,
   0.12334151436301859,
   0.10375109595566932,
   0.7308991812157289,
   0.08113692345177959,
   0.28382220185407714,
   0.11430167026804829
  ],
  [
   0.31384542995005676,
   0.12640404489263282,
   0.49175422721242507,
   0.12071206350271678,
   0.1037745226593399,
   0.7364863127781954,
   0.08090015526406104,
   0.28032406108853153,
   0.11425497852824346
  ],
  [
   0.3150196377939951,
   0.1245514567990535,
   0.49343239778193104,
   0.1195584251037236,
   0.10407608015916586,
   0.7421017102322951,
   0.0811838154645222,
   0.27903323527441565,
   0.11184839609749864
  ],
  [
   0.3163813170383892,
   0.12437056806100028,
   0.49288418029310593,
   0.11755431227080448,
   0.10423351041377628,
   0.7479910312639158,
   0.07991286464475307,
   0.27278192495964754,
   0.11057462979117233
  ],
  [
   0.3185866535562785,
   0.12617879206335095,
   0.4948068939344988,
   0.11834225122675064,
   0.10579388703281968,
   0.7565110692360285,
   0.08106391322874679,
   0.2726434671195667,
