{
 "name": "Sonniger Sumpf",
 "split": "train",
 "env": {
  "temperature": 0.55,
  "predation": 0.1,
  "foodAbundance": 0.18,
  "foodHeight": 0.1,
  "light": 0.95,
  "water": 0.95
 },
 "generations": 80,
 "traits": [
  "insulation",
  "size",
  "limbLength",
  "metabolism",
  "armor",
  "photosynthesis",
  "mobility",
  "structure"
 ],
 "trajectory": [
  [
   0.5003555857558147,
   0.4998556680717013,
   0.5006348919869128,
   0.5002495530544128,
   0.49980677103561183,
   0.4997878594967075,
   0.5001344176920638,
   0.4997591527196754
  ],
  [
   0.5003620227857789,
   0.49963099070194894,
   0.5009183869438761,
   0.4996850912721609,
   0.49790653542411395,
   0.4989240891553061,
   0.49824165235276135,
   0.4994455530156991
  ],
  [
   0.49777288919495516,
   0.4970499731173066,
   0.5008212674425406,
   0.49706349913204634,
   0.494735771033038,
   0.5001610343871403,
   0.49135610048831296,
   0.5001453377404934
  ],
  [
   0.49241078452470566,
   0.4957574489868974,
   0.5016304936429178,
   0.4926268141016363,
   0.4877279454704919,
   0.5002268036679598,
   0.47786569553626257,
   0.49699625131581077
  ],
  [
   0.4865177638449534,
   0.4877777229601142,
   0.5031444747190058,
   0.48264312169506746,
   0.4782065250379109,
   0.4980570085671438,
   0.4591949847721999,
   0.49214942968605513
  ],
  [
   0.47673523509281246,
   0.47783530953418846,
   0.5011446434332155,
   0.469655894516315,
   0.4640287980533686,
   0.4950080060245063,
   0.43420770966503835,
   0.4877111004681309
  ],
  [
   0.4684984870333014,
   0.46601648480103663,
   0.5035777285838076,
   0.4506288417608495,
   0.44549910676717047,
   0.4926584916713177,
   0.40154714879099446,
   0.4829318318318346
  ],
  [
   0.4580404109748179,
   0.4489386168056629,
   0.5063813895854761,
   0.4307092186026873,
   0.42741991247275407,
   0.4949079929826558,
   0.3602406934390047,
   0.47752695360405434
  ],
  [
   0.4447878651892537,
   0.4331977457497745,
   0.5049781007795554,
   0.40517787331919836,
   0.4028000052201001,
   0.4967762510132266,
   0.3170188622831477,
   0.4666780410317084
  ],
  [
   0.42911826421598936,
   0.40906510041351757,
   0.5088539575525953,
   0.37962835697956804,
   0.3753666478316735,
   0.5019795375150445,
   0.2712976486476329,
   0.4555360836374039
  ],
  [
   0.4202930522370672,
   0.38577885195471234,
   0.5077769126869889,
   0.3539686406342424,
   0.34323342827128217,
   0.5094293335733808,
   0.23006932483075618,
   0.4443012796517824
  ],
  [
   0.40707930330325737,
   0.3608947540551591,
   0.5062713344586642,
   0.32479684852279034,
   0.3106404597036434,
   0.517026148465158,
   0.19220093311733646,
   0.43428287446322056
  ],
  [
   0.39905476967241865,
   0.3418020691959443,
   0.5021962226125289,
   0.2964540390842757,
   0.2795640999208328,
   0.528185907300644,
   0.15938199569427686,
   0.42800314041578197
  ],
  [
   0.38966929375601916,
   0.3195486705289591,
   0.5036262433833963,
   0.27365829769206795,
   0.24755130881570142,
   0.5413010671262801,
   0.13462105607053834,
   0.41867717744731464
  ],
  [
   0.3798135041905352,
   0.2951351361399298,
   0.5033666522720796,
   0.2508397681774614,
   0.22198951612590112,
   0.5585745074319832,
   0.11777678337886945,
   0.41134294768693075
  ],
  [
   0.36869784220118745,
   0.27003073735889394,
   0.5062542125962549,
   0.23281700929247576,
   0.19968547391679314,
   0.575727696192184,
   0.1079777128322551,
   0.4034958405022919
  ],
  [
   0.3603485334297693,
   0.24939891528499783,
   0.5020658705080993,
   0.21414953625773794,
   0.18346254434319317,
   0.5909396084308646,
   0.09809171498324905,
   0.3921024353797003
  ],
  [
   0.35840238036703115,
   0.23084896081816017,
   0.5011980499816729,
   0.20037881881868547,
   0.16688504434370452,
   0.6094304810539738,
   0.09178663885942961,
   0.3813891449213725
  ],
  [
   0.35506887742020005,
   0.21676977882322593,
   0.5013062025136209,
   0.18510875724667722,
   0.15451897852118016,
   0.6186415862005787,
   0.0846776141520919,
   0.36981470885891726
  ],
  [
   0.3507601606571297,
   0.19844194437485238,
   0.4937839272705822,
   0.1735215184031541,
   0.1423766127318779,
   0.6386748952431361,
   0.08232451034322365,
   0.3624797439026847
  ],
  [
   0.34647486216227424,
   0.18754076332019776,
   0.4937774484619995,
   0.16519580236438858,
   0.13592527296678575,
   0.6533836437537005,
   0.0802629341473162,
   0.35400442604412735
  ],
  [
   0.3402101687252778,
   0.17904151147413738,
   0.49392649565614327,
   0.15471932085900927,
   0.1307922944049518,
   0.6699164472765081,
   0.07891874405001287,
   0.3400907209323045
  ],
  [
   0.3388655366524748,
   0.1714075208737069,
   0.49428335337248047,
   0.14563623974587064,
   0.12633259097957697,
   0.6793174043102278,
   0.07903575589493732,
   0.33588710424401874
  ],
  [
   0.3351884992558926,
   0.1671803212405094,
   0.4962369651790595,
   0.13806339922979988,
   0.12014180429764552,
   0.6883719192780503,
   0.08060473359051176,
   0.3315836431458095
  ],
  [
   0.3364092181258514,
   0.15874529399691598,
   0.49805177784037147,
   0.1320554080060755,
   0.11471686728131232,
   0.7063652265799806,
   0.07853138130973462,
   0.32850562744462236
  ],
  [
   0.335327864811815,
   0.15334101091334815,
   0.5014071129180607,
   0.1280188663403355,
   0.11400983232692387,
   0.71758703742287,
   0.07728864334000012,
   0.32180024805320845
  ],
  [
   0.33339536196174707,
   0.14854620190314521,
   0.4969630908537823,
   0.12551209076147754,
   0.1101080711645937,
   0.7261654867867215,
   0.07550981618982798,
   0.3158937290101132
  ],
  [
   0.33031172451248564,
   0.1441099660689675,
   0.49842753727900124,
   0.12273904464073987,
   0.1082608310711992,
   0.7353861227611534,
   0.07617672432435238,
   0.31294838641027967
  ],
  [
   0.32817393723278965,
   0.13994188794159262,
   0.5001296664969656,
   0.12064417110361214,
   0.1086303652260344,
   0.7438918522707558,
   0.0770739159137587,
   0.3112781850819528
  ],
  [
   0.327966454464321,
   0.13912828199489966,
   0.5019979202522472,
   0.11759057845979803,
   0.10753974576579135,
   0.7480301594684646,
   0.07771542858687974,
   0.30963321066875776
  ],
  [
   0.32474344775797287,
   0.13772709552657156,
   0.5056521929681992,
   0.1165838572702556,
   0.10628592538380625,
   0.7591985480461965,
   0.07673629391194135,
   0.31037488213923053
  ],
  [
   0.32255677029853685,
   0.13773305155075583,
   0.5028374519433461,
   0.11373580018920958,
   0.1073016922129915,
   0.765460433481502,
   0.07698051022939367,
   0.31078454170093367
  ],
  [
   0.32400876235228676,
   0.13805360459117968,
   0.5038954214628298,
   0.1140575592588897,
   0.1075558913073978,
   0.7692826789792605,
   0.07582559617821691,
   0.30498849180319937
  ],
  [
   0.32068824698830584,
   0.13425197358445576,
   0.4996389916147797,
   0.11312070692907962,
   0.10529618254404587,
   0.779513063150922,
   0.07509350699397614,
   0.3044106234987645
  ],
  [
   0.321314385628074,
   0.13312503044712212,
   0.49382565781973575,
   0.11236103002912728,
   0.10640144597931105,
   0.784190813440092,
   0.07556370531805685,
   0.3049010474306617
  ],
  [
   0.3244260993689332,
   0.13063204892460437,
   0.49586309875484513,
   0.1113404684622988,
   0.1050501524378442,
   0.7894902953046937,
   0.07767553668063439,
   0.3024410360916656
  ],
  [
   0.3264742672462469,
   0.12978382678184328,
   0.4964831947663049,
   0.11065610909880097,
   0.10501973439755548,
   0.7934965246948856,
   0.07883494200978876,
   0.3037635469654835
  ],
  [
   0.3231833628790291,
   0.12895948374028907,
   0.4982853427046982,
   0.1101894495961795,
   0.10373168447689342,
   0.7961938550269876,
   0.07794358319989897,
   0.3027930351749188
  ],
  [
   0.32333426916181657,
   0.12867847848683053,
   0.4971494064815209,
   0.11181543419143168,
   0.10453513569658808,
   0.8036780901743001,
   0.07767501059157678,
   0.3050392719733472
  ],
  [
