{
 "name": "Sonniger Sumpf",
 "split": "train",
 "env": {
  "temperature": 0.55,
  "predation": 0.1,
  "foodAbundance": 0.18,
  "foodHeight": 0.1,
  "light": 0.95,
  "water": 0.95
 },
 "generations": 80,
 "traits": [
  "insulation",
  "size",
  "limbLength",
  "metabolism",
  "armor",
  "photosynthesis",
  "mobility",
  "structure"
 ],
 "trajectory": [
  [
   0.5003555857558147,
   0.4998556680717013,
   0.5006348919869128,
   0.5002495530544128,
   0.49980677103561183,
   0.4997878594967075,
   0.5001344176920638,
   0.4997591527196754
  ],
  [
   0.5004129684053198,
   0.49969825243785876,
   0.5010618772077452,
   0.4995292737961093,
   0.49816801598776755,
   0.4991503569136863,
   0.498124155133931,
   0.4991403843266487
  ],
  [
   0.49756220702676135,
   0.4972479230600348,
   0.5010182532993832,
   0.4977819897383812,
   0.4961494524705563,
   0.5002511562152668,
   0.49110564112736604,
   0.49983181429736695
  ],
  [
   0.491781079455546,
   0.49434144947672004,
   0.5017703491623485,
   0.4928029455128838,
   0.4945004402546144,
   0.5010248545446313,
   0.4759103467148134,
   0.4978248276060398
  ],
  [
   0.48540193068461185,
   0.48318529819741696,
   0.5016024037664268,
   0.4802397533861327,
   0.49010847585853967,
   0.49911514886032776,
   0.4553797311635259,
   0.4936155425086652
  ],
  [
   0.4748872774503378,
   0.4728300890704183,
   0.5017700394594299,
   0.4643796508492224,
   0.48238277016554726,
   0.4968668768232596,
   0.42892243162306465,
   0.489035122650127
  ],
  [
   0.46262750520631285,
   0.45710698843894676,
   0.5010315060024185,
   0.44727210707202714,
   0.4691170309174031,
   0.49655067354929194,
   0.3914388690874026,
   0.48069967652458084
  ],
  [
   0.4506127050871036,
   0.44505805706202267,
   0.49964506547532944,
   0.4273292309577836,
   0.4565794340744312,
   0.49882228389538424,
   0.3506946799696434,
   0.4737817325574225
  ],
  [
   0.43599305176204406,
   0.42738028543440715,
   0.4992465827153875,
   0.4044044172983781,
   0.4405483051493351,
   0.49885250076753507,
   0.30562649616027643,
   0.46460855113657407
  ],
  [
   0.4266237756131637,
   0.4066399878451949,
   0.5003583127983982,
   0.3817932510058924,
   0.42346046427694684,
   0.5007673656722534,
   0.25885137965135596,
   0.45610033208606987
  ],
  [
   0.41650444076556664,
   0.38497522951774354,
   0.5006613454598113,
   0.35574230701993276,
   0.4015236137617557,
   0.5096817689989547,
   0.21540420267399504,
   0.44485460497366386
  ],
  [
   0.40403262943730883,
   0.35976436414007096,
   0.4988426950962677,
   0.3265165166238639,
   0.37653167683856154,
   0.5240156133107386,
   0.1798945830159128,
   0.43662527003422275
  ],
  [
   0.39576455587124854,
   0.33638099487683387,
   0.49962799089285514,
   0.29929976739069086,
   0.3507189669702631,
   0.534291186136806,
   0.15402399856369461,
   0.42897653436560157
  ],
  [
   0.3882536380052215,
   0.30919416074573974,
   0.5007691133129216,
   0.2731910940536591,
   0.32438577171444055,
   0.5439666683653798,
   0.131406159412805,
   0.4173090584315602
  ],
  [
   0.377723461893628,
   0.28834239895744945,
   0.5030790515178513,
   0.2501003328349122,
   0.30370307089869986,
   0.5581383025330716,
   0.11367493096989319,
   0.40666077352250163
  ],
  [
   0.3696920600540557,
   0.263832521915622,
   0.5079105203060381,
   0.22835590492846533,
   0.28040485347980765,
   0.5715259767444926,
   0.10311725661275195,
   0.3959030579028835
  ],
  [
   0.3602343754048873,
   0.2488461460471009,
   0.5106678894425573,
   0.20902205004975136,
   0.2617042459370295,
   0.5828505952668951,
   0.09613824026644335,
   0.38852094575775614
  ],
  [
   0.35857458632430284,
   0.23284685880329967,
   0.5060255635742874,
   0.1952888537059532,
   0.24291096186538932,
   0.5943099207753945,
   0.08942015907676754,
   0.3785128281595889
  ],
  [
   0.35315421903913086,
   0.2158312526792251,
   0.5062598997088303,
   0.18089404209703616,
   0.22447236229066359,
   0.6092212013052364,
   0.08670002526089236,
   0.36382754081422614
  ],
  [
   0.34652953109079454,
   0.20111166204742428,
   0.5045625357334215,
   0.17061072599569518,
   0.20904933653094737,
   0.6261569671042474,
   0.08540174044223742,
   0.35387489633309516
  ],
  [
   0.34184368791163355,
   0.18353189603738018,
   0.5010964540409979,
   0.1612172318489782,
   0.19367669285369882,
   0.6422886094701211,
   0.08252180618806536,
   0.3489614155385361
  ],
  [
   0.33625941272499543,
   0.17481600700212188,
   0.5001616391496181,
   0.15427438880585706,
   0.18052686119197733,
   0.6604775810068728,
   0.07995674079532224,
   0.33933636102666204
  ],
  [
   0.33215775790782454,
   0.16509821990901805,
   0.4995317391908652,
   0.1465591223278371,
   0.17034536799053887,
   0.6733786267489904,
   0.0799731245021257,
   0.33909335524902945
  ],
  [
   0.3291228350271603,
   0.16194779284774571,
   0.5020159323462025,
   0.14037286000766272,
   0.16300126292154354,
   0.6858888994903795,
   0.08043207533040046,
   0.3350614195319633
  ],
  [
   0.3239513104665566,
   0.15771908675669974,
   0.5002819504024377,
   0.13446599391662703,
   0.15421148106157231,
   0.7025669400989475,
   0.07906227324667948,
   0.32608760769423334
  ],
  [
   0.3217326730312156,
   0.15141694462895317,
   0.49884613787197707,
   0.1303314099935234,
   0.14951155583052242,
   0.7154770298743154,
   0.07842063147360524,
   0.3242149572286053
  ],
  [
   0.3218580556768525,
   0.14430933488996187,
   0.4996810188855641,
   0.1287269936430509,
   0.14306156972789616,
   0.7306913329820488,
   0.07684443579152322,
   0.31742999829444524
  ],
  [
   0.32130016018671387,
   0.14107669621845134,
   0.5049683467244804,
   0.1272596226529542,
   0.14005025309807465,
   0.7408213349067599,
   0.07772151787522226,
   0.31420513886484563
  ],
  [
   0.32189503130043085,
   0.13765104647466714,
   0.5066958988148159,
   0.12345077363581909,
   0.1368578629266406,
   0.7494390129877253,
   0.07808725185363226,
   0.3100290153082342
  ],
  [
   0.32340356273144716,
   0.1365554898829858,
   0.5083847242391504,
   0.12235675557145868,
   0.13231849191031878,
   0.7621910534151554,
   0.07622372093862255,
   0.30748799038895386
  ],
  [
   0.3189537055572313,
   0.13602943142572085,
   0.5107275291182929,
   0.11666588691631125,
   0.12901703139935972,
   0.7662045166889871,
   0.07563760494864331,
   0.3077369166520429
  ],
  [
   0.3168198721299551,
   0.13363373113264368,
   0.5129442181452089,
   0.11460958393982439,
   0.12925684810856586,
   0.7722076699148679,
   0.07564196639473543,
   0.30261885469120636
  ],
  [
   0.3168366734676111,
   0.13275084006789437,
   0.5162857367482085,
   0.11260139046929983,
   0.12721655897980602,
   0.7784033238026481,
   0.07429102208054669,
   0.30140090708276884
  ],
  [
   0.31787801197819415,
   0.12949905273807663,
   0.5231367157978631,
   0.11236350363849924,
   0.12630716698646502,
   0.7855948621293893,
   0.07397248179604558,
   0.3005172051343216
  ],
  [
   0.315944913713221,
   0.12890402999642553,
   0.5229184009778634,
   0.11275931446564556,
   0.12396647803038519,
   0.7913748851298762,
   0.07290149642807935,
   0.2991931850375101
  ],
  [
   0.3162725222883727,
   0.1293126695648552,
   0.5229827496941232,
   0.11263336335354152,
   0.1213747474710601,
   0.7964940041211789,
   0.0746371125748055,
   0.2960264937099812
  ],
  [
   0.3158990898280257,
   0.1272893294590138,
   0.5167882065571251,
   0.1116902040480363,
   0.12241041467821294,
   0.7990703478815101,
   0.07552170541541602,
   0.29575943329028703
  ],
  [
   0.31631442896138123,
   0.12807769364333396,
   0.5138065291660335,
   0.10995299090002231,
   0.11944918408968457,
   0.8036287266898338,
   0.07539931739014703,
   0.295289001637131
  ],
  [
   0.3157531040599099,
   0.12962741718014634,
   0.5119124445058144,
   0.11055762032255721,
   0.1208134439931667,
   0.807735399871721,
   0.074555464420496,
   0.295035865243299
  ],
  [
