{
 "name": "Sonniger Sumpf",
 "split": "train",
 "env": {
  "temperature": 0.55,
  "predation": 0.1,
  "foodAbundance": 0.18,
  "foodHeight": 0.1,
  "light": 0.95,
  "water": 0.95
 },
 "generations": 80,
 "traits": [
  "insulation",
  "size",
  "limbLength",
  "metabolism",
  "armor",
  "photosynthesis",
  "mobility",
  "structure"
 ],
 "trajectory": [
  [
   0.5003555857558147,
   0.4998556680717013,
   0.5006348919869128,
   0.5002495530544128,
   0.49980677103561183,
   0.4997878594967075,
   0.5001344176920638,
   0.4997591527196754
  ],
  [
   0.5004867793181529,
   0.4993913102173493,
   0.5008222198707414,
   0.4996969709976102,
   0.4982705155067327,
   0.49930761277200864,
   0.4984653024781955,
   0.4995260398323867
  ],
  [
   0.49799417197999435,
   0.4976521076369252,
   0.49990381277869006,
   0.49716448406613684,
   0.4967126714811249,
   0.5015394789568203,
   0.4949944024427621,
   0.5005016234889006
  ],
  [
   0.49400792417927636,
   0.4943206450189779,
   0.5005853988338985,
   0.4900339306537005,
   0.4942490294811639,
   0.5057154402480563,
   0.484543319784696,
   0.4991450595883334
  ],
  [
   0.48761994851694995,
   0.4882080931931932,
   0.49892545082635453,
   0.4771825413248705,
   0.4874908982468793,
   0.5075814293696923,
   0.4721285395670774,
   0.4948054010893299
  ],
  [
   0.4770044969118774,
   0.48140775938192754,
   0.4972956578874012,
   0.46165764594880127,
   0.4833231076299651,
   0.5104561389428998,
   0.45463597776003,
   0.4901280978906106
  ],
  [
   0.4669718609567523,
   0.46953337322975547,
   0.49275493151518074,
   0.44241397416571826,
   0.4751047163584015,
   0.5169055508241507,
   0.432124379455594,
   0.4872632251908176
  ],
  [
   0.45755330220080886,
   0.45812136056639874,
   0.49163171126282496,
   0.41599667995705975,
   0.4612767380726342,
   0.5237890926382583,
   0.3989713799843069,
   0.48333793673856035
  ],
  [
   0.44460372295778655,
   0.44486941394563956,
   0.4927238630429962,
   0.38533723184888297,
   0.4481868154601369,
   0.5339912690369354,
   0.36452637015687994,
   0.4780619675131652
  ],
  [
   0.4332169881848955,
   0.42830284827804804,
   0.49434842581034594,
   0.3512365847108465,
   0.43414271153707706,
   0.5491688496065394,
   0.3236443523296946,
   0.467783430895258
  ],
  [
   0.4229790061726027,
   0.40490729295077954,
   0.49728611372322096,
   0.31652400636349015,
   0.4135017392374875,
   0.5648851496709655,
   0.28308768930726413,
   0.4570433223180954
  ],
  [
   0.4125173338643673,
   0.3807745158372165,
   0.5007568772837914,
   0.2795857791369381,
   0.3960171156129581,
   0.5888562329315988,
   0.23942050784048344,
   0.450578228969908
  ],
  [
   0.40204378324669837,
   0.356355659091316,
   0.5006420240687633,
   0.2430003252004427,
   0.3746876643077894,
   0.6137823055638788,
   0.19514175305335602,
   0.44351427241223557
  ],
  [
   0.3911781850124029,
   0.32902944290500696,
   0.4992957528730035,
   0.2128172849449296,
   0.3499456914825754,
   0.6499811147352896,
   0.16277930507421942,
   0.43640171589320076
  ],
  [
   0.3823419264035235,
   0.30906880080460764,
   0.49917190963845465,
   0.1859091693034803,
   0.32604747842088805,
   0.6853022158832002,
   0.13484552726588284,
   0.4260210383964187
  ],
  [
   0.37279183076773603,
   0.2871435987715731,
   0.4995804898548329,
   0.16539241485062117,
   0.302999607698116,
   0.716778534008875,
   0.12068546347313107,
   0.4180429153020791
  ],
  [
   0.3656616479430829,
   0.2683681190356758,
   0.4957355488425406,
   0.14697817876437566,
   0.2841710199154058,
   0.7460055158197415,
   0.10654598164084812,
   0.410832187946881
  ],
  [
   0.36185881959246213,
   0.2543574249153764,
   0.4945848104944765,
   0.13374756379798433,
   0.2593492478488946,
   0.7737068514932094,
   0.09651702782119793,
   0.40436600056487
  ],
  [
   0.35888168239598156,
   0.23845979627846392,
   0.4947931185908834,
   0.12363747362764084,
   0.23942287358918404,
   0.7952756723466349,
   0.09067515916633888,
   0.40161295837251565
  ],
  [
   0.3512039019092556,
   0.2245311438994592,
   0.49352961568228587,
   0.11772353840051736,
   0.2214978582045253,
   0.8120326157422753,
   0.08596168825370835,
   0.39487154848403033
  ],
  [
   0.3500926097935803,
   0.21123440459565623,
   0.4930396340586924,
   0.1137123500136546,
   0.20532323300794453,
   0.8257838059502428,
   0.08247651733161261,
   0.3943268943558502
  ],
  [
   0.3460913906603446,
   0.20008262034354543,
   0.4959482299815285,
   0.10727780978872405,
   0.19465054805435753,
   0.8425962843724091,
   0.08100824419512273,
   0.3930281740705997
  ],
  [
   0.3448313463362968,
   0.1914174715364568,
   0.49479028553987264,
   0.10177335251390053,
   0.18247430793870292,
   0.8517758337011627,
   0.08065320689949426,
   0.3935603754361961
  ],
  [
   0.3423102167481427,
   0.18540536873898497,
   0.4931196050160314,
   0.10060987419764011,
   0.16993103683171562,
   0.8627009027285427,
   0.07946036202982423,
   0.39042466472175175
  ],
  [
   0.3375932049006825,
   0.17675788303986617,
   0.49390576884937354,
   0.09878767168495856,
   0.15938155826769965,
   0.8681945832963427,
   0.07866836577125917,
   0.3904799122481352
  ],
  [
   0.3345592140506694,
   0.17169862925745402,
   0.4926549214087807,
   0.0988334253832832,
   0.1507608253193438,
   0.8739647889718724,
   0.07884742976941712,
   0.3912226596086441
  ],
  [
   0.3335767263757177,
   0.16011397539052322,
   0.49144179329577264,
   0.09823534004863028,
   0.14476757710909458,
   0.8769236634789365,
   0.07630068503912503,
   0.38768244562050486
  ],
  [
   0.3302443860784627,
   0.15470294775274307,
   0.4939812646158459,
   0.09797138596450183,
   0.13921346597543607,
   0.8794144359758446,
   0.07498374472063504,
   0.38880681423773006
  ],
  [
   0.32654536320979705,
   0.15160996402593171,
   0.49046069855948,
   0.0949060606744067,
   0.13273864820736622,
   0.8819705429495929,
   0.07637218185818162,
   0.3912323190888416
  ],
  [
   0.32200167702552523,
   0.15100082857042735,
   0.4967767931995187,
   0.09632195781058783,
   0.12875315665845816,
   0.8854254641691898,
   0.07324685664496214,
   0.38733870169456197
  ],
  [
   0.32295199860584717,
   0.14915950344031087,
   0.4967078351363626,
   0.0969142143342852,
   0.12709974176491246,
   0.8873910576226427,
   0.07166543356723194,
   0.3873535171590683
  ],
  [
   0.32210287634726714,
   0.14480446198056315,
   0.5009708825073036,
   0.09372326568244589,
   0.12624985877957548,
   0.8877946533657902,
   0.07172370824628294,
   0.386088540880353
  ],
  [
   0.3239021026826607,
   0.14284952929058617,
   0.49996194902384455,
   0.09259851665486973,
   0.12333149973267192,
   0.8878707186050191,
   0.07292834008640543,
   0.38400194651156366
  ],
  [
   0.3196232823079885,
   0.1364491193561162,
   0.5074755103150733,
   0.09309285154603264,
   0.12181245914022258,
   0.887986341997178,
   0.07202717861411907,
   0.38641034835072846
  ],
  [
   0.31898596691887565,
   0.13508731526992404,
   0.5090421853734194,
   0.09373537132736226,
   0.1194219903844842,
   0.8894848372368139,
   0.07343956747769763,
   0.3878954545989131
  ],
  [
   0.3165824186452748,
   0.13689449194641243,
   0.5067925166548093,
   0.0954880050536735,
   0.11534211782185405,
   0.8890145576159368,
   0.07426304908736854,
   0.3947967255439027
  ],
  [
   0.3181305863105612,
   0.1365085250539633,
   0.5102545386799376,
   0.09587078190595537,
   0.11392571691708446,
   0.8892278102194529,
   0.07364682965825613,
   0.3866276250078861
  ],
  [
   0.31500607328212155,
   0.1358988548823574,
   0.5120339182278423,
   0.09383261107304386,
   0.11288160494329019,
   0.8886316007612757,
   0.0747877051131013,
   0.3809026739126414
  ],
  [
   0.31462365970133543,
   0.13431717962549672,
   0.5117135604792572,
   0.09512200900998392,
   0.11528381268895489,
   0.8904932134117401,
   0.0751598248855798,
   0.3855091525922483
  ],
  [
   0.30893322379034366,
