{
 "name": "Sonniger Sumpf",
 "split": "train",
 "env": {
  "temperature": 0.55,
  "predation": 0.1,
  "foodAbundance": 0.18,
  "foodHeight": 0.1,
  "light": 0.95,
  "water": 0.95
 },
 "generations": 80,
 "traits": [
  "insulation",
  "size",
  "limbLength",
  "metabolism",
  "armor",
  "photosynthesis",
  "mobility",
  "structure"
 ],
 "trajectory": [
  [
   0.5003555857558147,
   0.4998556680717013,
   0.5006348919869128,
   0.5002495530544128,
   0.49980677103561183,
   0.4997878594967075,
   0.5001344176920638,
   0.4997591527196754
  ],
  [
   0.4989996994409272,
   0.49783941832155215,
   0.5007547941574414,
   0.4994647955381779,
   0.4973088265172348,
   0.5008836939541069,
   0.49702011430450055,
   0.4993953997591922
  ],
  [
   0.49367549055253385,
   0.4875536148051763,
   0.5006577624358589,
   0.4952732575537016,
   0.4925317045384892,
   0.5094239829192386,
   0.48585967009567144,
   0.5019482120655538
  ],
  [
   0.4842618955266374,
   0.47562993158424766,
   0.4991905744760666,
   0.4890391630394863,
   0.4820127879678944,
   0.5257936978930561,
   0.46271621307410155,
   0.5034964426833707
  ],
  [
   0.4727774702711081,
   0.4568382663934485,
   0.49835760502641996,
   0.47729343540570285,
   0.46735238568054055,
   0.5492534299623298,
   0.43055293652381604,
   0.5086491794839927
  ],
  [
   0.4590722260158026,
   0.4329914510469723,
   0.4988414136970332,
   0.4615023470055188,
   0.4498731178167123,
   0.5800431351042933,
   0.39202243892993294,
   0.5165186109839995
  ],
  [
   0.44261241611716146,
   0.4046115225315179,
   0.5013398021897014,
   0.4434208755272635,
   0.43174615790801263,
   0.6160799231824002,
   0.3417720693686342,
   0.5364649698052582
  ],
  [
   0.43078223143889643,
   0.37220039572123564,
   0.499715121909367,
   0.4236398317471808,
   0.41563430627733106,
   0.6694252383956675,
   0.2860532448941887,
   0.5556844611876463
  ],
  [
   0.4181467263813023,
   0.33923668418343156,
   0.4956315778901583,
   0.4031709146048714,
   0.3982654570432647,
   0.7198916599599922,
   0.2327184253303699,
   0.5779338227305167
  ],
  [
   0.4085805343123963,
   0.3103722136877165,
   0.49552292564686956,
   0.38165977697636716,
   0.3816987362166498,
   0.7674351569786445,
   0.19039294927699169,
   0.598924775960901
  ],
  [
   0.4009339467297437,
   0.2879273328744956,
   0.4933560403622075,
   0.3633437571393168,
   0.36473102320416356,
   0.8080788750257968,
   0.15251593491714896,
   0.6240198722133794
  ],
  [
   0.3947450086160232,
   0.2690670203803905,
   0.4855174548395291,
   0.3473855837450084,
   0.3525002727226914,
   0.8364189786192348,
   0.12827500247865134,
   0.6530691530174336
  ],
  [
   0.3921956118173908,
   0.2564198215769112,
   0.48145075870657505,
   0.3343009335945942,
   0.3403133299113801,
   0.8597634008935641,
   0.11050651840614927,
   0.6802392115525012
  ],
  [
   0.3903876735420839,
   0.24156028087269524,
   0.4827640891770549,
   0.32313866795119583,
   0.33212639243981784,
   0.8758730449583335,
   0.09980132759251724,
   0.7045509978504617
  ],
  [
   0.38990689243176546,
   0.22961703640710227,
   0.4888633379713591,
   0.3107265289411669,
   0.3274741350444384,
   0.887446310941785,
   0.09195659293902053,
   0.7276744846889073
  ],
  [
   0.3909438077719236,
   0.21917148709506928,
   0.4881488587061351,
   0.30044541432091015,
   0.322339473876225,
   0.8950451842789203,
   0.08704515336549606,
   0.7489304736593626
  ],
  [
   0.39075443430125295,
   0.21234745959349455,
   0.4934486558218152,
   0.2904659685220045,
   0.31788409538664236,
   0.9004888706321537,
   0.0857366660726598,
   0.7681072173828282
  ],
  [
   0.39181563307341644,
   0.20575776852029035,
   0.49306880413633075,
   0.28127181410682867,
   0.314367336262459,
   0.9055448847767175,
   0.08581363564991944,
   0.7885540894009003
  ],
  [
   0.3936810209062401,
   0.1986739911148284,
   0.49587508967287747,
   0.27062631596032544,
   0.30765233054267,
   0.9078521430399459,
   0.0865334175900442,
   0.8020915519923549
  ],
  [
   0.3927719305805835,
   0.19403856430257815,
   0.49954160822009697,
   0.2618692014244289,
   0.29882866910713307,
   0.9102766725806418,
   0.0870335655609981,
   0.814432354586969
  ],
  [
   0.39279739741260994,
   0.18972517723435034,
   0.5015264856652728,
   0.2548087391304916,
   0.2917483338262944,
   0.909705575893276,
   0.0833581154290461,
   0.8265120721655191
  ],
  [
   0.3948488928274076,
   0.19089608417241644,
   0.5040956125276328,
   0.24909164425723654,
   0.28523766514686927,
   0.9114137047167398,
   0.08309147115801797,
   0.836625043970653
  ],
  [
   0.39258956575700704,
   0.18443654908699514,
   0.5025416461280655,
   0.24308765772690075,
   0.28118253364600193,
   0.9099991260662773,
   0.08318566678288841,
   0.841690706603663
  ],
  [
   0.39126777160090276,
   0.17927560280481314,
   0.5040122146972892,
   0.23485232808562415,
   0.27513780143944083,
   0.909612344844068,
   0.08351697696336811,
   0.8487385718317029
  ],
  [
   0.39154053105091463,
   0.17338763507256597,
   0.5025707191439884,
   0.2299025834074759,
   0.27243894089262666,
   0.9093131111572611,
   0.08423400931109269,
   0.8554441831224402
  ],
  [
   0.3954041207921705,
   0.17301390810780226,
   0.5080164885215087,
   0.2253670479467078,
   0.26786505889988027,
   0.9077336531704496,
   0.08591735618125533,
   0.8593967823791183
  ],
  [
   0.3945503703305131,
   0.16936931671698882,
   0.5096153224388703,
   0.22023011710464238,
   0.2606385300095861,
   0.9094062418459701,
   0.08536797959374405,
   0.8649626998288403
  ],
  [
   0.394916468576507,
   0.16370730014194684,
   0.5102214231247687,
   0.22068786368556434,
   0.25709446531411234,
   0.9071849735839254,
   0.08408302510684097,
   0.8686017795655955
  ],
  [
   0.3934162940506292,
   0.1620696579753814,
   0.5080833523161699,
   0.21590376971911499,
   0.2568453457183399,
   0.9073541130393137,
   0.08528700819728267,
   0.8716907158135471
  ],
  [
   0.3926885078374361,
   0.16372114000466786,
   0.5088976853922332,
   0.21470614947873537,
   0.256833172474579,
   0.9075576195208225,
   0.0858410501233226,
   0.8761872313111182
  ],
  [
   0.3896805422222793,
   0.16232363425214236,
   0.512911197788879,
   0.20647662146539905,
   0.24802219427794517,
   0.90701292318196,
   0.08568233994446801,
   0.8774886825501534
  ],
  [
   0.39068989404318916,
   0.1626861897247297,
   0.5166826254775264,
   0.20045066314081483,
   0.2468228416820487,
   0.9083564165100491,
   0.0850831143656219,
   0.8788811652913545
  ],
  [
   0.39295889316818466,
   0.16447290346395813,
   0.5181209164766717,
   0.19556460165790512,
   0.24485319594943755,
   0.9075905215921981,
   0.08415746458502522,
   0.8807300799747296
  ],
  [
   0.39545476816774866,
   0.1640410193218374,
   0.5109403084976544,
   0.1966168696653338,
   0.23637065613178357,
   0.9070227802413506,
   0.08541203662618606,
   0.8817517300246628
  ],
  [
   0.3995089345646678,
   0.16310982117388942,
   0.506517806773778,
   0.1921234179065888,
   0.23184020808369796,
   0.9070146208302833,
   0.08674291010900563,
   0.8841272458838585
  ],
  [
   0.39855090125104486,
   0.16351160605066276,
   0.5028461709692651,
   0.19406152648387753,
   0.22470932454276404,
   0.9055714737879935,
   0.08775177741592759,
   0.8824773502969094
  ],
  [
   0.39938962017547547,
   0.1624153014422605,
   0.4991758601828585,
   0.1932412870608652,
   0.22285648694197438,
   0.9048410886639747,
   0.08860902388743007,
   0.881351823947123
  ],
  [
   0.3980885655649786,
   0.16305216576885379,
   0.4987036637979458,
   0.19007226429224122,
   0.22045697965133682,
   0.9056702453757625,
   0.08773370756126325,
   0.8817114669410883
  ],
  [
   0.3981855254454196,
   0.163949296942599,
   0.4955938567704549,
   0.1878807126120334,
   0.22021633579347696,
   0.909182864573185,
   0.08911062505710347,
   0.8844043468581977
  ],
  [
   0.3954400150789654,
   0.1649690108540309,
