{
 "name": "Sonniger Sumpf",
 "split": "train",
 "env": {
  "temperature": 0.55,
  "predation": 0.1,
  "foodAbundance": 0.18,
  "foodHeight": 0.1,
  "light": 0.95,
  "water": 0.95
 },
 "generations": 80,
 "traits": [
  "insulation",
  "size",
  "limbLength",
  "metabolism",
  "armor",
  "photosynthesis",
  "mobility",
  "structure"
 ],
 "trajectory": [
  [
   0.5003555857558147,
   0.4998556680717013,
   0.5006348919869128,
   0.5002495530544128,
   0.49980677103561183,
   0.4997878594967075,
   0.5001344176920638,
   0.4997591527196754
  ],
  [
   0.4977287532203048,
   0.49783859356798904,
   0.5009085943880642,
   0.49942094057839825,
   0.49722996152128496,
   0.5014491999260575,
   0.49693505821054945,
   0.4996581367585906
  ],
  [
   0.48906227714045286,
   0.4874111718483732,
   0.5005817625434187,
   0.4952960294455242,
   0.491567129272596,
   0.5108065889529362,
   0.4841924524033399,
   0.5025095661364455
  ],
  [
   0.4770547364611839,
   0.4710233027053943,
   0.5001016515662432,
   0.4860705609810467,
   0.48123671516655225,
   0.5280628480867287,
   0.4572898260847878,
   0.5059329349548027
  ],
  [
   0.4631609524868228,
   0.4460088905647244,
   0.499350504708562,
   0.4705262643092561,
   0.46510622458029016,
   0.5521847829150675,
   0.4182890259122462,
   0.5102400641152467
  ],
  [
   0.4487696212201662,
   0.41781480611883404,
   0.4980632801713727,
   0.4530443600843002,
   0.45028600547605807,
   0.5924122684608103,
   0.36686473532637104,
   0.5233131532191203
  ],
  [
   0.43840446579187936,
   0.3872556112943994,
   0.498053127391227,
   0.4333597337146348,
   0.4266916812265081,
   0.6450256406204621,
   0.30398288368453147,
   0.5462050188116127
  ],
  [
   0.43188130782711176,
   0.3530939086586784,
   0.5014540890658767,
   0.4083686627051066,
   0.40086394089372174,
   0.7045049921648427,
   0.23865843567941178,
   0.5789666354599453
  ],
  [
   0.42897731494779706,
   0.3191408055043967,
   0.5076875331646632,
   0.3902957584042966,
   0.38070393972483263,
   0.7601766131986226,
   0.18794141707656478,
   0.6103800470540041
  ],
  [
   0.42299192257175317,
   0.29116392585375767,
   0.5042318577413784,
   0.3682304073968911,
   0.35844985298610527,
   0.8047263440499847,
   0.1483256469610805,
   0.6475943859945645
  ],
  [
   0.42267173958553433,
   0.2695625432231434,
   0.5027012316944738,
   0.3499280915800835,
   0.3394213384001304,
   0.8445021867141348,
   0.12018745484653177,
   0.6793490085442992
  ],
  [
   0.422582706149964,
   0.24914319796108475,
   0.5046507770880547,
   0.3287857287254768,
   0.3244313513659268,
   0.8712164460438944,
   0.10110655360369092,
   0.7142341457841566
  ],
  [
   0.4230238268997482,
   0.23479474330221958,
   0.5044214550498219,
   0.30888460914495675,
   0.3165463808235037,
   0.8879181152345627,
   0.08892131627181189,
   0.7415023080027923
  ],
  [
   0.42436376341476545,
   0.22288686170148594,
   0.5065744300978924,
   0.2921460199832314,
   0.30173370824117635,
   0.9006124258621955,
   0.08039810888772236,
   0.7663860314705637
  ],
  [
   0.4235847977413883,
   0.21192275140396466,
   0.5073344750674663,
   0.27543181009742806,
   0.2925026450359564,
   0.9114252172702947,
   0.07574185089536918,
   0.7889470796113739
  ],
  [
   0.42678852907330117,
   0.201918933412102,
   0.5081868843380967,
   0.26478817710599983,
   0.28283287152766273,
   0.9155035844866798,
   0.07523404764109572,
   0.809102433181236
  ],
  [
   0.4293996363412506,
   0.19112738208140567,
   0.510322467867354,
   0.25493843067158134,
   0.273270680447143,
   0.9191741850569953,
   0.07288623242095486,
   0.8267975803791826
  ],
  [
   0.43142104767827405,
   0.1844464711360695,
   0.5079268588585609,
   0.2452939048241829,
   0.26524991492818656,
   0.9221750366873819,
   0.07411577370859017,
   0.842778998089449
  ],
  [
   0.4334149346150801,
   0.17635384441563842,
   0.5107188405790083,
   0.2355994777771764,
   0.2577762733906019,
   0.9229437633167291,
   0.07474654512386764,
   0.853950894889752
  ],
  [
   0.4326845863902464,
   0.16702828029177322,
   0.5061696216728909,
   0.22703271857073773,
   0.24733423050336698,
   0.9239631694406367,
   0.07482574821432542,
   0.8625727916771074
  ],
  [
   0.4328988081532002,
   0.16419498985821734,
   0.5009360844178922,
   0.21990665935435708,
   0.24348301614193826,
   0.9237139804776805,
   0.07370695524769044,
   0.872401623635023
  ],
  [
   0.4354939081332459,
   0.15755080365454252,
   0.5005771931248822,
   0.21077723916678104,
   0.23648642604173806,
   0.9249329716867124,
   0.07532612080557032,
   0.8767597452437608
  ],
  [
   0.4361146841311722,
   0.15134337799489558,
   0.5000430871591174,
   0.20207836245354097,
   0.23264904424844227,
   0.9218564717166712,
   0.07424559488568525,
   0.8805465044409447
  ],
  [
   0.4371403352265831,
   0.14796909717949416,
   0.49560049966877867,
   0.1960260836458654,
   0.2298769036249738,
   0.9212339676863959,
   0.07381264596350415,
   0.8821021161055397
  ],
  [
   0.43659980370564083,
   0.14621631935086693,
   0.4966864530758463,
   0.1868773773185655,
   0.2248612393139201,
   0.9229324068565576,
   0.07405123382811189,
   0.8861685523120079
  ],
  [
   0.43815051971182545,
   0.14107959018358393,
   0.49839978887363107,
   0.18055342411936373,
   0.22147545144762915,
   0.9222099751191203,
   0.0725520647314133,
   0.8919842013968692
  ],
  [
   0.43877939707670516,
   0.13733720935035332,
   0.5001896789656289,
   0.17721557646887617,
   0.21749976941116222,
   0.9219448410890269,
   0.07458487640783142,
   0.892548150934588
  ],
  [
   0.44064054721335316,
   0.13648117561303943,
   0.5001957290117228,
   0.17280516129507692,
   0.21274094798203266,
   0.9201398597204525,
   0.07491193857358648,
   0.8924379039734002
  ],
  [
   0.43774138180734395,
   0.1352503717857035,
   0.5016085705946359,
   0.1729347776245469,
   0.2104520928311103,
   0.9202772097605183,
   0.07608909889194924,
   0.8932596273625474
  ],
  [
   0.4361174799921455,
   0.1333635265872508,
   0.5023750120581426,
   0.17045932554639534,
   0.20697973669658384,
   0.9204912409292909,
   0.07529379322205935,
   0.8935518262318504
  ],
  [
   0.4358732476662293,
   0.13327771223573984,
   0.504184413746006,
   0.16912876207213387,
   0.20420959253170157,
   0.9212544716166113,
   0.07436265295042341,
   0.894921639641137
  ],
  [
   0.43765544415613516,
   0.13393874743674372,
   0.4996361428265003,
   0.1676328340696169,
   0.19929278777960605,
   0.9217992050380622,
   0.07426792420934711,
   0.8950714328825864
  ],
  [
   0.43899967737382295,
   0.13380978945138688,
   0.4962961395990389,
   0.16525634078290138,
   0.19643470366239346,
   0.9203036519982835,
   0.07358699305742118,
   0.8941370027060348
  ],
  [
   0.4407462890061222,
   0.13308232458912836,
   0.4925258739332031,
   0.16185422349684972,
   0.19314965391130254,
   0.92017296572623,
   0.0731683583905533,
   0.8948595643220915
  ],
  [
   0.4389467558735393,
   0.13359253969798585,
   0.4950676224183895,
   0.1623066501379222,
   0.19056725118690399,
   0.9207885856134888,
   0.07338925352335417,
   0.893524710779661
  ],
  [
   0.4394891605465512,
   0.1330724232044528,
   0.49787219773261154,
   0.16074405151824836,
   0.18786402153024118,
   0.9198962923295538,
   0.07557928042654233,
   0.893918993229342
  ],
  [
   0.43813117947631913,
   0.13115684395236374,
   0.5007288364671169,
   0.1599346290502079,
   0.18709231573541155,
   0.9191542739383989,
   0.07631316764076952,
   0.8937073960751625
  ],
  [
   0.43880657126212147,
   0.13294188690035094,
   0.5056083991539749,
   0.15842756899323882,
   0.18512577385259785,
   0.9183621465379174,
   0.07823384240812697,
   0.8964462110949206
  ],
  [
   0.4396255361384091,
   0.13478606026243256,
   0.504601345197999,
   0.15823921452540357,
   0.18508461698567755,
   0.918830154615848,
   0.07588692507063986,
   0.897194212151195
  ],
  [
   0.43677457883154164,
   0.13658609080756634,
