{
 "name": "Sonniger Sumpf",
 "split": "train",
 "env": {
  "temperature": 0.55,
  "predation": 0.1,
  "foodAbundance": 0.18,
  "foodHeight": 0.1,
  "light": 0.95,
  "water": 0.95
 },
 "generations": 80,
 "traits": [
  "insulation",
  "size",
  "limbLength",
  "metabolism",
  "armor",
  "photosynthesis",
  "mobility",
  "structure",
  "wing"
 ],
 "trajectory": [
  [
   0.4991898287623622,
   0.4997065634827101,
   0.5001561244775644,
   0.5006984386424967,
   0.5003491935357325,
   0.5001629330209723,
   0.5002618699483379,
   0.5001433453474952,
   0.4998505652377894
  ],
  [
   0.5001877541526162,
   0.4988699561690883,
   0.4995589999136985,
   0.4990459844524373,
   0.5006158147848985,
   0.5000636658169945,
   0.4995775576845165,
   0.5004600365004431,
   0.49877660061955703
  ],
  [
   0.49844724000447244,
   0.49750949276653084,
   0.49975762029789106,
   0.49666103298288594,
   0.49773804201113836,
   0.5014102083285118,
   0.49211727751143414,
   0.5005025604535919,
   0.4982455326038922
  ],
  [
   0.49397490315425885,
   0.49190158614599094,
   0.49845335103792293,
   0.49165952832054666,
   0.4921613607805891,
   0.5013563096399666,
   0.4820203909968607,
   0.49777331144667447,
   0.49558997638313573
  ],
  [
   0.4912799708299566,
   0.48594137929028575,
   0.4997816198735767,
   0.4810315231804412,
   0.484334517608002,
   0.4980228562409938,
   0.46668566986377247,
   0.4963789890311859,
   0.4914461722293347
  ],
  [
   0.48357381934690663,
   0.47603215057636894,
   0.49815859701435,
   0.4692409254139865,
   0.4735659986994379,
   0.49692665068419845,
   0.4466558635145908,
   0.4929162604273151,
   0.4861318048786987
  ],
  [
   0.47296952827312305,
   0.46092991008445267,
   0.49972567618020136,
   0.45581824058864656,
   0.46010275601107553,
   0.4955503762775066,
   0.4208753453013836,
   0.4898025383049478,
   0.4760225016458399
  ],
  [
   0.4626220181025798,
   0.4494324235471258,
   0.49990872113642126,
   0.4401046158979556,
   0.4392654861165219,
   0.4958122689247048,
   0.3877675627750607,
   0.48092622106410593,
   0.4665834260506876
  ],
  [
   0.45113305493251027,
   0.4327933757459455,
   0.4998013192114275,
   0.4223256991525117,
   0.41613104267372636,
   0.49564338661305424,
   0.3487315893284997,
   0.4724611834946451,
   0.45156907342065017
  ],
  [
   0.4387058425765646,
   0.41388120663443223,
   0.4999772980620685,
   0.39984920659507184,
   0.3877076063594746,
   0.4941052682695888,
   0.30669304183934154,
   0.4662813532586721,
   0.4329875605038455
  ],
  [
   0.42882766111130555,
   0.3956048594712534,
   0.4991341252549095,
   0.3701333169575615,
   0.3537376183422422,
   0.49911699468500964,
   0.26172527393803746,
   0.45451890578989684,
   0.4109509669708484
  ],
  [
   0.41489730772518163,
   0.3746601763364026,
   0.4993978409210804,
   0.3413027459581324,
   0.3247746377656674,
   0.5104302824110739,
   0.22073076448862317,
   0.44395762586626414,
   0.3868131238377795
  ],
  [
   0.3996132574210791,
   0.3463942223020233,
   0.4942802040337859,
   0.313259642518842,
   0.29510569751341076,
   0.519790832084133,
   0.1815407802951554,
   0.4315503559202323,
   0.3591287411812412
  ],
  [
   0.3896347042156521,
   0.3210626581893335,
   0.49123224161103635,
   0.28562244489583194,
   0.2682808358539069,
   0.5375423036903146,
   0.15188879906931818,
   0.4246509411803685,
   0.32643464688216267
  ],
  [
   0.3810930642660149,
   0.29718785933841335,
   0.4865082087748038,
   0.2605940311336589,
   0.24119676581990937,
   0.5523880434131241,
   0.12963606546802287,
   0.4120504936845197,
   0.29318218083465686
  ],
  [
   0.36812906343670565,
   0.2779196185200592,
   0.48395703072555335,
   0.23831037430829613,
   0.21683837902605774,
   0.5671180055635636,
   0.11755672795832961,
   0.40069516634930363,
   0.27098755450226064
  ],
  [
   0.3615000052965187,
   0.2621497750467226,
   0.4826808461869943,
   0.22112804537816258,
   0.19916821980182053,
   0.5797131476856329,
   0.10664382147592873,
   0.39500610409744213,
   0.24455185723669595
  ],
  [
   0.3540008748672229,
   0.24291466214592602,
   0.48193510879188134,
   0.20144144233754627,
   0.1805527578791889,
   0.6041313518580381,
   0.09697538569610488,
   0.38177165095165194,
   0.22137503698960329
  ],
  [
   0.34640056883998976,
   0.22505440255746675,
   0.4763539712306324,
   0.18689243135571368,
   0.16251184825057732,
   0.6180025903276355,
   0.09224722010068855,
   0.36902301919001984,
   0.20246052341292864
  ],
  [
   0.3407976673062704,
   0.2105034809547978,
   0.48002932691571193,
   0.17437777324471015,
   0.14947438143691946,
   0.639771142248168,
   0.08638232254521916,
   0.3613393658975996,
   0.18938981651962417
  ],
  [
   0.33530892227714854,
   0.1949117595218475,
   0.4795375945783186,
   0.16377546518793473,
   0.1394349628369937,
   0.6540826486561534,
   0.08348195232343768,
   0.3534969035163091,
   0.1762467976691936
  ],
  [
   0.330684569907658,
   0.18178302257604573,
   0.4799815023892122,
   0.1529958828398071,
   0.1318087676542813,
   0.6686832019625056,
   0.08259177614981154,
   0.34305167412842846,
   0.16626753088980936
  ],
  [
   0.32935032163520234,
   0.17016570147395785,
   0.4765611672607078,
   0.14535876423725,
   0.12511079065977207,
   0.6848556735871721,
   0.08054814318238235,
   0.3359722525638928,
   0.1627568871179611
  ],
  [
   0.3262953272959804,
   0.16097147156033417,
   0.4710294473843158,
   0.13931484393156177,
   0.11821976718415661,
   0.6918753004212874,
   0.079421590109389,
   0.3276534740457102,
   0.1509225852375586
  ],
  [
   0.32042173804921353,
   0.15483146417956264,
   0.4698896493337976,
   0.13249441394252906,
   0.1136958587607713,
   0.6997397370829982,
   0.07622382349691022,
   0.3240851242048012,
   0.1447096421981596
  ],
  [
   0.3184017941535799,
   0.1512596547196666,
   0.46654723396203407,
   0.12957429334109474,
   0.11059587611354932,
   0.7124389313931059,
   0.07643245436173891,
   0.317293387278472,
   0.14099345217339282
  ],
  [
   0.3178115920665805,
   0.14659210163272787,
   0.4738571538495979,
   0.125647930260147,
   0.10931759787556163,
   0.7244292427704626,
   0.07633035781699753,
   0.3117516259060939,
   0.1350393812213617
  ],
  [
   0.31617144780088924,
   0.1439188753692631,
   0.46873728486300964,
   0.12268940241365289,
   0.10771512487688804,
   0.7338704049831617,
   0.07647946962503992,
   0.3086140570624255,
   0.1282427425022067
  ],
  [
   0.314839722149108,
   0.14278899176704826,
   0.46366407093495415,
   0.12052937779228011,
   0.10745163667370966,
   0.7421033896539971,
   0.07793837253781323,
   0.3048098957419581,
   0.12275754341494367
  ],
  [
   0.31002073247112466,
   0.137546089731335,
   0.4670348814714476,
   0.11919133228256003,
   0.10595960984232579,
   0.7529922284194978,
   0.07822721333218381,
   0.29916492671445444,
   0.11493063938009472
  ],
  [
   0.30907836245570497,
   0.13776655355045617,
   0.4684836708449554,
   0.11578782302562772,
   0.10387309806480072,
   0.7590876917854312,
   0.07629075955572084,
   0.29537175933839804,
   0.11266112301024418
  ],
  [
   0.31199484436519775,
   0.13342995676643224,
   0.4720703752636935,
   0.11420200463012652,
   0.10339384802123823,
   0.7624534494751289,
   0.07736949499495564,
   0.2960854075268118,
   0.11369948732789968
  ],
  [
   0.3122258665603231,
   0.1278724498046818,
   0.4766007750401849,
   0.11505427333914094,
   0.10316797131442429,
   0.7721041527489735,
   0.07787811437657458,
   0.29533139899714367,
   0.1136344703597424
  ],
  [
   0.31428119904113677,
   0.12320379731842225,
   0.47683784496961196,
   0.11362240355756081,
   0.10362157033445986,
   0.7795718925011386,
   0.07679337078159927,
   0.29415858092600694,
   0.11183957198621018
  ],
  [
   0.31695815246005976,
   0.12243214168059674,
   0.47783183121170875,
   0.11395823411037263,
   0.10573926635250809,
   0.7801138701788438,
   0.07824619754230173,
