{
 "name": "Trockene Savanne",
 "split": "train",
 "env": {
  "temperature": 0.7,
  "predation": 0.5,
  "foodAbundance": 0.5,
  "foodHeight": 0.3,
  "light": 0.9,
  "water": 0.3
 },
 "generations": 80,
 "traits": [
  "insulation",
  "size",
  "limbLength",
  "metabolism",
  "armor",
  "photosynthesis",
  "mobility",
  "structure"
 ],
 "trajectory": [
  [
   0.5003555857558147,
   0.4998556680717013,
   0.5006348919869128,
   0.5002495530544128,
   0.49980677103561183,
   0.4997878594967075,
   0.5001344176920638,
   0.4997591527196754
  ],
  [
   0.4975376638562188,
   0.49783757567513676,
   0.5013503727323182,
   0.5005910380139557,
   0.4973444712564008,
   0.4972882968064398,
   0.5009176421896071,
   0.49939913050841533
  ],
  [
   0.4834923764922577,
   0.48769921172286884,
   0.5004227969789655,
   0.5007921393299399,
   0.4926879507511563,
   0.4872335992244588,
   0.5067039063253925,
   0.4986677165922664
  ],
  [
   0.4563885714919204,
   0.4722965043699805,
   0.5016923673823269,
   0.5008548485722287,
   0.4852011786342311,
   0.46865395500536106,
   0.5165825115349124,
   0.4942670414969839
  ],
  [
   0.42212289666200214,
   0.450414204681377,
   0.502808863282057,
   0.49902103738825704,
   0.47594728045973306,
   0.44325826359418624,
   0.5346949696316469,
   0.48732274643757045
  ],
  [
   0.3863540192157995,
   0.42153447157902796,
   0.5054631782634448,
   0.5009112353476247,
   0.46503894806551166,
   0.4076468358971721,
   0.5596696826208082,
   0.4738994221566526
  ],
  [
   0.35745223333774606,
   0.38869396910950255,
   0.5063656661782638,
   0.5099358905109038,
   0.44726740908559415,
   0.3578854188118057,
   0.598211734862043,
   0.4591258677044343
  ],
  [
   0.332744544075748,
   0.3580070061299539,
   0.5076520428070393,
   0.5271402604532726,
   0.4299027151053847,
   0.29588681978590003,
   0.6486528727998307,
   0.44303611845648566
  ],
  [
   0.31386546297779583,
   0.3329427839422414,
   0.5091235781039535,
   0.5508283256862407,
   0.413443931684691,
   0.23146580034507425,
   0.7064474992884081,
   0.4252099149163375
  ],
  [
   0.30134945603604363,
   0.3093439726946796,
   0.5155293268606078,
   0.58129830408007,
   0.39432271976433236,
   0.17487143697753427,
   0.7625313808565116,
   0.40713241353732504
  ],
  [
   0.2929336678176041,
   0.2875532532101062,
   0.5254033033689126,
   0.6153298987424645,
   0.3824725306794734,
   0.1361502190270584,
   0.8160761708914549,
   0.387010987248355
  ],
  [
   0.28087461042662903,
   0.26121400043984705,
   0.5333119822445126,
   0.6542565005264214,
   0.37190438362558975,
   0.10617362486653119,
   0.8542048460496675,
   0.3718273564499503
  ],
  [
   0.27494268804118654,
   0.24435892117630367,
   0.5432203369963603,
   0.6925066992311911,
   0.36323415817654553,
   0.08697188619574327,
   0.8823926980226209,
   0.3632526066717141
  ],
  [
   0.27245170341651653,
   0.22798681084441988,
   0.5525255215600785,
   0.7279186246256838,
   0.35309617409320526,
   0.07601357458137693,
   0.9016250428358646,
   0.35366127700348565
  ],
  [
   0.2703693226883099,
   0.21760926748201181,
   0.5613830843674456,
   0.7646187906167342,
   0.3482212246913021,
   0.07107375045854143,
   0.9134777585720818,
   0.345317247043802
  ],
  [
   0.269600444870485,
   0.20718802322925464,
   0.5722504661837478,
   0.7894343964437752,
   0.3436692790065798,
   0.06707651617181201,
   0.9222436117395071,
   0.33512952733179446
  ],
  [
   0.2687574452051445,
   0.1964524734382167,
   0.5807630681960588,
   0.815228105631881,
   0.3416751304519909,
   0.0645529699427747,
   0.9280075277417841,
   0.32531346439217446
  ],
  [
   0.26941737838430474,
   0.18545081344253023,
   0.5897587878053228,
   0.8382146106369192,
   0.33707187984410375,
   0.06407851179347426,
   0.931343585337176,
   0.3147590586740506
  ],
  [
   0.26968837039076626,
   0.1809818171570833,
   0.5994075645618757,
   0.8524617978627368,
   0.33469588945732154,
   0.0653855057858846,
   0.9326801576828326,
   0.3068026478182074
  ],
  [
   0.26838994719278464,
   0.17214427295599585,
   0.6122089899130311,
   0.8671156612849686,
   0.3273071495555728,
   0.06498634246647737,
   0.9333181262191972,
   0.2987464583352035
  ],
  [
   0.26923568688730454,
   0.1671114752712686,
   0.6203839887987551,
   0.8756463993774636,
   0.32078892408702175,
   0.06376530189883692,
   0.932615030930107,
   0.29440568547578144
  ],
  [
   0.2696820076367305,
   0.16411461907813094,
   0.6256856803082569,
   0.8840987281184765,
   0.317417649626601,
   0.06521899228997367,
   0.9315429305731512,
   0.287872380711719
  ],
  [
   0.27009542856502283,
   0.15996803653086225,
   0.632634727265673,
   0.8873071251526773,
   0.318707299395162,
   0.06375544598087139,
   0.9333414621809829,
   0.28252146761073443
  ],
  [
   0.26958028604806167,
   0.1550053046438347,
   0.6370495352855375,
   0.8899932619202139,
   0.31620776325869615,
   0.06373596336330237,
   0.933531296107665,
   0.2729038932471567
  ],
  [
   0.2720166087784119,
   0.15086755842199726,
   0.6417834022693614,
   0.8921807700588787,
   0.313144503231137,
   0.06408345577522641,
   0.9330683112930441,
   0.2644821796114487
  ],
  [
   0.27438917002605084,
   0.14701082255782771,
   0.6506824942869281,
   0.8943508235975083,
   0.31195703082053744,
   0.06390718350729319,
   0.9336188389811048,
   0.2610787429465478
  ],
  [
   0.27146960918118385,
   0.14249445774811995,
   0.6577668328201923,
   0.8978783463145482,
   0.3106913847307216,
   0.06496642021275283,
   0.9320155775369586,
   0.2581768376450988
  ],
  [
   0.27017048155623136,
   0.13958620735526853,
   0.6644931723200554,
   0.8997321301826083,
   0.311594628056967,
   0.06420914430759428,
   0.9337842296641083,
   0.2560066557060711
  ],
  [
   0.27027596956926864,
   0.13636564056276407,
   0.6710911690129512,
   0.9028648788417133,
   0.308146867712715,
   0.06296746699074733,
   0.9333475541654024,
   0.2541889393668087
  ],
  [
   0.2715900917334358,
   0.13380953156854414,
   0.6747415898168101,
   0.9038454173144014,
   0.30852134296633993,
   0.0642955788193525,
   0.932290645042447,
   0.25156022122955046
  ],
  [
   0.2716042738068872,
   0.1314383310096688,
   0.6767585271582196,
   0.9040741115755208,
   0.3065003193883053,
   0.06435135929542596,
   0.9309368368441525,
   0.24975681084354942
  ],
  [
   0.2714536592426157,
   0.13044027363524138,
   0.6819888126902011,
   0.9023651805309799,
   0.3123289065178226,
   0.06450927536426378,
   0.9314351187879052,
   0.25137631166803764
  ],
  [
   0.27143356896938703,
   0.13083070938693706,
   0.6908553740917996,
   0.9009343949964359,
   0.3150943395828646,
   0.0635087019766197,
   0.9315352261518868,
   0.2527385780611223
  ],
  [
   0.2707953680176398,
   0.1296616997837623,
   0.6962028790558407,
   0.9005330281747126,
   0.31811106160071223,
   0.06325982998520435,
   0.93310372898396,
   0.2500595047957361
  ],
  [
   0.27272083618976284,
   0.12752873384454408,
   0.6963319278845247,
   0.901705255026811,
   0.31860601847923603,
   0.06444086200481412,
   0.9316987867071465,
   0.2451580130005301
  ],
  [
   0.27430220299184244,
   0.1253418439651838,
   0.6998240491847133,
   0.9033299213108078,
   0.3147206345988282,
   0.06388469282117011,
   0.9324661228745067,
   0.24204926182661704
  ],
  [
   0.2745259995568974,
   0.124072093222585,
   0.704049737446586,
   0.9022412223138853,
   0.3137799906697751,
   0.06571899583967199,
   0.9322034987831089,
   0.2389895554884112
  ],
  [
   0.27376122547959386,
   0.12663459947946895,
   0.7055773885115202,
   0.9027137221549317,
   0.3157554123017253,
   0.06645577078363336,
   0.9314505034946367,
   0.23777801818816335
  ],
  [
   0.2755788010253796,
   0.1269469502231015,
   0.7050338526276886,
   0.9024698465598769,
   0.3189896281056599,
   0.06556046759431047,
   0.9316827254533527,
   0.23559873944927812
  ],
  [
   0.2750276970651962,
   0.1303047961277145,
   0.7095100491170431,
