{
 "name": "Trockene Savanne",
 "split": "train",
 "env": {
  "temperature": 0.7,
  "predation": 0.5,
  "foodAbundance": 0.5,
  "foodHeight": 0.3,
  "light": 0.9,
  "water": 0.3
 },
 "generations": 80,
 "traits": [
  "insulation",
  "size",
  "limbLength",
  "metabolism",
  "armor",
  "photosynthesis",
  "mobility",
  "structure"
 ],
 "trajectory": [
  [
   0.5003555857558147,
   0.4998556680717013,
   0.5006348919869128,
   0.5002495530544128,
   0.49980677103561183,
   0.4997878594967075,
   0.5001344176920638,
   0.4997591527196754
  ],
  [
   0.4997184041541385,
   0.4995283651212324,
   0.5010099376429775,
   0.4996173852197512,
   0.4982956779438978,
   0.49815702807840556,
   0.49922116895064533,
   0.49963664178617034
  ],
  [
   0.49498342192940553,
   0.49648496507917056,
   0.4999238865391746,
   0.5001875939298549,
   0.4977320534199519,
   0.4918926349985889,
   0.4975402705447805,
   0.501401932063999
  ],
  [
   0.48581653483371623,
   0.4939719591670471,
   0.5005754128074401,
   0.49630649700675605,
   0.4923990127224445,
   0.4834414257974465,
   0.4932924838316141,
   0.5030987578103099
  ],
  [
   0.4734845192594381,
   0.48733304967748187,
   0.5004965831003463,
   0.49099416685951663,
   0.48673929787518233,
   0.46618314345613304,
   0.4857940416242135,
   0.5006452252542309
  ],
  [
   0.45561225907555875,
   0.48094234463444524,
   0.4979803680482921,
   0.482728886184217,
   0.47910249727640086,
   0.443624898006765,
   0.47818801705115827,
   0.49749928697400386
  ],
  [
   0.43737206179037513,
   0.46787815816240924,
   0.4971910794203931,
   0.47331988494582916,
   0.46746724879291285,
   0.4148832414145071,
   0.4661016510416411,
   0.495496469296206
  ],
  [
   0.4178457478272773,
   0.4561642443977367,
   0.49914766702912267,
   0.46424905798487853,
   0.45373099398687833,
   0.3803544894001227,
   0.4568971927463057,
   0.4929720593271351
  ],
  [
   0.39970495130792716,
   0.4390670443578421,
   0.5030831486368569,
   0.4567111437338594,
   0.4362424815801695,
   0.3415431252675845,
   0.44570263019212586,
   0.48735535317001005
  ],
  [
   0.3800612114533614,
   0.4209132322724376,
   0.5069208038517835,
   0.4487633703218232,
   0.42198624087303743,
   0.2957161548544896,
   0.440323186699423,
   0.47909720962912594
  ],
  [
   0.35958745125079544,
   0.39721304690683107,
   0.5095742367627699,
   0.44089475736198924,
   0.40438007045438695,
   0.2536844782660211,
   0.4299391593270599,
   0.4691637381604945
  ],
  [
   0.3426413767515744,
   0.37549313369286347,
   0.512986747955908,
   0.437602456528321,
   0.38603598290146807,
   0.21351658227580964,
   0.41762954822410364,
   0.46337049221005683
  ],
  [
   0.32575049567927405,
   0.35492616397507853,
   0.5176398114744023,
   0.4350384715441589,
   0.3618270453914205,
   0.17797251580204732,
   0.4108224276754375,
   0.4531964053961679
  ],
  [
   0.30948686395509073,
   0.3278565182428828,
   0.520609063828659,
   0.43414059366969915,
   0.340495678411148,
   0.1493261291085752,
   0.40635275001407006,
   0.43765044892344207
  ],
  [
   0.29396222327829247,
   0.3017552820969998,
   0.5275823304135291,
   0.4299844362961142,
   0.3211220665595906,
   0.1267821186611706,
   0.4050577493787951,
   0.4230179620535645
  ],
  [
   0.27664811944277234,
   0.2753725008488677,
   0.5359247481530602,
   0.4280648446780408,
   0.30127936736633704,
   0.11141097469507577,
   0.4021010816465027,
   0.41413304275853385
  ],
  [
   0.26491058799352846,
   0.2532251315555563,
   0.5428368446455831,
   0.42665177395379045,
   0.2850149672578977,
   0.09931282848519524,
   0.4009756867095167,
   0.4034182348444752
  ],
  [
   0.25520069438074094,
   0.23143588843685295,
   0.5528319750214474,
   0.42597598051546925,
   0.263247353955027,
   0.09130658634487536,
   0.3955845995898771,
   0.3928539844836534
  ],
  [
   0.2457196211939314,
   0.21461765063282537,
   0.5585866566790579,
   0.423016621132271,
   0.24713958203912245,
   0.08637557552793779,
   0.39354613831242463,
   0.38439296137949697
  ],
  [
   0.2381059335278233,
   0.19905952612554498,
   0.5656517675954542,
   0.42752810348319303,
   0.23240510014799917,
   0.08409887576349005,
   0.38994171321790566,
   0.3759571854976404
  ],
  [
   0.22949939834472732,
   0.18556473340507973,
   0.5714461226497997,
   0.4288953103810988,
   0.21987902699534997,
   0.07986854531489819,
   0.3852960488607928,
   0.36561386875251317
  ],
  [
   0.2217852874392643,
   0.17582369924842714,
   0.577232891090953,
   0.43131546973703005,
   0.21165045100109778,
   0.08047111322860968,
   0.38428264544685375,
   0.35441081754750425
  ],
  [
   0.21494926524373617,
   0.16751582624320707,
   0.586070806209998,
   0.43009486701629585,
   0.2041805817636451,
   0.07746706187637462,
   0.3856995799030116,
   0.350038114720492
  ],
  [
   0.2128974308350178,
   0.15962880464986873,
   0.5945019034238843,
   0.4320100041182406,
   0.19527236375643223,
   0.0754907213344972,
   0.38547253818650956,
   0.3405787174888702
  ],
  [
   0.20816754394394932,
   0.14992688227276674,
   0.6001957898005157,
   0.4328330656738673,
   0.1873818194139717,
   0.07535879068319988,
   0.3879242935271627,
   0.32850571042549365
  ],
  [
   0.20623864737020733,
   0.1423148198814501,
   0.6076998130111498,
   0.434037893512891,
   0.18182590796664053,
   0.07575954884679793,
   0.3936586897584276,
   0.3167440255111091
  ],
  [
   0.20397364343072258,
   0.13778362373796826,
   0.6136269226061581,
   0.42915471048440396,
   0.17562711118708874,
   0.07653800527696068,
   0.39203960490078543,
   0.3101592153491221
  ],
  [
   0.19913449539022135,
   0.131545695047498,
   0.6161652623426829,
   0.4319831416708029,
   0.17222203155594581,
   0.07629388879028158,
   0.39189997392662507,
   0.30492806422228963
  ],
  [
   0.19501982352845185,
   0.12993511682098233,
   0.626155480419598,
   0.43371870020563147,
   0.16962994714743054,
   0.07667765363583091,
   0.3897409969526892,
   0.2978229069935969
  ],
  [
   0.19370078523736278,
   0.1276011066315876,
   0.6324087030681739,
   0.43982825378922735,
   0.16557951843490534,
   0.07839709483110391,
   0.3896932629489707,
   0.29148577056358155
  ],
  [
   0.18868985990243578,
   0.12724021363160762,
   0.6389152978321849,
   0.4359439494591888,
   0.163467504960959,
   0.07830810204096322,
   0.3907412085781763,
   0.2871330312415732
  ],
  [
   0.18943577083299856,
   0.12596718584380948,
   0.6462532202926236,
   0.43736057553808433,
   0.1648301047729451,
   0.07909764122562167,
   0.39253415044714696,
   0.27672084133104796
  ],
  [
   0.18893044717379637,
   0.12455176988870853,
   0.6541223160108113,
   0.4358225883803372,
   0.16317344883896515,
   0.07826405393908886,
   0.38988837645480884,
   0.2680695301979237
  ],
  [
   0.18438438076421226,
   0.12354686484677739,
   0.6574037463940346,
   0.43366656860856523,
   0.16181055265045685,
   0.07674487284333427,
   0.39050617039607766,
   0.26401380917031936
  ],
  [
   0.18550449002454997,
   0.1209375727613576,
   0.660600691141494,
   0.43377381605268983,
   0.162108272932472,
   0.07699675060020823,
   0.3887596611381152,
   0.2587707392680932
  ],
  [
   0.18596604511002246,
   0.1177030735961044,
   0.6664106802336974,
   0.43365788616531725,
   0.15859375763723435,
   0.07642694461352238,
   0.38953031502871704,
   0.2528955627833131
  ],
  [
   0.18271601960268513,
   0.11782933043343076,
   0.6688495183416099,
   0.4313860135754762,
   0.15750326735861644,
   0.07709767766471458,
   0.39815606088857375,
   0.24832574132612506
  ],
  [
   0.18243145496444493,
   0.11920262722383558,
   0.6728241543644692,
   0.4349618216954861,
   0.15557076105039527,
   0.07706549743195308,
   0.3947500849232514,
   0.2478355704082755
  ],
  [
   0.18063348821323807,
   0.12098745715117214,
   0.6745996118209673,
   0.4349912296225739,
   0.15655445762884843,
   0.07731502534502828,
   0.39636896387348175,
   0.24497134814402477
  ],
  [
