{
 "name": "Trockene Savanne",
 "split": "train",
 "env": {
  "temperature": 0.7,
  "predation": 0.5,
  "foodAbundance": 0.5,
  "foodHeight": 0.3,
  "light": 0.9,
  "water": 0.3
 },
 "generations": 80,
 "traits": [
  "insulation",
  "size",
  "limbLength",
  "metabolism",
  "armor",
  "photosynthesis",
  "mobility",
  "structure"
 ],
 "trajectory": [
  [
   0.5003555857558147,
   0.4998556680717013,
   0.5006348919869128,
   0.5002495530544128,
   0.49980677103561183,
   0.4997878594967075,
   0.5001344176920638,
   0.4997591527196754
  ],
  [
   0.4991558625520089,
   0.4978827754594221,
   0.5013601715513627,
   0.5004681421330482,
   0.4975334661772102,
   0.4970737722863299,
   0.5006751629254708,
   0.4995611420684749
  ],
  [
   0.49238351200668856,
   0.4901260914984266,
   0.5004592214348815,
   0.5018090353616806,
   0.4946701811775787,
   0.4871874074073131,
   0.5064238209553832,
   0.49927439264273216
  ],
  [
   0.4780653498772836,
   0.47852458659885483,
   0.49912495455364975,
   0.5011776598369314,
   0.48865247825627006,
   0.47354671207564203,
   0.5164298097286689,
   0.495056490823962
  ],
  [
   0.45944527328069656,
   0.4588133338778894,
   0.49792914435556646,
   0.5001296604869939,
   0.47748108295105435,
   0.4477016408626214,
   0.5306767812053684,
   0.4865923282533311
  ],
  [
   0.43463559706872495,
   0.43423858072882754,
   0.4972547033381906,
   0.5012747111124617,
   0.46447126141606887,
   0.4146534721869366,
   0.5527371157459299,
   0.4776150078275767
  ],
  [
   0.40851220856286724,
   0.4042789357335789,
   0.4996142192928255,
   0.5081940336524619,
   0.4506193335617837,
   0.3699490656590217,
   0.586539919991289,
   0.4683171805047046
  ],
  [
   0.38019236570656156,
   0.3742237083386059,
   0.5043968606103418,
   0.5147014405489839,
   0.4365983883646634,
   0.31910399404898876,
   0.6309421534110139,
   0.45782177372157945
  ],
  [
   0.35425822912764304,
   0.34860163828527546,
   0.5117661682579929,
   0.5304228878947739,
   0.42276767186924585,
   0.2627404354082948,
   0.6787139032765275,
   0.44568975602015454
  ],
  [
   0.337353422930905,
   0.32064703404890177,
   0.5189250579214661,
   0.5453279329915683,
   0.4138003432540404,
   0.20789507307343838,
   0.7308041817066626,
   0.4305016476447426
  ],
  [
   0.3179395047352221,
   0.2995718821524829,
   0.5247778718635961,
   0.5680629235059287,
   0.4030604709483006,
   0.16662328793873257,
   0.7768748491735877,
   0.41979805330084846
  ],
  [
   0.3007386664753477,
   0.2801541721018787,
   0.533930244151562,
   0.5945114080405619,
   0.3950565207208529,
   0.13549066136741006,
   0.8146874428609205,
   0.4115582847618253
  ],
  [
   0.286520314602886,
   0.26601479566122826,
   0.5416320858719598,
   0.625099020225189,
   0.3865825399210514,
   0.11185606432254219,
   0.8499768012527146,
   0.3969837812130575
  ],
  [
   0.27576960141207135,
   0.24934035798591267,
   0.5505978665919692,
   0.6574005291421835,
   0.3791142010711534,
   0.09672416932785666,
   0.8750693526671758,
   0.3880448412705389
  ],
  [
   0.26835172077422836,
   0.2400380472718231,
   0.5619370415216,
   0.6844904068229085,
   0.37827063184466464,
   0.08782134166778877,
   0.890935765115926,
   0.38013950448511724
  ],
  [
   0.2604488731512887,
   0.22604657092845912,
   0.5729752453336201,
   0.7150508372751928,
   0.37486104793419767,
   0.0808292187249789,
   0.9044155697388528,
   0.3792629806629471
  ],
  [
   0.25124066791996624,
   0.21878225695867526,
   0.5818741579470578,
   0.7444296981206381,
   0.3713712460131308,
   0.07615279462784956,
   0.9135069701622013,
   0.3765265490664991
  ],
  [
   0.24620617321338611,
   0.20967941100114026,
   0.5870714331154799,
   0.7675512972098865,
   0.3715919795933225,
   0.07503510913718343,
   0.9192459857830371,
   0.3696557489854781
  ],
  [
   0.24400329047722802,
   0.20248639825753378,
   0.5920063675907927,
   0.7860690413317167,
   0.37695008891315385,
   0.07328457411354393,
   0.9213737052734025,
   0.362865051670797
  ],
  [
   0.2413394531541406,
   0.19648216896608015,
   0.5921932860402027,
   0.8035183147062855,
   0.3786004787050139,
   0.07185952666393587,
   0.9240289114898356,
   0.354867919000462
  ],
  [
   0.23733054492926486,
   0.19189528848215906,
   0.5982158656470246,
   0.8184112141878214,
   0.3795825409220832,
   0.070991197011514,
   0.9244179469965025,
   0.35689343872230395
  ],
  [
   0.23020069685101363,
   0.18883004157427394,
   0.604265662034974,
   0.8302134981258674,
   0.3791668410935525,
   0.07129602172487946,
   0.9267661122927136,
   0.35145570247421815
  ],
  [
   0.23076232843901134,
   0.18537315315956884,
   0.6146263497234724,
   0.8396853991453451,
   0.3843566416886523,
   0.06993344622327621,
   0.9270326663569678,
   0.34887732744326677
  ],
  [
   0.22687174693241882,
   0.1811443768773875,
   0.6187663056760765,
   0.8495395136115741,
   0.3867714323385966,
   0.07032171484140022,
   0.9268870928203047,
   0.3453009200991773
  ],
  [
   0.22271942682526166,
   0.1783462976908147,
   0.6249402590052239,
   0.8563284730020152,
   0.3880731013637389,
   0.07123963172918617,
   0.9280931152752493,
   0.34637476091777614
  ],
  [
   0.22276468586247258,
   0.17647422484309092,
   0.6292329955983493,
   0.8638627637717707,
   0.39420499308253865,
   0.07144121073036012,
   0.9272490414367432,
   0.34679061574435105
  ],
  [
   0.21980144242624297,
   0.17387047903431177,
   0.6357982398267595,
   0.8709499224457867,
   0.3967650864868995,
   0.07149499767452479,
   0.9267180906416015,
   0.34517383844086824
  ],
  [
   0.21500580987328885,
   0.17197718038050233,
   0.6436704076497678,
   0.8771048378239237,
   0.40047975241358036,
   0.07202612511696217,
   0.9268656551926453,
   0.34393820879236503
  ],
  [
   0.2161753774237192,
   0.17135636157124448,
   0.6484534504302558,
   0.879429791140085,
   0.4088230758456834,
   0.07221931705055547,
   0.9273997905336347,
   0.34216913683683564
  ],
  [
   0.21520337863160963,
   0.17021430848691543,
   0.6566554471135002,
   0.8842428213669965,
   0.41762779494260216,
   0.07030412757885676,
   0.9261459753056104,
   0.33827133458469794
  ],
  [
   0.2139454260253522,
   0.17000083714516487,
   0.660817619628685,
   0.8878449604120457,
   0.42201631562537445,
   0.07102172519233522,
   0.925747982129066,
   0.34153517375804004
  ],
  [
   0.21113107462230848,
   0.16541710709992877,
   0.6662362806111194,
   0.8880783244244291,
   0.43064793695599235,
   0.07082642378923448,
   0.9258323998576201,
   0.34006669442136
  ],
  [
   0.2145089945361216,
   0.1643041958321018,
   0.6710858662879282,
   0.8905018839648594,
   0.42911414122219727,
   0.0688844981798071,
   0.9261583861749939,
   0.3428126542874527
  ],
  [
   0.21341007846410068,
   0.1625963121502755,
   0.6786231850971015,
   0.8899184517438102,
   0.43395936689572867,
   0.07020388955365835,
   0.9259640879165169,
   0.3478090830687965
  ],
  [
   0.21624163615546585,
   0.15958420806000637,
   0.6829242183116121,
   0.8916722039590282,
   0.434581111960677,
   0.07110636644763597,
   0.926486724807662,
   0.34754643242197586
  ],
  [
   0.21808900728372319,
   0.15824649482176065,
   0.6899608978359288,
   0.8945252569174912,
   0.4447053475503435,
   0.07065004327942782,
   0.9275042880089789,
   0.34394623590031775
  ],
  [
   0.22140983191139083,
   0.15816650893555803,
   0.6952419444723658,
   0.8936678800820518,
   0.4497884139597365,
   0.07130614671775787,
   0.9286866633709825,
   0.34402230096483594
  ],
  [
   0.22176186553861307,
   0.15932721178969075,
   0.6986069887643921,
   0.8929302385741384,
   0.44765706366519736,
   0.07181190025796166,
   0.9282314745399995,
   0.3383929702551432
  ],
  [
   0.21955373735231035,
   0.16013117967974957,
   0.699854902421277,
   0.8925930824007132,
   0.45383989386966994,
   0.07278380571235354,
   0.9278872382782137,
   0.3376357528996788
  ],
  [
   0.21715934428692715,
   0.15636204926897568,
