{
 "name": "Trockene Savanne",
 "split": "train",
 "env": {
  "temperature": 0.7,
  "predation": 0.5,
  "foodAbundance": 0.5,
  "foodHeight": 0.3,
  "light": 0.9,
  "water": 0.3
 },
 "generations": 80,
 "traits": [
  "insulation",
  "size",
  "limbLength",
  "metabolism",
  "armor",
  "photosynthesis",
  "mobility",
  "structure"
 ],
 "trajectory": [
  [
   0.5003555857558147,
   0.4998556680717013,
   0.5006348919869128,
   0.5002495530544128,
   0.49980677103561183,
   0.4997878594967075,
   0.5001344176920638,
   0.4997591527196754
  ],
  [
   0.49970847318486955,
   0.4993391041799739,
   0.5011449285993174,
   0.49949004294689475,
   0.49866061945391094,
   0.49788701753241454,
   0.4994294697033734,
   0.49930813231041
  ],
  [
   0.493990755910573,
   0.4956326207035486,
   0.5002373742565902,
   0.5001481170453737,
   0.49997409500266077,
   0.4915402799618174,
   0.49656140140016225,
   0.5001983946511803
  ],
  [
   0.48361497321836033,
   0.4904704661134634,
   0.5020039682816787,
   0.4986264868773216,
   0.5005812346861161,
   0.47968537330303224,
   0.49033174918982936,
   0.5013727340428202
  ],
  [
   0.4692657975287329,
   0.48368009813939444,
   0.5024640408615774,
   0.4941752882811943,
   0.4984462966040419,
   0.46210194023810836,
   0.48415980781421264,
   0.5011249659687301
  ],
  [
   0.4504168516379827,
   0.47712524524063316,
   0.5047151411904716,
   0.48641128902395653,
   0.4956136223925827,
   0.4352408000732592,
   0.47573862257396526,
   0.4974016491633195
  ],
  [
   0.4339476574846322,
   0.4623374966289764,
   0.5056381802536611,
   0.475044753888532,
   0.4954390461895794,
   0.4066705497835332,
   0.46425294489496594,
   0.49419095565310484
  ],
  [
   0.4140028351608586,
   0.4496484636667896,
   0.5060795204256999,
   0.4641178990080082,
   0.4910523159662393,
   0.3717297811517218,
   0.4524168730473997,
   0.4900011162071228
  ],
  [
   0.3941376833543076,
   0.43405678517610996,
   0.5048325656831976,
   0.454613590477426,
   0.4870978263398345,
   0.33050549399680207,
   0.4428815933218419,
   0.4851603659035721
  ],
  [
   0.36942033538009533,
   0.4152898145933821,
   0.5098753666632386,
   0.45053227702860305,
   0.48461864339155825,
   0.28875065117335824,
   0.430630707983485,
   0.4743674785663982
  ],
  [
   0.3492172543226176,
   0.3905032349107571,
   0.5124838005628699,
   0.4461648508770759,
   0.48136779752237363,
   0.2458844303215306,
   0.4248261160035287,
   0.45955212850555033
  ],
  [
   0.33058963745703684,
   0.37023368168257104,
   0.5160591440448221,
   0.4385097923664412,
   0.47070303279422027,
   0.20527319327890328,
   0.4157234660380156,
   0.4477328261353313
  ],
  [
   0.3123391035997316,
   0.34675068231649747,
   0.5199125787488499,
   0.4363374985584632,
   0.46273932261822887,
   0.17156490018256423,
   0.40966761609710356,
   0.4359699341632041
  ],
  [
   0.2959778058692188,
   0.3214368805111902,
   0.5226807086632839,
   0.432142161706871,
   0.4559124723491553,
   0.147454768073499,
   0.4022033352611378,
   0.4267736898118338
  ],
  [
   0.28010012011607427,
   0.2968367619387335,
   0.5286498639818473,
   0.4291926053145962,
   0.45033780475865,
   0.12612695897177253,
   0.3918077867638636,
   0.41868233256757037
  ],
  [
   0.2678700140778263,
   0.2718327451597843,
   0.5336194654686709,
   0.4301410302051516,
   0.4456308449155237,
   0.11105662896492981,
   0.38828312735556714,
   0.40680665577739683
  ],
  [
   0.2562044825598905,
   0.24979210750079187,
   0.5382344562725203,
   0.42841186007522336,
   0.43813314615860294,
   0.0998139059307029,
   0.3847134155040303,
   0.39605941755907254
  ],
  [
   0.24790461420577037,
   0.23026805985711107,
   0.5465635876349042,
   0.42584439918203865,
   0.4298945706274897,
   0.09275532389262053,
   0.3822585785473868,
   0.3853931999740692
  ],
  [
   0.24063592374204856,
   0.21393793075298018,
   0.5553129235380901,
   0.4252599410170395,
   0.42376032100816136,
   0.08881714230524108,
   0.3786156432867486,
   0.37060392979109363
  ],
  [
   0.23279302036702812,
   0.19749789801540216,
   0.5650150255360461,
   0.42138692118302584,
   0.41771782636096927,
   0.08409698427635998,
   0.37718592247444355,
   0.3594639894397083
  ],
  [
   0.22707255335111207,
   0.18413296238023516,
   0.5708458257884793,
   0.4163571520352825,
   0.4113623956685148,
   0.08212000501563549,
   0.37604955246666244,
   0.3501995193830086
  ],
  [
   0.21840310112017733,
   0.1749252258854984,
   0.5784650067281577,
   0.4176444678175955,
   0.40123918901856176,
   0.08081483858364416,
   0.3721342709681464,
   0.34281886253636
  ],
  [
   0.2124351178844466,
   0.1648754068720051,
   0.5890655552899171,
   0.417557960109942,
   0.39655058643414387,
   0.07940662260528793,
   0.3722097995243823,
   0.32534525811601883
  ],
  [
   0.20968302815074794,
   0.15538285978302324,
   0.5948936926536565,
   0.41757965234497424,
   0.3893663724224921,
   0.07960936813896816,
   0.371900515054391,
   0.30830544096813844
  ],
  [
   0.20385449833094038,
   0.14608385786724334,
   0.5987341106080405,
   0.4153082349552677,
   0.3862520366067779,
   0.07985162242184105,
   0.37466006740619123,
   0.2962845711757422
  ],
  [
   0.20048593589059313,
   0.13819266560659568,
   0.6010331925033051,
   0.41357718466539667,
   0.37763388795751857,
   0.07758448009162876,
   0.37301679553712974,
   0.28732418796977943
  ],
  [
   0.19926545624697256,
   0.13370971562032227,
   0.6087125676882928,
   0.4096455547019476,
   0.37718500080443307,
   0.07889374422360379,
   0.37193336054368453,
   0.2783978909718469
  ],
  [
   0.19591063874319,
   0.13024019494391129,
   0.6155111684037772,
   0.41290381884773947,
   0.3719947311194325,
   0.07636968820612401,
   0.3709183651619486,
   0.27001683441865754
  ],
  [
   0.189632368838086,
   0.1284869187393153,
   0.6206285724467077,
   0.41131214466486105,
   0.3700608252662858,
   0.07783490576925943,
   0.36944123165198234,
   0.26390752811644885
  ],
  [
   0.18661503507658084,
   0.12595106039550127,
   0.6264947136007566,
   0.41210588115279556,
   0.36755830549368457,
   0.07915124564488833,
   0.36874852092279586,
   0.2583399614712818
  ],
  [
   0.18553960101356748,
   0.12273276399830786,
   0.6286118184621156,
   0.4104129258827222,
   0.3650807202668113,
   0.07892702710015737,
   0.3675379154403468,
   0.2545146617046194
  ],
  [
   0.18349658308856706,
   0.12004476631455767,
   0.6306363113704327,
   0.4099483434811539,
   0.3632123176675069,
   0.0789755881396657,
   0.3673198012699033,
   0.24856018475278097
  ],
  [
   0.18461630052121325,
   0.12067201074335633,
   0.6351733894458057,
   0.40639703542377004,
   0.35688995825800257,
   0.07790282563992683,
   0.36791241330833874,
   0.24329416790666833
  ],
  [
   0.18191435496928213,
   0.117397269848318,
   0.6391899747323271,
   0.40727401467039664,
   0.3548007650920875,
   0.07765422872310064,
   0.36642054326692247,
   0.24007907354160454
  ],
  [
   0.1838998272191311,
   0.11771153453141109,
   0.6430243067792529,
   0.41237879059511146,
   0.353266544376702,
   0.07730396152729961,
   0.3656639172920071,
   0.2380279364834171
  ],
  [
   0.18226880617299102,
   0.11663049620099512,
   0.6485029496088804,
   0.4187819284277667,
   0.35104511178339143,
   0.07755071153163719,
   0.3710381420906897,
   0.23075310215095057
  ],
  [
   0.1831538140188077,
   0.11594431704041776,
   0.6496023103988485,
   0.4164843951667742,
   0.3489888126784732,
   0.07739309101114138,
   0.37577670350151166,
   0.22592802185645655
  ],
  [
   0.18017535189286674,
   0.11708356617102657,
   0.6507904535858975,
   0.4170157902247497,
   0.3470471341176686,
   0.07650237300441749,
   0.3749715315010517,
   0.2200524787237622
  ],
  [
   0.17889230412397403,
   0.11749678346351966,
   0.649954996467229,
   0.41609150966567543,
   0.34524630999983147,
   0.07844218050904271,
   0.37575877308725764,
   0.21555796199681698
  ],
  [
   0.17738607046935984,
