{
 "name": "Trockene Savanne",
 "split": "train",
 "env": {
  "temperature": 0.7,
  "predation": 0.5,
  "foodAbundance": 0.5,
  "foodHeight": 0.3,
  "light": 0.9,
  "water": 0.3
 },
 "generations": 80,
 "traits": [
  "insulation",
  "size",
  "limbLength",
  "metabolism",
  "armor",
  "photosynthesis",
  "mobility",
  "structure"
 ],
 "trajectory": [
  [
   0.5003555857558147,
   0.4998556680717013,
   0.5006348919869128,
   0.5002495530544128,
   0.49980677103561183,
   0.4997878594967075,
   0.5001344176920638,
   0.4997591527196754
  ],
  [
   0.49954425369704997,
   0.49944047591388946,
   0.5013509985357039,
   0.5000657172538939,
   0.498651667595103,
   0.498735818228133,
   0.4997785364498452,
   0.4998141164353059
  ],
  [
   0.4945351135757581,
   0.496866002121447,
   0.5010791001674877,
   0.4991769336011774,
   0.5003132759312244,
   0.49576111862681643,
   0.5000667807176266,
   0.5015675199404451
  ],
  [
   0.4845018369019589,
   0.49547416269682737,
   0.5007173415033029,
   0.4939821280048804,
   0.5003393384555245,
   0.4900837027297753,
   0.5003477765767713,
   0.5032443573820735
  ],
  [
   0.47168690641508476,
   0.48975212011760033,
   0.500515902109803,
   0.4848916358385172,
   0.5002068627446875,
   0.48052081410896125,
   0.4983733964255274,
   0.5027103692762881
  ],
  [
   0.4537426866984005,
   0.4842194606091716,
   0.4987123790033288,
   0.4734533075114558,
   0.5003803086863962,
   0.4697628112070813,
   0.49962486932325906,
   0.5006748116697307
  ],
  [
   0.4353794174722039,
   0.4763803380491629,
   0.5006135561067996,
   0.4595721022080486,
   0.49973228805157827,
   0.4566066393471009,
   0.49782967018545504,
   0.5003813098964794
  ],
  [
   0.41700187400464794,
   0.4671067137635095,
   0.4996419110138514,
   0.44591910432454357,
   0.4954256669056433,
   0.4364828829321697,
   0.49754188714962466,
   0.49783730905511087
  ],
  [
   0.3995014295925368,
   0.4527746987530252,
   0.5039690074489088,
   0.4275644472490856,
   0.49066922391741946,
   0.4096100107453229,
   0.49994615248628027,
   0.4939762180731008
  ],
  [
   0.37930877803304514,
   0.44067858707903346,
   0.5066699663025088,
   0.41265917802775015,
   0.4873392570894916,
   0.38077533165586713,
   0.5043771508483182,
   0.48878479287691917
  ],
  [
   0.3613865224562672,
   0.4225776719817646,
   0.5087052864455099,
   0.3922956722635766,
   0.48259732815336615,
   0.34891565377727,
   0.5126276568505527,
   0.4813493986165962
  ],
  [
   0.34045362987049615,
   0.4053964878883569,
   0.5084695432625316,
   0.37585217606404964,
   0.48096150584475583,
   0.3139817901011305,
   0.521396041115938,
   0.47458106026567437
  ],
  [
   0.32875056197434965,
   0.38543516793906774,
   0.5134570285507504,
   0.36045758060597,
   0.4757583146624016,
   0.2810433089358776,
   0.524463410901809,
   0.46991660673552854
  ],
  [
   0.3126450318180845,
   0.355079916540659,
   0.5173738494716019,
   0.34713707970634394,
   0.47101907067846377,
   0.250693604568649,
   0.5349690439500486,
   0.46605124824945965
  ],
  [
   0.2985987780498046,
   0.33169261353298585,
   0.5205938967179061,
   0.32991921036916466,
   0.46359818375933054,
   0.22161534413779574,
   0.5430335396910677,
   0.4564756698439065
  ],
  [
   0.28482830699474565,
   0.3011000279773337,
   0.5290069108618471,
   0.3215958831963686,
   0.4611278731154696,
   0.19208567329631268,
   0.5519958356395943,
   0.4462586953073511
  ],
  [
   0.27451649488095115,
   0.2749151728644455,
   0.5333370275505713,
   0.308753122314166,
   0.45849135750579123,
   0.167683268524501,
   0.5628628791634869,
   0.4369493925067314
  ],
  [
   0.2642917661688657,
   0.2531228807844894,
   0.5391822968304708,
   0.3006687631450476,
   0.44737309646881607,
   0.14972633301713337,
   0.5745755560059941,
   0.4269434939200039
  ],
  [
   0.25200020165257137,
   0.2341550222504475,
   0.5489995962536245,
   0.291154128757321,
   0.43366116363348756,
   0.13343249574604762,
   0.5843376867378424,
   0.4122433290288224
  ],
  [
   0.24035037623969732,
   0.21496954795870396,
   0.5577178979658649,
   0.28949891851304643,
   0.42728841175158033,
   0.12197697992299934,
   0.5993043790192149,
   0.39467935455228353
  ],
  [
   0.23064910867114427,
   0.2034381600319092,
   0.5662214210594874,
   0.2872747171332745,
   0.42297800202257596,
   0.11139870807539652,
   0.6148683405497563,
   0.38543195276789133
  ],
  [
   0.22289817125260045,
   0.1906591399002501,
   0.5755907719839983,
   0.285420777152681,
   0.40919093430510173,
   0.10468414442075795,
   0.6228993406010243,
   0.3744208643231464
  ],
  [
   0.2164749877558626,
   0.18041326567866914,
   0.587124982983298,
   0.27974478639290096,
   0.40187311856480384,
   0.09793684400806929,
   0.6307467685419298,
   0.3610904580869408
  ],
  [
   0.20949212043838658,
   0.16916792491262292,
   0.5934220461886198,
   0.2781164150278738,
   0.3966474622462584,
   0.09262870566181142,
   0.6382755953628948,
   0.34035728044454183
  ],
  [
   0.20213716174115423,
   0.15761758636105366,
   0.5982755438634167,
   0.27617333486643164,
   0.3823212218055018,
   0.09083795827876161,
   0.6500183641161398,
   0.3285046313196274
  ],
  [
   0.20039894488525659,
   0.14805157008889153,
   0.606214423615625,
   0.2745343132889493,
   0.37302548733037466,
   0.08767725901803225,
   0.6610948577100898,
   0.3156239451120512
  ],
  [
   0.19674316748506185,
   0.13989959534546753,
   0.6142046274553116,
   0.2712326006673165,
   0.35712211299323954,
   0.08738814593797228,
   0.6659076659156479,
   0.30631661049770226
  ],
  [
   0.18901588517061663,
   0.13344384845685606,
   0.6219033638643445,
   0.27425117937689203,
   0.34691632959405916,
   0.08539402491801967,
   0.6722351625655106,
   0.2918170382139267
  ],
  [
   0.18769285961701546,
   0.1294827449187054,
   0.6309967751182587,
   0.2709681372358332,
   0.340905115376017,
   0.08374195790589078,
   0.6776163750809342,
   0.2853122192335862
  ],
  [
   0.18541334513497557,
   0.12614403468715768,
   0.6357494983366764,
   0.27344165880275656,
   0.334337871338894,
   0.08297575373774341,
   0.684134723733822,
   0.2724891066608087
  ],
  [
   0.1798237748533499,
   0.12416442276669976,
   0.6407362901951376,
   0.2767886198868227,
   0.32001625179624377,
   0.08189780381520635,
   0.6911669304470425,
   0.2662065098751529
  ],
  [
   0.17475079207508115,
   0.120506430491088,
   0.6489857066786925,
   0.27791711776468303,
   0.3147752960235957,
   0.08064325048181546,
   0.6957299479959739,
   0.2548990186834919
  ],
  [
   0.17195978915810461,
   0.11737628979628527,
   0.6546862333892745,
   0.27836526410266105,
   0.3106349347301493,
   0.07901817568259263,
   0.7009506062376211,
   0.24415728251605354
  ],
  [
   0.17520845776880312,
   0.11498978074329487,
   0.6611272884494307,
   0.28052294190651056,
   0.30298661186192016,
   0.07723961110732465,
   0.7104666384840567,
   0.23969822262796744
  ],
  [
   0.17734582660981713,
   0.11243547541145231,
   0.6678507296883639,
   0.28555370488367543,
   0.29713053429843744,
   0.07692216338766854,
   0.7167280806935666,
   0.23244232846231627
  ],
  [
   0.17763360042179688,
   0.112141966402403,
   0.6719120748310732,
   0.2914361457111658,
   0.2883449728696746,
   0.07663408849892413,
   0.7187346437259245,
   0.22616444641325603
  ],
  [
   0.1782039336654261,
   0.11264215891210505,
   0.6685225121573378,
   0.29396946061812396,
   0.2830565073141497,
   0.0759165942239478,
   0.7276950234674925,
   0.22016051497768738
  ],
  [
   0.1797717462306676,
   0.11151949546685219,
   0.6742652431474229,
   0.2999200941858006,
   0.27591834520691677,
   0.07582376343364532,
   0.7289800635217216,
   0.21419555311214544
  ],
  [
   0.17958181786515204,
   0.11328023619275246,
   0.6745478958995156,
   0.30656572441355595,
   0.27011530089511093,
   0.07663732312150792,
   0.736045223765271,
   0.21095934394110802
  ],
  [
   0.17582657810343003,
   0.11281305163518636,
