{
 "name": "Trockene Savanne",
 "split": "train",
 "env": {
  "temperature": 0.7,
  "predation": 0.5,
  "foodAbundance": 0.5,
  "foodHeight": 0.3,
  "light": 0.9,
  "water": 0.3
 },
 "generations": 80,
 "traits": [
  "insulation",
  "size",
  "limbLength",
  "metabolism",
  "armor",
  "photosynthesis",
  "mobility",
  "structure",
  "wing"
 ],
 "trajectory": [
  [
   0.4991898287623622,
   0.4997065634827101,
   0.5001561244775644,
   0.5006984386424967,
   0.5003491935357325,
   0.5001629330209723,
   0.5002618699483379,
   0.5001433453474952,
   0.4998505652377894
  ],
  [
   0.49929002276204065,
   0.49921933094150656,
   0.5000283459625114,
   0.49926891223046765,
   0.5008401820648644,
   0.4994058050852131,
   0.4999975879581171,
   0.5003078622023771,
   0.4982649182207637
  ],
  [
   0.4954139504435868,
   0.4982668940273827,
   0.499374764755443,
   0.4991430348795267,
   0.5010477865879764,
   0.49687802126565117,
   0.4960075738724618,
   0.5002613350398363,
   0.497616261297908
  ],
  [
   0.48599727907106627,
   0.4941562321207884,
   0.5013704162689178,
   0.4953010043153867,
   0.49696026312658437,
   0.4883820584634477,
   0.4913647065082796,
   0.49904939934880915,
   0.4973959132196313
  ],
  [
   0.4752493171620081,
   0.487460308144775,
   0.5003983054892233,
   0.48760673727415965,
   0.4927185179640396,
   0.475321628232558,
   0.48538452301222695,
   0.4991115429121675,
   0.4922137593363549
  ],
  [
   0.46035089167160087,
   0.4796446127651428,
   0.4987393608568931,
   0.4802088181961315,
   0.48438529648728507,
   0.45637559466948113,
   0.47865640370372037,
   0.49765170486298427,
   0.4843305426846285
  ],
  [
   0.4457422975826903,
   0.4685751158564209,
   0.49980732803601297,
   0.47476035007305556,
   0.47634095979159613,
   0.43277013990290697,
   0.47399792896489196,
   0.49627095366905755,
   0.4755138196512538
  ],
  [
   0.4240053981806932,
   0.4575602749236074,
   0.49822391504927754,
   0.4690259950588605,
   0.4634689712519633,
   0.40529727625621487,
   0.4666969759220852,
   0.4916279041330618,
   0.4623932568023368
  ],
  [
   0.3981557752516676,
   0.4428994223603293,
   0.49710084145791394,
   0.46341825426506283,
   0.4514913056542749,
   0.3703146206612047,
   0.4559700009607628,
   0.4894585211943238,
   0.4474759213891382
  ],
  [
   0.37967032741124634,
   0.4248880539053512,
   0.49830649606591776,
   0.45829753376685906,
   0.43447090581521436,
   0.32755881304370327,
   0.4503526747814643,
   0.4849372906668888,
   0.42568246468173504
  ],
  [
   0.36166468073860547,
   0.40383719455485384,
   0.49915310535249585,
   0.45228898237442,
   0.4156560988586145,
   0.2838821821328871,
   0.4411862430716336,
   0.47813614129003995,
   0.40613629791990036
  ],
  [
   0.3426047023783964,
   0.3776975271092504,
   0.4977845295406045,
   0.4453657205065664,
   0.39617256785204163,
   0.24238894614357695,
   0.43532301118323585,
   0.46613981559732665,
   0.38225273531852205
  ],
  [
   0.32267602251458166,
   0.343384968514248,
   0.49489904276714153,
   0.442906282903629,
   0.37399015432460375,
   0.19940309899308284,
   0.4229226411833806,
   0.4525761938060448,
   0.360866858135819
  ],
  [
   0.305841050279316,
   0.31093117277888943,
   0.49961154959631715,
   0.4415530952798205,
   0.35232257884644946,
   0.1651249130151329,
   0.4164989866378139,
   0.4393118545263519,
   0.3381538044084775
  ],
  [
   0.2900569896779826,
   0.28166500249904897,
   0.5010831420980154,
   0.4420563217692855,
   0.3330613369736553,
   0.13953533222590195,
   0.4137335070421088,
   0.4257840864958675,
   0.31964332584931116
  ],
  [
   0.274767103132598,
   0.2567052587534832,
   0.5016633519172382,
   0.4428410791151247,
   0.30996119123616095,
   0.11730026516223914,
   0.4087236810175207,
   0.4113043896847907,
   0.29693318507467903
  ],
  [
   0.2608653325145009,
   0.23434768100201822,
   0.504350614499789,
   0.4434520790631232,
   0.2852057568947666,
   0.10332495755845794,
   0.4045433380297043,
   0.3989751798180739,
   0.27337424416306394
  ],
  [
   0.25029209200157965,
   0.21590471584150192,
   0.508334026658818,
   0.44215046248341694,
   0.2623349232665953,
   0.09407933058532497,
   0.40510457887469015,
   0.38674730060204215,
   0.2541325730747284
  ],
  [
   0.24273143407240916,
   0.19569424900713941,
   0.5128672215463108,
   0.4469163880304283,
   0.24822620525176042,
   0.08838056447258673,
   0.40204971003554174,
   0.3738035190823479,
   0.23633235303841962
  ],
  [
   0.23336998530011946,
   0.17698025145153248,
   0.5177280610124554,
   0.44696626547853113,
   0.23580279877099355,
   0.0862256335583488,
   0.4013849414107924,
   0.36836076587096733,
   0.220557455764675
  ],
  [
   0.22847738112641258,
   0.16486469302580578,
   0.5233795093081083,
   0.4468177036283873,
   0.22311257041475627,
   0.08281463316565599,
   0.39723269300283515,
   0.3568389415736513,
   0.20448885666516423
  ],
  [
   0.2213537756587132,
   0.15362038782528065,
   0.5282223454635903,
   0.4435106608809969,
   0.21585304719707696,
   0.07891094576001223,
   0.3975659032434336,
   0.3487024746874023,
   0.1921544337113489
  ],
  [
   0.2146673073191221,
   0.14649514969996102,
   0.5291218449671519,
   0.44803848804795865,
   0.20557870404264245,
   0.07861703094145561,
   0.39663559921378105,
   0.33972113939962423,
   0.1839083682933057
  ],
  [
   0.21250369570797037,
   0.139251137388947,
   0.5335059757560222,
   0.4436971236647618,
   0.1970491290266102,
   0.07794492999973811,
   0.3942232275315721,
   0.3322757664978692,
   0.1750586559050307
  ],
  [
   0.207103242888842,
   0.13570129840303083,
   0.5434559676467193,
   0.4424037278880369,
   0.18666838749705164,
   0.07549554576843462,
   0.38971043894765267,
   0.32142228683482027,
   0.16837506924797188
  ],
  [
   0.20152991290556055,
   0.13438386979620146,
   0.5443596060071009,
   0.4418669671153896,
   0.180778840616767,
   0.07542846530123758,
   0.38634748303688876,
   0.3136505787459365,
   0.16195511886834496
  ],
  [
   0.19816187922225123,
   0.13144364778952336,
   0.5570600903501183,
   0.4414578700771193,
   0.17557971775075323,
   0.076089811393963,
   0.39112630557475075,
   0.30748659108697424,
   0.1546227152989719
  ],
  [
   0.1962816521826386,
   0.1289478685180687,
   0.5645389227306975,
   0.4417410485793986,
   0.1742284351375181,
   0.0768039849286737,
   0.387544649954534,
   0.2988042202623843,
   0.14836489577901588
  ],
  [
   0.19544722272507362,
   0.12612803425103333,
   0.5697522887530507,
   0.4386715321613554,
   0.17021030463837414,
   0.07731556008427885,
   0.38679728515155953,
   0.2900536322800098,
   0.14507603492364243
  ],
  [
   0.1911503143929609,
   0.12254378666774345,
   0.5776542716461784,
   0.43870450759918844,
   0.1686280100776888,
   0.07779390990165753,
   0.3865188807831715,
   0.2853685729742187,
   0.14056172451078455
  ],
  [
   0.18999614021767205,
   0.12019784728457132,
   0.5854765243125412,
   0.4385997805652651,
   0.16728096313978377,
   0.07818632930862633,
   0.38668515389136465,
   0.2758309437156263,
   0.13961862118330257
  ],
  [
   0.1854070255637292,
   0.1188985414064289,
   0.5885835084252354,
   0.4450624131292991,
   0.16603563250770548,
   0.07880417968949265,
   0.38556339374732845,
   0.26870886306172864,
   0.14095748274953876
  ],
  [
   0.1842369340844184,
   0.11566176119662337,
   0.5949173697065563,
   0.44091448639059355,
   0.16280079626798946,
   0.08138000496958674,
   0.3882490240463712,
   0.2664418565248881,
   0.13789156742789901
  ],
  [
   0.18599287730783629,
   0.11608908715881144,
   0.6010269344791276,
   0.44264364420088115,
   0.1582274939015369,
   0.08074196989452596,
   0.38723042606215885,
   0.2638869913925059,
   0.13147536414845895
  ],
  [
   0.1861316231955219,
   0.11580317403280761,
   0.6053214949790523,
   0.44503789610761935,
   0.1569953764041781,
   0.08119729835671627,
   0.3880016567263415,
   0.2592795521063822,
